-- phpMyAdmin SQL Dump
-- version 4.9.7
-- https://www.phpmyadmin.net/
--
-- Host: localhost
-- Generation Time: May 05, 2021 at 09:14 AM
-- Server version: 5.7.30
-- PHP Version: 7.3.11

SET SQL_MODE = "NO_AUTO_VALUE_ON_ZERO";
SET AUTOCOMMIT = 0;
START TRANSACTION;
SET time_zone = "+00:00";


/*!40101 SET @OLD_CHARACTER_SET_CLIENT=@@CHARACTER_SET_CLIENT */;
/*!40101 SET @OLD_CHARACTER_SET_RESULTS=@@CHARACTER_SET_RESULTS */;
/*!40101 SET @OLD_COLLATION_CONNECTION=@@COLLATION_CONNECTION */;
/*!40101 SET NAMES utf8mb4 */;

--
-- Database: `inventory-db`
--

-- --------------------------------------------------------

--
-- Table structure for table `approvers`
--

CREATE TABLE `approvers` (
  `id` int(11) NOT NULL,
  `user_id` int(11) DEFAULT NULL,
  `module` varchar(32) DEFAULT NULL,
  `insert_datetime` timestamp NULL DEFAULT CURRENT_TIMESTAMP
) ENGINE=InnoDB DEFAULT CHARSET=latin1 ROW_FORMAT=COMPACT;

--
-- Dumping data for table `approvers`
--

INSERT INTO `approvers` (`id`, `user_id`, `module`, `insert_datetime`) VALUES
(1, 1, 'sales_transaction', '2020-07-17 01:20:13'),
(3, 5, 'deliveries', '2020-07-17 01:22:21'),
(5, 2, 'inventoryadjustments', '2020-07-17 01:22:48'),
(6, 4, 'pullouts', '2020-07-17 01:23:09'),
(7, 4, 'returns', '2020-07-17 01:25:44'),
(9, 3, 'sales_transaction', '2020-07-17 01:26:34'),
(10, 1, 'inventoryadjustments', '2020-07-17 04:04:46'),
(11, 1, 'deliveries', '2020-07-17 05:33:05'),
(12, 2, 'deliveries', '2020-07-17 05:35:01'),
(13, 1, 'returns', '2020-08-14 04:50:54'),
(14, 6, 'receiving', '2020-08-19 01:55:13'),
(15, 2, 'sales_transaction', '2020-09-02 07:19:45'),
(16, 1, 'receiving', '2020-10-30 03:49:24'),
(17, 7, 'receiving', '2020-11-13 01:46:50'),
(18, 7, 'sales_transaction', '2020-11-13 03:01:34'),
(19, 7, 'deliveries', '2021-02-03 08:08:07'),
(20, 2, 'replenishments', '2021-02-03 08:14:59'),
(21, 7, 'replenishments', '2021-02-03 08:15:06'),
(22, 1, 'replenishments', '2021-05-03 13:25:10');

-- --------------------------------------------------------

--
-- Table structure for table `deliveries`
--

CREATE TABLE `deliveries` (
  `id` int(10) UNSIGNED NOT NULL,
  `transaction_number` varchar(191) COLLATE utf8mb4_unicode_ci DEFAULT NULL,
  `destination_warehouse_id` int(11) DEFAULT NULL,
  `source_warehouse_id` int(11) DEFAULT NULL,
  `source_document` varchar(191) COLLATE utf8mb4_unicode_ci DEFAULT NULL,
  `delivery_date` date DEFAULT NULL,
  `prepared_by` varchar(191) COLLATE utf8mb4_unicode_ci DEFAULT NULL,
  `contact_person` varchar(191) COLLATE utf8mb4_unicode_ci DEFAULT NULL,
  `status` int(11) DEFAULT NULL,
  `created_at` timestamp NULL DEFAULT NULL,
  `updated_at` timestamp NULL DEFAULT NULL,
  `notes` text COLLATE utf8mb4_unicode_ci,
  `approved_by` int(11) DEFAULT NULL,
  `approved_datetime` datetime DEFAULT NULL,
  `approval_notes` text COLLATE utf8mb4_unicode_ci
) ENGINE=InnoDB DEFAULT CHARSET=utf8mb4 COLLATE=utf8mb4_unicode_ci ROW_FORMAT=COMPACT;

--
-- Dumping data for table `deliveries`
--

INSERT INTO `deliveries` (`id`, `transaction_number`, `destination_warehouse_id`, `source_warehouse_id`, `source_document`, `delivery_date`, `prepared_by`, `contact_person`, `status`, `created_at`, `updated_at`, `notes`, `approved_by`, `approved_datetime`, `approval_notes`) VALUES
(1, 'DR0000001', 5, 1, 'DN 00001', '2020-07-17', '1', 'ODYSSEUS TALION', 2, '2020-07-17 12:31:43', '2020-09-16 10:15:02', NULL, NULL, NULL, NULL),
(2, 'DR0000002', 6, 1, 'DR-002', '2020-09-10', '3', 'MARCOS URBI', 2, '2020-09-10 14:34:13', '2020-09-16 10:14:48', '3 DAY SALE ON SEPTEMBER 15 \r\nREQUEST MORE STOCKS', NULL, NULL, NULL),
(3, 'DR0000003', 6, 1, 'DR 123', '2020-10-30', '1', 'ALISA ESTIPONA', 3, '2020-10-30 10:27:51', '2020-10-30 12:09:41', NULL, NULL, NULL, NULL),
(4, 'DR0000004', 6, 1, 'DR 1234', '2020-10-30', '1', 'ALISA ESTIPONA', 2, '2020-10-30 12:29:19', '2020-10-30 12:30:04', NULL, NULL, NULL, NULL),
(5, 'DR0000005', 9, 1, 'XD-19837', '2020-11-11', '7', 'john latido', 3, '2020-11-11 10:03:00', '2020-11-24 13:14:28', NULL, NULL, NULL, NULL),
(6, 'DR0000006', 9, 1, 'XD-938', '2020-11-11', '7', 'JOHN LATIDO', 3, '2020-11-11 10:24:48', '2020-11-24 13:14:36', NULL, NULL, NULL, NULL),
(7, 'DR0000007', 9, 1, 'XD-197', '2020-11-11', '7', 'JOHN LATIDO', 3, '2020-11-11 10:29:56', '2020-11-24 13:14:43', NULL, NULL, NULL, NULL),
(8, 'DR0000008', 9, 1, 'XD-200', '2020-11-11', '7', 'JOHN LATIDO', 3, '2020-11-11 10:42:20', '2020-11-24 13:14:51', NULL, NULL, NULL, NULL),
(9, 'DR0000009', 9, 1, 'XD-0201', '2020-11-11', '7', 'JOHN LATIDO', 3, '2020-11-11 10:49:07', '2020-11-24 13:14:58', NULL, NULL, NULL, NULL),
(10, 'DR0000010', 9, 1, 'XD-O202', '2020-11-11', '7', 'JOHN LATIDO', 3, '2020-11-11 12:03:25', '2020-11-24 13:15:07', NULL, NULL, NULL, NULL),
(11, 'DR0000011', 9, 1, 'XD-0203', '2020-11-11', '7', 'JOHN LATIDO', 3, '2020-11-11 12:08:44', '2020-11-13 09:51:28', NULL, NULL, NULL, NULL),
(12, 'DR0000012', 9, 1, 'XD-0204', '2020-11-11', '7', 'JOHN LATIDO', 3, '2020-11-11 12:14:25', '2020-11-13 09:51:38', NULL, NULL, NULL, NULL),
(13, 'DR0000013', NULL, NULL, NULL, '2020-11-11', '7', NULL, 0, '2020-11-11 12:14:44', '2020-11-11 12:14:44', NULL, NULL, NULL, NULL),
(14, 'DR0000014', 9, 1, 'XD-0205', '2020-11-11', '7', 'JOHN LATIDO', 3, '2020-11-11 12:18:04', '2020-11-13 09:52:35', NULL, NULL, NULL, NULL),
(15, 'DR0000015', NULL, NULL, NULL, '2020-11-11', '7', NULL, 0, '2020-11-11 12:18:51', '2020-11-11 12:18:51', NULL, NULL, NULL, NULL),
(16, 'DR0000016', 9, 1, '-XD-197', '2020-11-13', '7', 'JOHN LATIDO', 3, '2020-11-13 08:01:58', '2020-11-13 09:52:47', NULL, NULL, NULL, NULL),
(17, 'DR0000017', 9, 1, '-XD-198', '2020-11-13', '7', 'JOHN LATIDO', 3, '2020-11-13 08:03:18', '2020-11-13 09:52:59', NULL, NULL, NULL, NULL),
(18, 'DR0000018', 9, 1, '-XD-0199', '2020-11-13', '7', 'JOHN LATIDO', 3, '2020-11-13 08:05:39', '2020-11-13 09:53:47', NULL, NULL, NULL, NULL),
(19, 'DR0000019', 9, 1, '-XD-0199', '2020-11-13', '7', 'JOHN LATIDO', 3, '2020-11-13 08:09:03', '2020-11-13 09:54:05', NULL, NULL, NULL, NULL),
(20, 'DR0000020', 9, 1, '-XD-0204', '2020-11-13', '7', 'JOHN LATIDO', 3, '2020-11-13 08:11:21', '2020-11-13 09:54:21', NULL, NULL, NULL, NULL),
(21, 'DR0000021', 9, 1, '-XD-0197', '2020-11-13', '7', 'JOHN LATIDO', 3, '2020-11-13 08:34:51', '2020-11-13 09:55:26', NULL, NULL, NULL, NULL),
(22, 'DR0000022', 9, 1, '-XD-0199', '2020-11-13', '7', 'JOHN LATIDO', 3, '2020-11-13 08:36:41', '2020-11-13 09:55:40', NULL, NULL, NULL, NULL),
(23, 'DR0000023', 9, 1, 'XD-389', '2020-12-18', '1', 'JOHN LATIDO', 2, '2020-12-18 09:17:36', '2020-12-18 10:21:37', NULL, NULL, NULL, NULL),
(24, 'DR0000024', 9, 1, 'XD-390', '2020-12-18', '1', 'JOHN LATIDO', 2, '2020-12-18 09:24:45', '2020-12-18 10:18:36', NULL, NULL, NULL, NULL),
(25, 'DR0000025', 9, 1, 'XD-391', '2020-12-18', '1', 'JOHN LATIDO', 2, '2020-12-18 09:34:53', '2020-12-18 10:17:46', NULL, NULL, NULL, NULL),
(26, 'DR0000026', 9, 1, 'XD-392', '2020-12-18', '1', 'JOHN LATIDO', 2, '2020-12-18 09:44:36', '2020-12-18 10:16:12', NULL, NULL, NULL, NULL),
(27, 'DR0000027', 9, 1, 'XD-393', '2020-12-18', '1', 'JOHN LATIDO', 2, '2020-12-18 09:49:08', '2020-12-18 10:15:14', NULL, NULL, NULL, NULL),
(28, 'DR0000028', 9, 1, 'XD-394', '2020-12-18', '1', 'JOHN LATIDO', 2, '2020-12-18 09:53:10', '2020-12-18 10:13:40', NULL, NULL, NULL, NULL),
(29, 'DR0000029', NULL, 1, NULL, '2020-12-18', '1', 'JOHN LATIDO', 0, '2020-12-18 09:56:23', '2020-12-18 09:56:23', NULL, NULL, NULL, NULL),
(30, 'DR0000030', 9, 2, 'XD-395', '2020-12-18', '1', 'JOHN LATIDO', 10, '2020-12-18 10:04:27', '2020-12-18 10:05:47', NULL, NULL, NULL, NULL),
(31, 'DR0000031', NULL, 1, NULL, '2020-12-18', '1', 'JOHN LATIDO', 0, '2020-12-18 10:06:09', '2020-12-18 10:06:09', NULL, NULL, NULL, NULL),
(32, 'DR0000032', NULL, 1, NULL, '2020-12-18', '1', 'JOHN LATIDO', 1, '2020-12-18 10:06:36', '2020-12-18 10:06:36', NULL, NULL, NULL, NULL),
(33, 'DR0000033', 9, 1, 'XD-395', '2020-12-18', '1', 'JOHN LATIDO', 2, '2020-12-18 10:10:17', '2020-12-18 10:11:41', NULL, NULL, NULL, NULL),
(34, 'DR0000034', 6, 1, 'XD-602', '2021-01-15', '7', 'MARCOS URBI', 3, '2021-01-15 12:37:56', '2021-01-15 12:50:00', NULL, NULL, NULL, NULL),
(35, 'DR0000035', 6, 1, 'XD-603', '2021-01-15', '7', 'MARCOS URBI', 3, '2021-01-15 12:39:09', '2021-01-15 12:50:09', NULL, NULL, NULL, NULL),
(36, 'DR0000036', 6, 1, '0683', '2021-01-25', '7', 'MARCOS URBI', 3, '2021-01-25 12:34:07', '2021-02-03 15:21:20', NULL, NULL, NULL, NULL),
(37, 'DR0000037', 6, 1, '0684', '2021-01-25', '7', 'MARCOS URBI', 3, '2021-01-25 12:36:36', '2021-02-03 15:21:28', NULL, NULL, NULL, NULL),
(38, 'DR0000038', 6, 1, '0688', '2021-01-25', '7', 'MARCOS URBI', 3, '2021-01-25 12:37:56', '2021-02-03 15:21:36', NULL, NULL, NULL, NULL),
(39, 'DR0000039', 6, 1, 'XD-765', '2021-02-03', '7', 'MARCOS URBI', 3, '2021-02-03 14:50:02', '2021-02-03 15:21:50', NULL, NULL, NULL, NULL),
(40, 'DR0000040', 6, 1, 'XD-766', '2021-02-03', '7', 'MARCOS URBI', 3, '2021-02-03 14:52:47', '2021-02-03 15:21:59', NULL, NULL, NULL, NULL),
(41, 'DR0000041', 6, 1, 'XD-767', '2021-02-03', '7', 'MARCOS URBI', 3, '2021-02-03 14:54:34', '2021-02-03 15:18:58', NULL, NULL, NULL, NULL),
(42, 'DR0000042', 7, 1, 'RM0000002', '2021-05-03', '1', 'Paul Angat', 2, '2021-05-03 05:28:04', '2021-05-03 05:30:38', NULL, NULL, NULL, NULL);

-- --------------------------------------------------------

--
-- Table structure for table `delivery_details`
--

CREATE TABLE `delivery_details` (
  `id` int(11) NOT NULL,
  `delivery_id` int(11) DEFAULT NULL,
  `product_id` int(11) DEFAULT NULL,
  `requested_qty` int(11) DEFAULT NULL,
  `approved_qty` int(11) DEFAULT NULL,
  `created_datetime` timestamp NULL DEFAULT CURRENT_TIMESTAMP
) ENGINE=InnoDB DEFAULT CHARSET=latin1 ROW_FORMAT=COMPACT;

--
-- Dumping data for table `delivery_details`
--

INSERT INTO `delivery_details` (`id`, `delivery_id`, `product_id`, `requested_qty`, `approved_qty`, `created_datetime`) VALUES
(1, 1, 1, 1, 1, '2020-07-17 05:31:43'),
(2, 2, 1, 12, 12, '2020-09-10 07:34:13'),
(3, 2, 8, 12, 12, '2020-09-10 07:34:13'),
(4, 2, 5, 6, 6, '2020-09-10 07:34:13'),
(5, 2, 6, 6, 6, '2020-09-10 07:34:13'),
(6, 3, 4, 2, 4, '2020-10-30 03:27:51'),
(7, 3, 54, 2, 43, '2020-10-30 03:27:51'),
(8, 4, 2, 4, 8, '2020-10-30 05:29:19'),
(9, 4, 10, 4, 6, '2020-10-30 05:29:19'),
(10, 5, 1, 4, 4, '2020-11-11 03:03:00'),
(11, 5, 2, 4, 4, '2020-11-11 03:03:00'),
(12, 5, 7, 4, 4, '2020-11-11 03:03:00'),
(13, 5, 8, 4, 4, '2020-11-11 03:03:00'),
(14, 5, 3, 3, 3, '2020-11-11 03:03:00'),
(15, 5, 4, 3, 3, '2020-11-11 03:03:00'),
(16, 5, 22, 3, 3, '2020-11-11 03:03:00'),
(17, 5, 23, 3, 3, '2020-11-11 03:03:01'),
(18, 5, 24, 3, 3, '2020-11-11 03:03:01'),
(19, 5, 25, 4, 4, '2020-11-11 03:03:01'),
(20, 6, 31, NULL, 6, '2020-11-11 03:24:48'),
(21, 6, 28, 6, 6, '2020-11-11 03:24:48'),
(22, 6, 29, 6, 6, '2020-11-11 03:24:48'),
(23, 6, 30, 6, 6, '2020-11-11 03:24:48'),
(24, 6, 31, 6, 6, '2020-11-11 03:24:48'),
(25, 7, 111, 2, 2, '2020-11-11 03:29:56'),
(26, 7, 112, 2, 2, '2020-11-11 03:29:56'),
(27, 7, 109, 2, 2, '2020-11-11 03:29:56'),
(28, 7, 110, 2, 2, '2020-11-11 03:29:56'),
(29, 8, 65, 3, 3, '2020-11-11 03:42:20'),
(30, 8, 62, 3, 3, '2020-11-11 03:42:20'),
(31, 8, 63, 3, 3, '2020-11-11 03:42:20'),
(32, 8, 64, 3, 3, '2020-11-11 03:42:20'),
(33, 8, 70, 3, 3, '2020-11-11 03:42:20'),
(34, 8, 66, 3, 3, '2020-11-11 03:42:20'),
(35, 8, 67, 3, 3, '2020-11-11 03:42:20'),
(36, 8, 69, 3, 3, '2020-11-11 03:42:20'),
(37, 8, 71, 3, 3, '2020-11-11 03:42:20'),
(38, 8, 72, 3, 3, '2020-11-11 03:42:20'),
(39, 8, 76, 3, 3, '2020-11-11 03:42:20'),
(40, 8, 77, 3, 3, '2020-11-11 03:42:20'),
(41, 9, 78, 3, 3, '2020-11-11 03:49:07'),
(42, 9, 79, 3, 3, '2020-11-11 03:49:07'),
(43, 9, 80, 3, 3, '2020-11-11 03:49:07'),
(44, 9, 81, 3, 3, '2020-11-11 03:49:07'),
(45, 9, 82, 3, 3, '2020-11-11 03:49:07'),
(46, 9, 83, 3, 3, '2020-11-11 03:49:07'),
(47, 9, 84, 3, 3, '2020-11-11 03:49:07'),
(48, 9, 85, 3, 3, '2020-11-11 03:49:07'),
(49, 9, 86, 3, 3, '2020-11-11 03:49:07'),
(50, 9, 87, 3, 3, '2020-11-11 03:49:07'),
(51, 9, 88, 3, 3, '2020-11-11 03:49:07'),
(52, 9, 89, 3, 3, '2020-11-11 03:49:07'),
(53, 10, 90, NULL, 3, '2020-11-11 05:03:25'),
(54, 10, 91, 3, 3, '2020-11-11 05:03:25'),
(55, 10, 49, 3, 3, '2020-11-11 05:03:25'),
(56, 10, 50, 2, 2, '2020-11-11 05:03:25'),
(57, 10, 51, 2, 2, '2020-11-11 05:03:25'),
(58, 10, 52, 2, 2, '2020-11-11 05:03:25'),
(59, 10, 54, 2, 2, '2020-11-11 05:03:25'),
(60, 10, 55, 2, 2, '2020-11-11 05:03:25'),
(61, 10, 56, 2, 2, '2020-11-11 05:03:25'),
(62, 10, 57, 2, 2, '2020-11-11 05:03:25'),
(63, 11, 59, 2, 2, '2020-11-11 05:08:44'),
(64, 11, 60, 2, 2, '2020-11-11 05:08:44'),
(65, 11, 61, 2, 2, '2020-11-11 05:08:44'),
(66, 11, 92, 2, 2, '2020-11-11 05:08:44'),
(67, 11, 93, 2, 2, '2020-11-11 05:08:44'),
(68, 11, 6, 2, 2, '2020-11-11 05:08:44'),
(69, 11, 94, 2, 2, '2020-11-11 05:08:44'),
(70, 12, 46, 2, 2, '2020-11-11 05:14:25'),
(71, 12, 47, 2, 2, '2020-11-11 05:14:25'),
(72, 12, 48, 2, 2, '2020-11-11 05:14:25'),
(73, 12, 38, 2, 2, '2020-11-11 05:14:25'),
(74, 12, 40, 2, 2, '2020-11-11 05:14:25'),
(75, 12, 41, 2, 2, '2020-11-11 05:14:25'),
(76, 12, 42, 2, 2, '2020-11-11 05:14:25'),
(77, 14, 120, NULL, 2, '2020-11-11 05:18:04'),
(78, 14, 121, 2, 2, '2020-11-11 05:18:04'),
(79, 14, 122, 2, 2, '2020-11-11 05:18:04'),
(80, 14, 123, 2, 2, '2020-11-11 05:18:04'),
(81, 14, 104, 2, 2, '2020-11-11 05:18:04'),
(82, 16, 128, 2, 2, '2020-11-13 01:01:58'),
(83, 17, 129, 6, 6, '2020-11-13 01:03:18'),
(84, 18, 130, 3, 3, '2020-11-13 01:05:39'),
(85, 18, 131, 3, 3, '2020-11-13 01:05:39'),
(86, 18, 132, 3, 3, '2020-11-13 01:05:39'),
(87, 19, 126, 6, 6, '2020-11-13 01:09:03'),
(88, 19, 127, 6, 6, '2020-11-13 01:09:03'),
(89, 19, 124, 6, 6, '2020-11-13 01:09:03'),
(90, 19, 125, 6, 6, '2020-11-13 01:09:03'),
(91, 20, 133, 2, 2, '2020-11-13 01:11:21'),
(92, 20, 134, 2, 2, '2020-11-13 01:11:21'),
(93, 20, 136, 2, 2, '2020-11-13 01:11:21'),
(94, 20, 137, 2, 2, '2020-11-13 01:11:21'),
(95, 21, 138, 3, 3, '2020-11-13 01:34:51'),
(96, 22, 139, 2, 2, '2020-11-13 01:36:41'),
(97, 22, 140, 2, 2, '2020-11-13 01:36:41'),
(98, 23, 11, 2, 2, '2020-12-18 02:17:36'),
(99, 23, 12, 1, 1, '2020-12-18 02:17:36'),
(100, 23, 13, 1, 1, '2020-12-18 02:17:36'),
(101, 23, 14, 2, 2, '2020-12-18 02:17:36'),
(102, 23, 15, 2, 2, '2020-12-18 02:17:36'),
(103, 23, 16, 2, 2, '2020-12-18 02:17:36'),
(104, 23, 3, 3, 3, '2020-12-18 02:17:36'),
(105, 23, 24, 2, 2, '2020-12-18 02:17:36'),
(106, 23, 132, 1, 1, '2020-12-18 02:17:36'),
(107, 23, 139, 2, 2, '2020-12-18 02:17:36'),
(108, 23, 140, 2, 2, '2020-12-18 02:17:36'),
(109, 24, 76, 1, 1, '2020-12-18 02:24:45'),
(110, 24, 77, 2, 2, '2020-12-18 02:24:45'),
(111, 24, 78, 1, 1, '2020-12-18 02:24:45'),
(112, 24, 79, 1, 1, '2020-12-18 02:24:45'),
(113, 24, 81, 1, 1, '2020-12-18 02:24:45'),
(114, 24, 82, 2, 2, '2020-12-18 02:24:45'),
(115, 24, 83, 1, 1, '2020-12-18 02:24:45'),
(116, 24, 84, 1, 1, '2020-12-18 02:24:45'),
(117, 24, 85, 1, 1, '2020-12-18 02:24:45'),
(118, 24, 86, 1, 1, '2020-12-18 02:24:45'),
(119, 25, 88, 2, 1, '2020-12-18 02:34:53'),
(120, 25, 89, 1, 1, '2020-12-18 02:34:53'),
(121, 25, 91, 2, 2, '2020-12-18 02:34:53'),
(122, 25, 49, 2, 2, '2020-12-18 02:34:53'),
(123, 25, 50, 2, 2, '2020-12-18 02:34:53'),
(124, 25, 51, 2, 2, '2020-12-18 02:34:53'),
(125, 25, 52, 2, 2, '2020-12-18 02:34:53'),
(126, 25, 54, 2, 2, '2020-12-18 02:34:53'),
(127, 25, 55, 2, 2, '2020-12-18 02:34:53'),
(128, 25, 56, 2, 2, '2020-12-18 02:34:53'),
(129, 25, 57, 2, 2, '2020-12-18 02:34:53'),
(130, 25, 87, 1, 1, '2020-12-18 02:34:53'),
(131, 26, 60, 2, 2, '2020-12-18 02:44:36'),
(132, 26, 59, 2, 2, '2020-12-18 02:44:36'),
(133, 26, 61, 2, 2, '2020-12-18 02:44:36'),
(134, 27, 120, 2, 2, '2020-12-18 02:49:08'),
(135, 27, 121, 2, 2, '2020-12-18 02:49:08'),
(136, 27, 122, 3, 3, '2020-12-18 02:49:08'),
(137, 27, 123, 3, 3, '2020-12-18 02:49:08'),
(138, 27, 102, 6, 6, '2020-12-18 02:49:08'),
(139, 27, 103, 4, 4, '2020-12-18 02:49:08'),
(140, 27, 104, 6, 6, '2020-12-18 02:49:08'),
(141, 28, 138, 3, 3, '2020-12-18 02:53:10'),
(142, 28, 111, 2, 2, '2020-12-18 02:53:10'),
(143, 28, 112, 2, 2, '2020-12-18 02:53:10'),
(144, 28, 109, 3, 2, '2020-12-18 02:53:10'),
(145, 28, 110, 3, 2, '2020-12-18 02:53:10'),
(146, 30, 5, 4, NULL, '2020-12-18 03:04:27'),
(147, 30, 92, 4, NULL, '2020-12-18 03:04:27'),
(148, 30, 93, 4, NULL, '2020-12-18 03:04:27'),
(149, 30, 94, 4, NULL, '2020-12-18 03:04:27'),
(150, 30, 6, 4, NULL, '2020-12-18 03:04:27'),
(151, 33, 5, 4, 4, '2020-12-18 03:10:17'),
(152, 33, 92, 4, 4, '2020-12-18 03:10:17'),
(153, 33, 93, 4, 4, '2020-12-18 03:10:17'),
(154, 33, 94, 4, 4, '2020-12-18 03:10:17'),
(155, 33, 6, 4, 4, '2020-12-18 03:10:17'),
(156, 34, 10, 2, 2, '2021-01-15 05:37:56'),
(157, 34, 3, 1, 1, '2021-01-15 05:37:56'),
(158, 34, 22, 2, 2, '2021-01-15 05:37:56'),
(159, 34, 82, 4, 4, '2021-01-15 05:37:56'),
(160, 35, 46, 1, 1, '2021-01-15 05:39:09'),
(161, 36, 1, 12, 12, '2021-01-25 05:34:07'),
(162, 36, 7, 6, 6, '2021-01-25 05:34:07'),
(163, 36, 15, 1, 1, '2021-01-25 05:34:07'),
(164, 36, 4, 3, 3, '2021-01-25 05:34:07'),
(165, 36, 22, 3, 3, '2021-01-25 05:34:07'),
(166, 36, 25, 4, 4, '2021-01-25 05:34:07'),
(167, 36, 129, 2, 2, '2021-01-25 05:34:07'),
(168, 36, 130, 3, 3, '2021-01-25 05:34:07'),
(169, 36, 131, 3, 3, '2021-01-25 05:34:07'),
(170, 36, 31, 2, 2, '2021-01-25 05:34:07'),
(171, 36, 70, 3, 3, '2021-01-25 05:34:07'),
(172, 37, 139, 2, 2, '2021-01-25 05:36:36'),
(173, 37, 140, 1, 1, '2021-01-25 05:36:36'),
(174, 37, 57, 1, 1, '2021-01-25 05:36:36'),
(175, 38, 123, 1, 1, '2021-01-25 05:37:56'),
(176, 38, 103, 1, 1, '2021-01-25 05:37:56'),
(177, 39, 1, 3, 3, '2021-02-03 07:50:02'),
(178, 39, 25, 4, 4, '2021-02-03 07:50:02'),
(179, 39, 131, 2, 2, '2021-02-03 07:50:02'),
(180, 39, 77, 4, 4, '2021-02-03 07:50:02'),
(181, 39, 79, 2, 2, '2021-02-03 07:50:02'),
(182, 39, 80, 4, 4, '2021-02-03 07:50:02'),
(183, 39, 81, 4, 4, '2021-02-03 07:50:02'),
(184, 39, 88, 2, 2, '2021-02-03 07:50:02'),
(185, 39, 89, 2, 2, '2021-02-03 07:50:02'),
(186, 39, 90, 1, 1, '2021-02-03 07:50:02'),
(187, 40, 136, 2, 2, '2021-02-03 07:52:47'),
(188, 40, 39, 1, 1, '2021-02-03 07:52:47'),
(189, 40, 103, 2, 2, '2021-02-03 07:52:47'),
(190, 40, 46, 1, 1, '2021-02-03 07:52:47'),
(191, 41, 112, 2, 2, '2021-02-03 07:54:34'),
(195, 42, 1, 3, 3, '2021-05-03 13:28:32'),
(196, 42, 8, 8, 8, '2021-05-03 13:28:32'),
(197, 42, 4, 5, 5, '2021-05-03 13:28:32');

-- --------------------------------------------------------

--
-- Table structure for table `discounts`
--

CREATE TABLE `discounts` (
  `id` int(11) NOT NULL,
  `transaction_number` varchar(32) DEFAULT NULL,
  `warehouse_id` int(11) DEFAULT NULL,
  `title` varchar(128) DEFAULT NULL,
  `start_datetime` datetime DEFAULT NULL,
  `end_datetime` datetime DEFAULT NULL,
  `status` int(11) DEFAULT NULL,
  `prepared_by` int(11) DEFAULT NULL,
  `insert_datetime` timestamp NULL DEFAULT CURRENT_TIMESTAMP
) ENGINE=InnoDB DEFAULT CHARSET=latin1 ROW_FORMAT=COMPACT;

--
-- Dumping data for table `discounts`
--

INSERT INTO `discounts` (`id`, `transaction_number`, `warehouse_id`, `title`, `start_datetime`, `end_datetime`, `status`, `prepared_by`, `insert_datetime`) VALUES
(1, 'DC0000001', 1, 'SHOP MEN', '2021-05-01 00:00:00', '2021-05-08 23:59:00', 1, 1, '2021-05-03 14:09:12');

-- --------------------------------------------------------

--
-- Table structure for table `discount_details`
--

CREATE TABLE `discount_details` (
  `id` int(11) NOT NULL,
  `discount_id` int(11) DEFAULT NULL,
  `product_id` int(11) DEFAULT NULL,
  `original_price` decimal(10,2) DEFAULT NULL,
  `discount` decimal(10,2) DEFAULT NULL,
  `discounted_price` decimal(10,2) DEFAULT NULL,
  `insert_datetime` timestamp NULL DEFAULT CURRENT_TIMESTAMP,
  `discount_type` int(11) DEFAULT NULL
) ENGINE=InnoDB DEFAULT CHARSET=latin1 ROW_FORMAT=COMPACT;

--
-- Dumping data for table `discount_details`
--

INSERT INTO `discount_details` (`id`, `discount_id`, `product_id`, `original_price`, `discount`, `discounted_price`, `insert_datetime`, `discount_type`) VALUES
(1, 1, 1, '1299.75', '0.00', '1299.75', '2021-05-03 14:09:12', 1);

-- --------------------------------------------------------

--
-- Table structure for table `inventoryadjustments`
--

CREATE TABLE `inventoryadjustments` (
  `id` int(10) UNSIGNED NOT NULL,
  `transaction_number` varchar(191) COLLATE utf8mb4_unicode_ci DEFAULT NULL,
  `date` date NOT NULL,
  `warehouse_id` varchar(191) COLLATE utf8mb4_unicode_ci NOT NULL,
  `contact_person` varchar(191) COLLATE utf8mb4_unicode_ci DEFAULT NULL,
  `prepared_by` varchar(191) COLLATE utf8mb4_unicode_ci NOT NULL,
  `source_document` varchar(191) COLLATE utf8mb4_unicode_ci DEFAULT NULL,
  `status` varchar(191) COLLATE utf8mb4_unicode_ci DEFAULT NULL,
  `created_at` timestamp NULL DEFAULT NULL,
  `updated_at` timestamp NULL DEFAULT NULL,
  `notes` text COLLATE utf8mb4_unicode_ci,
  `approved_by` int(11) DEFAULT NULL,
  `approved_datetime` datetime DEFAULT NULL,
  `approval_notes` text COLLATE utf8mb4_unicode_ci,
  `type` int(11) DEFAULT NULL
) ENGINE=InnoDB DEFAULT CHARSET=utf8mb4 COLLATE=utf8mb4_unicode_ci ROW_FORMAT=COMPACT;

--
-- Dumping data for table `inventoryadjustments`
--

INSERT INTO `inventoryadjustments` (`id`, `transaction_number`, `date`, `warehouse_id`, `contact_person`, `prepared_by`, `source_document`, `status`, `created_at`, `updated_at`, `notes`, `approved_by`, `approved_datetime`, `approval_notes`, `type`) VALUES
(1, 'IA0000001', '2020-07-17', '1', 'GEORGE DEOCAMPO', '1', 'IA 00000', '2', '2020-07-17 11:00:33', '2020-07-17 11:04:01', 'Beginning Inventory sample only', NULL, NULL, NULL, 2),
(2, 'IA0000002', '2020-07-17', '7', 'JOHN LO BARRIOS', '2', 'IA 00000', '10', '2020-07-17 12:38:06', '2020-07-17 13:51:08', NULL, NULL, NULL, NULL, 2),
(3, 'IA0000003', '2020-09-16', '1', NULL, '1', 'BI-001', '2', '2020-09-16 09:34:02', '2020-09-16 09:34:29', NULL, NULL, NULL, NULL, 2),
(4, 'IA0000004', '2020-09-16', '1', NULL, '1', NULL, '2', '2020-09-16 09:50:50', '2020-09-16 10:10:19', NULL, NULL, NULL, NULL, 2),
(5, 'IA0000005', '2020-09-16', '1', NULL, '1', NULL, '2', '2020-09-16 10:06:48', '2020-09-16 10:10:31', NULL, NULL, NULL, NULL, 2),
(6, 'IA0000006', '2020-09-16', '1', NULL, '1', NULL, '2', '2020-09-16 10:10:04', '2020-09-16 10:11:11', NULL, NULL, NULL, NULL, 2),
(7, 'IA0000007', '2020-09-16', '1', NULL, '1', NULL, '2', '2020-09-16 10:11:38', '2020-09-16 10:11:47', NULL, NULL, NULL, NULL, 1),
(8, 'IA0000008', '2020-09-16', '1', NULL, '1', NULL, '2', '2020-09-16 10:13:40', '2020-09-16 10:13:50', NULL, NULL, NULL, NULL, 1),
(9, 'IA0000009', '2020-11-06', '8', 'RHYAN PANGANIBAN', '1', 'XD 188', '2', '2020-11-06 09:10:03', '2020-11-06 09:10:20', NULL, NULL, NULL, NULL, 2),
(10, 'IA0000010', '2020-11-13', '1', 'GEORGE DEOCAMPO', '1', NULL, '1', '2020-11-13 07:28:21', '2020-11-13 07:28:21', NULL, NULL, NULL, NULL, 2),
(11, 'IA0000011', '2021-01-08', '6', 'MARCOS URBI', '7', NULL, '2', '2021-01-08 08:23:05', '2021-01-08 10:05:06', NULL, NULL, NULL, NULL, NULL),
(12, 'IA0000012', '2021-01-08', '6', 'MARCOS URBI', '7', NULL, '2', '2021-01-08 08:33:10', '2021-01-08 08:34:42', NULL, NULL, NULL, NULL, 2),
(13, 'IA0000013', '2021-01-08', '6', 'MARCOS URBI', '7', NULL, '2', '2021-01-08 08:54:07', '2021-01-08 12:14:42', NULL, NULL, NULL, NULL, 2),
(14, 'IA0000014', '2021-01-08', '6', 'MARCOS URBI', '7', NULL, '2', '2021-01-08 09:05:09', '2021-01-08 12:14:38', NULL, NULL, NULL, NULL, 2),
(15, 'IA0000015', '2021-01-08', '6', 'MARCOS URBI', '7', NULL, '2', '2021-01-08 10:43:57', '2021-01-08 12:14:35', NULL, NULL, NULL, NULL, 2),
(16, 'IA0000016', '2021-01-08', '6', 'MARCOS URBI', '7', NULL, '2', '2021-01-08 10:53:01', '2021-01-08 12:14:30', NULL, NULL, NULL, NULL, 2),
(17, 'IA0000017', '2021-01-08', '6', 'MARCOS URBI', '7', NULL, '2', '2021-01-08 12:12:21', '2021-01-08 12:14:26', NULL, NULL, NULL, NULL, 2),
(18, 'IA0000018', '2021-05-03', '7', 'Paul Angat', '1', NULL, '1', '2021-05-03 05:53:39', '2021-05-03 05:53:39', NULL, NULL, NULL, NULL, 1);

-- --------------------------------------------------------

--
-- Table structure for table `inventoryadjustment_details`
--

CREATE TABLE `inventoryadjustment_details` (
  `id` int(11) NOT NULL,
  `adjustment_id` int(11) DEFAULT NULL,
  `product_id` int(11) DEFAULT NULL,
  `adjusted_quantity` decimal(10,2) DEFAULT NULL,
  `insert_datetime` timestamp NULL DEFAULT CURRENT_TIMESTAMP
) ENGINE=InnoDB DEFAULT CHARSET=latin1 ROW_FORMAT=COMPACT;

--
-- Dumping data for table `inventoryadjustment_details`
--

INSERT INTO `inventoryadjustment_details` (`id`, `adjustment_id`, `product_id`, `adjusted_quantity`, `insert_datetime`) VALUES
(1, 1, 1, '1.00', '2020-07-17 04:00:33'),
(2, 1, 2, '1.00', '2020-07-17 04:00:33'),
(3, 1, 3, '1.00', '2020-07-17 04:00:33'),
(4, 1, 4, '1.00', '2020-07-17 04:00:33'),
(5, 1, 5, '1.00', '2020-07-17 04:00:33'),
(6, 1, 6, '1.00', '2020-07-17 04:00:33'),
(7, 2, 1, '1.00', '2020-07-17 05:38:06'),
(8, 3, 1, '100.00', '2020-09-16 02:34:02'),
(9, 3, 2, '100.00', '2020-09-16 02:34:02'),
(10, 3, 3, '100.00', '2020-09-16 02:34:02'),
(11, 3, 4, '100.00', '2020-09-16 02:34:02'),
(12, 3, 5, '100.00', '2020-09-16 02:34:02'),
(13, 3, 6, '100.00', '2020-09-16 02:34:02'),
(14, 3, 7, '100.00', '2020-09-16 02:34:02'),
(15, 3, 8, '100.00', '2020-09-16 02:34:02'),
(16, 3, 9, '100.00', '2020-09-16 02:34:02'),
(17, 3, 10, '100.00', '2020-09-16 02:34:02'),
(18, 4, 19, '100.00', '2020-09-16 02:50:50'),
(19, 4, 2, '100.00', '2020-09-16 02:50:50'),
(20, 4, 7, '100.00', '2020-09-16 02:50:50'),
(21, 4, 20, '100.00', '2020-09-16 02:50:50'),
(22, 4, 21, '100.00', '2020-09-16 02:50:50'),
(23, 4, 8, '100.00', '2020-09-16 02:50:50'),
(24, 4, 10, '100.00', '2020-09-16 02:50:50'),
(25, 4, 11, '100.00', '2020-09-16 02:50:50'),
(26, 4, 12, '100.00', '2020-09-16 02:50:50'),
(27, 4, 13, '100.00', '2020-09-16 02:50:50'),
(28, 4, 14, '100.00', '2020-09-16 02:50:50'),
(29, 4, 15, '100.00', '2020-09-16 02:50:50'),
(30, 4, 16, '100.00', '2020-09-16 02:50:50'),
(31, 4, 3, '100.00', '2020-09-16 02:50:50'),
(32, 4, 18, '100.00', '2020-09-16 02:50:50'),
(33, 4, 22, '100.00', '2020-09-16 02:50:50'),
(34, 4, 23, '100.00', '2020-09-16 02:50:50'),
(35, 4, 24, '100.00', '2020-09-16 02:50:50'),
(36, 4, 25, '100.00', '2020-09-16 02:50:50'),
(37, 4, 26, '100.00', '2020-09-16 02:50:50'),
(38, 4, 28, '100.00', '2020-09-16 02:50:50'),
(39, 4, 29, '100.00', '2020-09-16 02:50:50'),
(40, 4, 30, '100.00', '2020-09-16 02:50:50'),
(41, 4, 31, '100.00', '2020-09-16 02:50:50'),
(42, 4, 76, '100.00', '2020-09-16 02:50:50'),
(43, 4, 77, '100.00', '2020-09-16 02:50:50'),
(44, 4, 78, '100.00', '2020-09-16 02:50:50'),
(45, 4, 79, '100.00', '2020-09-16 02:50:50'),
(46, 4, 80, '100.00', '2020-09-16 02:50:50'),
(47, 4, 81, '100.00', '2020-09-16 02:50:50'),
(48, 4, 82, '100.00', '2020-09-16 02:50:50'),
(49, 4, 83, '100.00', '2020-09-16 02:50:50'),
(50, 5, 84, '100.00', '2020-09-16 03:06:48'),
(51, 5, 85, '100.00', '2020-09-16 03:06:48'),
(52, 5, 86, '100.00', '2020-09-16 03:06:48'),
(53, 5, 87, '100.00', '2020-09-16 03:06:48'),
(54, 5, 88, '100.00', '2020-09-16 03:06:48'),
(55, 5, 89, '100.00', '2020-09-16 03:06:48'),
(56, 5, 90, '100.00', '2020-09-16 03:06:48'),
(57, 5, 91, '100.00', '2020-09-16 03:06:48'),
(58, 5, 62, '100.00', '2020-09-16 03:06:48'),
(59, 5, 63, '100.00', '2020-09-16 03:06:48'),
(60, 5, 64, '100.00', '2020-09-16 03:06:48'),
(61, 5, 65, '100.00', '2020-09-16 03:06:48'),
(62, 5, 66, '100.00', '2020-09-16 03:06:48'),
(63, 5, 67, '100.00', '2020-09-16 03:06:48'),
(64, 5, 69, '100.00', '2020-09-16 03:06:48'),
(65, 5, 70, '100.00', '2020-09-16 03:06:48'),
(66, 5, 71, '10099.00', '2020-09-16 03:06:48'),
(67, 5, 32, '100.00', '2020-09-16 03:06:48'),
(68, 5, 33, '100.00', '2020-09-16 03:06:48'),
(69, 5, 34, '100.00', '2020-09-16 03:06:48'),
(70, 5, 35, '100.00', '2020-09-16 03:06:48'),
(71, 5, 36, '100.00', '2020-09-16 03:06:48'),
(72, 5, 73, '100.00', '2020-09-16 03:06:48'),
(73, 5, 74, '100.00', '2020-09-16 03:06:48'),
(74, 5, 75, '100.00', '2020-09-16 03:06:48'),
(75, 5, 49, '100.00', '2020-09-16 03:06:48'),
(76, 5, 50, '100.00', '2020-09-16 03:06:48'),
(77, 5, 51, '100.00', '2020-09-16 03:06:48'),
(78, 5, 52, '100.00', '2020-09-16 03:06:48'),
(79, 5, 53, '100.00', '2020-09-16 03:06:48'),
(80, 5, 54, '100.00', '2020-09-16 03:06:48'),
(81, 5, 55, '100.00', '2020-09-16 03:06:48'),
(82, 5, 56, '100.00', '2020-09-16 03:06:48'),
(83, 5, 57, '100.00', '2020-09-16 03:06:48'),
(84, 5, 58, '10098.00', '2020-09-16 03:06:48'),
(85, 5, 59, '100.00', '2020-09-16 03:06:48'),
(86, 5, 60, '100.00', '2020-09-16 03:06:48'),
(87, 5, 61, '100.00', '2020-09-16 03:06:48'),
(88, 5, 72, '100.00', '2020-09-16 03:06:48'),
(89, 5, 95, '100.00', '2020-09-16 03:06:48'),
(90, 5, 96, '100.00', '2020-09-16 03:06:48'),
(91, 5, 97, '100.00', '2020-09-16 03:06:48'),
(92, 5, 98, '100.00', '2020-09-16 03:06:48'),
(93, 5, 5, '100.00', '2020-09-16 03:06:48'),
(94, 5, 92, '100.00', '2020-09-16 03:06:48'),
(95, 5, 93, '100.00', '2020-09-16 03:06:48'),
(96, 5, 6, '100.00', '2020-09-16 03:06:48'),
(97, 5, 94, '100.00', '2020-09-16 03:06:48'),
(98, 5, 27, '100.00', '2020-09-16 03:06:48'),
(99, 5, 38, '100.00', '2020-09-16 03:06:48'),
(100, 5, 39, '100.00', '2020-09-16 03:06:48'),
(101, 5, 40, '100.00', '2020-09-16 03:06:48'),
(102, 5, 41, '100.00', '2020-09-16 03:06:48'),
(103, 5, 42, '100.00', '2020-09-16 03:06:48'),
(104, 5, 43, '100.00', '2020-09-16 03:06:48'),
(105, 5, 44, '100.00', '2020-09-16 03:06:48'),
(106, 5, 45, '100.00', '2020-09-16 03:06:48'),
(107, 5, 46, '100.00', '2020-09-16 03:06:48'),
(108, 5, 47, '100.00', '2020-09-16 03:06:48'),
(109, 5, 48, '100.00', '2020-09-16 03:06:48'),
(110, 5, 120, '100.00', '2020-09-16 03:06:48'),
(111, 5, 121, '100.00', '2020-09-16 03:06:48'),
(112, 5, 122, '100.00', '2020-09-16 03:06:48'),
(113, 5, 123, '100.00', '2020-09-16 03:06:48'),
(114, 5, 102, '100.00', '2020-09-16 03:06:48'),
(115, 5, 103, '100.00', '2020-09-16 03:06:48'),
(116, 5, 104, '100.00', '2020-09-16 03:06:48'),
(117, 6, 113, '100.00', '2020-09-16 03:10:04'),
(118, 6, 114, '100.00', '2020-09-16 03:10:04'),
(119, 6, 115, '100.00', '2020-09-16 03:10:04'),
(120, 6, 116, '100.00', '2020-09-16 03:10:04'),
(121, 6, 117, '100.00', '2020-09-16 03:10:04'),
(122, 6, 111, '100.00', '2020-09-16 03:10:04'),
(123, 6, 112, '100.00', '2020-09-16 03:10:04'),
(124, 6, 107, '100.00', '2020-09-16 03:10:04'),
(125, 6, 108, '10097.00', '2020-09-16 03:10:04'),
(126, 6, 118, '100.00', '2020-09-16 03:10:04'),
(127, 6, 119, '100.00', '2020-09-16 03:10:04'),
(128, 6, 109, '100.00', '2020-09-16 03:10:04'),
(129, 6, 110, '100.00', '2020-09-16 03:10:04'),
(130, 6, 106, '100.00', '2020-09-16 03:10:04'),
(131, 6, 105, '100.00', '2020-09-16 03:10:04'),
(132, 7, 108, '100.00', '2020-09-16 03:11:38'),
(133, 8, 71, '100.00', '2020-09-16 03:13:40'),
(134, 9, 5, '8.00', '2020-11-06 02:10:03'),
(135, 9, 92, '8.00', '2020-11-06 02:10:03'),
(136, 9, 93, '8.00', '2020-11-06 02:10:03'),
(137, 9, 6, '8.00', '2020-11-06 02:10:03'),
(138, 9, 94, '8.00', '2020-11-06 02:10:03'),
(139, 10, 124, '100.00', '2020-11-13 00:28:21'),
(140, 10, 125, '100.00', '2020-11-13 00:28:21'),
(141, 10, 127, '100.00', '2020-11-13 00:28:21'),
(142, 10, 126, '100.00', '2020-11-13 00:28:21'),
(143, 11, 1, '10.00', '2021-01-08 01:23:05'),
(144, 11, 2, '13.00', '2021-01-08 01:23:05'),
(145, 11, 13, '16.00', '2021-01-08 01:23:05'),
(146, 11, 8, '21.00', '2021-01-08 01:23:05'),
(147, 11, 10, '1.00', '2021-01-08 01:23:05'),
(148, 11, 11, '3.00', '2021-01-08 01:23:05'),
(149, 11, 12, '3.00', '2021-01-08 01:23:05'),
(150, 11, 13, '3.00', '2021-01-08 01:23:05'),
(151, 11, 14, '2.00', '2021-01-08 01:23:05'),
(152, 11, 15, '2.00', '2021-01-08 01:23:05'),
(153, 11, 16, '2.00', '2021-01-08 01:23:05'),
(154, 11, 3, '5.00', '2021-01-08 01:23:05'),
(155, 11, 18, '5.00', '2021-01-08 01:23:05'),
(156, 11, 22, '3.00', '2021-01-08 01:23:05'),
(157, 11, 23, '10.00', '2021-01-08 01:23:05'),
(158, 11, 24, '9.00', '2021-01-08 01:23:05'),
(159, 11, 25, '5.00', '2021-01-08 01:23:05'),
(160, 11, 129, '3.00', '2021-01-08 01:23:05'),
(161, 11, 150, '3.00', '2021-01-08 01:23:05'),
(162, 11, 132, '5.00', '2021-01-08 01:23:05'),
(163, 11, 130, '3.00', '2021-01-08 01:23:05'),
(164, 11, 131, '5.00', '2021-01-08 01:23:05'),
(165, 12, 28, '9.00', '2021-01-08 01:33:10'),
(166, 12, 29, '8.00', '2021-01-08 01:33:10'),
(167, 12, 30, '7.00', '2021-01-08 01:33:10'),
(168, 12, 31, '5.00', '2021-01-08 01:33:10'),
(169, 12, 126, '6.00', '2021-01-08 01:33:10'),
(170, 12, 127, '8.00', '2021-01-08 01:33:10'),
(171, 12, 124, '7.00', '2021-01-08 01:33:10'),
(172, 12, 125, '7.00', '2021-01-08 01:33:10'),
(173, 12, 38, '2.00', '2021-01-08 01:33:10'),
(174, 12, 39, '2.00', '2021-01-08 01:33:10'),
(175, 12, 40, '2.00', '2021-01-08 01:33:10'),
(176, 12, 41, '2.00', '2021-01-08 01:33:10'),
(177, 12, 42, '3.00', '2021-01-08 01:33:10'),
(178, 13, 46, '2.00', '2021-01-08 01:54:07'),
(179, 13, 47, '5.00', '2021-01-08 01:54:07'),
(180, 13, 52, '4.00', '2021-01-08 01:54:07'),
(181, 13, 133, '5.00', '2021-01-08 01:54:07'),
(182, 13, 134, '4.00', '2021-01-08 01:54:07'),
(183, 13, 136, '5.00', '2021-01-08 01:54:07'),
(184, 13, 137, '6.00', '2021-01-08 01:54:07'),
(185, 13, 140, '1.00', '2021-01-08 01:54:07'),
(186, 13, 49, '6.00', '2021-01-08 01:54:07'),
(187, 13, 50, '4.00', '2021-01-08 01:54:07'),
(188, 13, 51, '4.00', '2021-01-08 01:54:07'),
(189, 13, 52, '3.00', '2021-01-08 01:54:07'),
(190, 13, 54, '4.00', '2021-01-08 01:54:07'),
(191, 13, 55, '3.00', '2021-01-08 01:54:07'),
(192, 13, 56, '4.00', '2021-01-08 01:54:07'),
(193, 13, 57, '2.00', '2021-01-08 01:54:07'),
(194, 14, 59, '4.00', '2021-01-08 02:05:09'),
(195, 14, 60, '4.00', '2021-01-08 02:05:09'),
(196, 14, 61, '3.00', '2021-01-08 02:05:09'),
(197, 14, 63, '4.00', '2021-01-08 02:05:09'),
(198, 14, 65, '4.00', '2021-01-08 02:05:09'),
(199, 14, 62, '5.00', '2021-01-08 02:05:09'),
(200, 14, 64, '4.00', '2021-01-08 02:05:09'),
(201, 14, 70, '2.00', '2021-01-08 02:05:09'),
(202, 14, 66, '7.00', '2021-01-08 02:05:09'),
(203, 14, 67, '5.00', '2021-01-08 02:05:09'),
(204, 14, 69, '4.00', '2021-01-08 02:05:09'),
(205, 14, 71, '7.00', '2021-01-08 02:05:09'),
(206, 14, 72, '5.00', '2021-01-08 02:05:09'),
(207, 15, 78, '5.00', '2021-01-08 03:43:57'),
(208, 15, 77, '3.00', '2021-01-08 03:43:57'),
(209, 15, 81, '5.00', '2021-01-08 03:43:57'),
(210, 15, 80, '4.00', '2021-01-08 03:43:57'),
(211, 15, 82, '1.00', '2021-01-08 03:43:57'),
(212, 15, 83, '5.00', '2021-01-08 03:43:57'),
(213, 15, 84, '6.00', '2021-01-08 03:43:57'),
(214, 15, 76, '8.00', '2021-01-08 03:43:57'),
(215, 15, 85, '5.00', '2021-01-08 03:43:57'),
(216, 15, 86, '3.00', '2021-01-08 03:43:57'),
(217, 15, 87, '6.00', '2021-01-08 03:43:57'),
(218, 15, 88, '5.00', '2021-01-08 03:43:57'),
(219, 15, 89, '3.00', '2021-01-08 03:43:57'),
(220, 15, 90, '4.00', '2021-01-08 03:43:57'),
(221, 15, 91, '10.00', '2021-01-08 03:43:57'),
(222, 15, 79, '3.00', '2021-01-08 03:43:57'),
(223, 16, 73, '2.00', '2021-01-08 03:53:01'),
(224, 16, 74, '2.00', '2021-01-08 03:53:01'),
(225, 16, 75, '3.00', '2021-01-08 03:53:01'),
(226, 16, 5, '3.00', '2021-01-08 03:53:01'),
(227, 16, 92, '4.00', '2021-01-08 03:53:01'),
(228, 16, 6, '4.00', '2021-01-08 03:53:01'),
(229, 16, 94, '4.00', '2021-01-08 03:53:01'),
(230, 16, 93, '6.00', '2021-01-08 03:53:01'),
(231, 17, 120, '4.00', '2021-01-08 05:12:21'),
(232, 17, 121, '3.00', '2021-01-08 05:12:21'),
(233, 17, 122, '3.00', '2021-01-08 05:12:21'),
(234, 17, 123, '3.00', '2021-01-08 05:12:21'),
(235, 17, 102, '8.00', '2021-01-08 05:12:21'),
(236, 17, 103, '5.00', '2021-01-08 05:12:21'),
(237, 17, 104, '3.00', '2021-01-08 05:12:21'),
(238, 17, 151, '2.00', '2021-01-08 05:12:21'),
(239, 17, 149, '3.00', '2021-01-08 05:12:21'),
(240, 17, 111, '6.00', '2021-01-08 05:12:21'),
(241, 17, 112, '3.00', '2021-01-08 05:12:21'),
(242, 17, 107, '1.00', '2021-01-08 05:12:21'),
(243, 17, 109, '3.00', '2021-01-08 05:12:21'),
(244, 17, 110, '4.00', '2021-01-08 05:12:21'),
(245, 17, 128, '5.00', '2021-01-08 05:12:21'),
(246, 18, 4, '6.00', '2021-05-03 13:53:39'),
(247, 18, 8, '8.00', '2021-05-03 13:53:39'),
(248, 18, 134, '2.00', '2021-05-03 13:53:39');

-- --------------------------------------------------------

--
-- Table structure for table `menus`
--

CREATE TABLE `menus` (
  `id` int(10) UNSIGNED NOT NULL,
  `position` int(11) DEFAULT NULL,
  `menu_type` int(11) NOT NULL DEFAULT '1',
  `icon` varchar(191) COLLATE utf8mb4_unicode_ci DEFAULT NULL,
  `name` varchar(191) COLLATE utf8mb4_unicode_ci NOT NULL,
  `title` varchar(191) COLLATE utf8mb4_unicode_ci NOT NULL,
  `parent_id` int(11) DEFAULT NULL,
  `created_at` timestamp NULL DEFAULT NULL,
  `updated_at` timestamp NULL DEFAULT NULL
) ENGINE=InnoDB DEFAULT CHARSET=utf8mb4 COLLATE=utf8mb4_unicode_ci ROW_FORMAT=COMPACT;

--
-- Dumping data for table `menus`
--

INSERT INTO `menus` (`id`, `position`, `menu_type`, `icon`, `name`, `title`, `parent_id`, `created_at`, `updated_at`) VALUES
(1, 1, 3, 'fa-database', 'Dashboard', 'Dashboard', NULL, NULL, NULL),
(2, 2, 2, 'fa-warehouse', 'Inventory', 'Inventory', NULL, '2020-02-09 11:38:18', '2020-02-09 11:38:18'),
(3, 2, 2, 'fa-tags', 'Products', 'Products', 2, '2020-02-09 11:38:51', '2020-02-09 11:38:51'),
(4, 2, 1, 'fa-th-list', 'ProductCategories', 'Categories', 3, '2020-02-09 11:40:30', '2020-02-09 12:00:39'),
(5, 1, 1, 'fa-database', 'ProductList', 'List', 3, '2020-02-09 11:58:51', '2020-02-09 12:00:39'),
(6, 3, 2, 'fa-store-alt', 'Warehouse', 'Warehouse/Store', 2, '2020-02-11 00:34:36', '2020-02-11 00:34:36'),
(7, 0, 1, 'fa-list', 'WarehouseList', 'List', 6, '2020-02-12 20:42:03', '2020-02-12 20:42:03'),
(8, 100, 3, 'fa-database', 'ProductInventory', 'Product Inventory', 2, '2020-02-15 09:54:37', '2020-02-17 21:53:58'),
(9, 1, 2, 'fa-cogs', 'Operations', 'Operations', 2, '2020-02-17 21:29:23', '2020-02-17 21:59:42'),
(10, 0, 1, 'fa-cart-plus', 'Replenishments', 'Replenishments', 9, '2020-02-17 23:11:08', '2020-02-17 23:11:08'),
(11, 0, 1, 'fa-recycle', 'Returns', 'Returns', 9, '2020-02-17 23:55:46', '2020-02-17 23:55:46'),
(23, 0, 1, 'fa-truck', 'Deliveries', 'Deliveries', 9, '2020-02-23 13:43:05', '2020-02-23 13:43:05'),
(24, 0, 1, 'fa-handshake', 'Receiving', 'Receiving', 9, '2020-02-23 21:51:24', '2020-02-23 21:51:24'),
(25, 3, 2, 'fa-money-bill', 'Sales', 'Sales', NULL, '2020-03-03 16:25:29', '2020-03-03 16:25:29'),
(27, 0, 1, 'fa-shopping-cart', 'Transactions', 'Transactions', 25, '2020-03-03 17:05:48', '2020-03-03 17:05:48'),
(28, 0, 3, 'fa-percent', 'Discounts', 'Discounts', 25, '2020-03-03 23:02:59', '2020-03-03 23:02:59'),
(34, 0, 1, 'fa-boxes', 'InventoryAdjustments', 'Inventory Adjustments', 9, '2020-03-07 18:21:15', '2020-03-07 18:21:15'),
(35, 4, 2, 'fa-file-pdf', 'Reports', 'Reports', 2, '2020-03-08 18:09:20', '2020-03-08 18:09:20'),
(38, 0, 2, 'fa-file-pdf', 'Reports', 'Reports', 25, '2020-03-08 18:13:45', '2020-03-08 18:13:45'),
(39, 0, 3, 'fa-file-invoice-dollar', 'SalesReporting', 'Sales Reporting', 38, '2020-03-08 18:19:06', '2020-03-08 18:19:06'),
(40, 0, 1, 'fa-database', 'PullOuts', 'Pull Outs', 9, '2020-06-30 08:47:27', '2020-06-30 08:47:27'),
(41, 0, 3, 'fa-database', 'PhysicalCount', 'Physical Count', 35, '2020-07-03 05:40:25', '2020-07-03 05:40:25');

-- --------------------------------------------------------

--
-- Table structure for table `menu_role`
--

CREATE TABLE `menu_role` (
  `menu_id` int(10) UNSIGNED NOT NULL,
  `role_id` int(10) UNSIGNED NOT NULL
) ENGINE=InnoDB DEFAULT CHARSET=utf8mb4 COLLATE=utf8mb4_unicode_ci ROW_FORMAT=COMPACT;

--
-- Dumping data for table `menu_role`
--

INSERT INTO `menu_role` (`menu_id`, `role_id`) VALUES
(1, 1),
(1, 2),
(1, 5),
(1, 6),
(2, 1),
(2, 2),
(2, 5),
(2, 6),
(3, 1),
(3, 2),
(3, 5),
(3, 6),
(4, 1),
(4, 2),
(4, 5),
(4, 6),
(5, 1),
(5, 2),
(5, 5),
(5, 6),
(6, 1),
(6, 5),
(6, 6),
(7, 1),
(7, 5),
(7, 6),
(8, 1),
(8, 6),
(9, 1),
(9, 5),
(9, 6),
(10, 1),
(10, 5),
(10, 6),
(11, 1),
(11, 6),
(23, 1),
(23, 6),
(24, 1),
(24, 5),
(24, 6),
(25, 1),
(25, 5),
(25, 6),
(27, 1),
(27, 5),
(27, 6),
(28, 1),
(34, 1),
(34, 6),
(35, 1),
(35, 6),
(38, 1),
(38, 5),
(38, 6),
(39, 1),
(39, 5),
(39, 6),
(40, 1),
(40, 6),
(41, 1),
(41, 6);

-- --------------------------------------------------------

--
-- Table structure for table `migrations`
--

CREATE TABLE `migrations` (
  `id` int(10) UNSIGNED NOT NULL,
  `migration` varchar(191) COLLATE utf8mb4_unicode_ci NOT NULL,
  `batch` int(11) NOT NULL
) ENGINE=InnoDB DEFAULT CHARSET=utf8mb4 COLLATE=utf8mb4_unicode_ci ROW_FORMAT=COMPACT;

--
-- Dumping data for table `migrations`
--

INSERT INTO `migrations` (`id`, `migration`, `batch`) VALUES
(1, '2014_10_12_000000_create_users_table', 1),
(2, '2014_10_12_100000_create_password_resets_table', 1),
(3, '2015_10_10_000000_create_menus_table', 1),
(4, '2015_10_10_000000_create_roles_table', 1),
(5, '2015_10_10_000000_update_users_table', 1),
(6, '2015_12_11_000000_create_users_logs_table', 1),
(7, '2016_03_14_000000_update_menus_table', 1),
(8, '2020_02_08_055635_create_permission_tables', 1),
(9, '2020_02_09_044030_create_productcategories_table', 2),
(10, '2020_02_09_045851_create_productlist_table', 3),
(11, '2020_02_12_134203_create_warehouselist_table', 4),
(12, '2020_02_17_161109_create_replenishments_table', 5),
(13, '2020_02_23_064305_create_deliveries_table', 6),
(14, '2020_02_23_145124_create_receiving_table', 7),
(15, '2020_02_17_165547_create_returns_table', 0),
(16, '2020_03_03_100548_create_transactions_table', 0),
(17, '2020_03_07_112115_create_inventoryadjustments_table', 8),
(18, '2020_06_30_014727_create_pullouts_table', 9);

-- --------------------------------------------------------

--
-- Table structure for table `model_has_permissions`
--

CREATE TABLE `model_has_permissions` (
  `permission_id` int(10) UNSIGNED NOT NULL,
  `model_type` varchar(191) COLLATE utf8mb4_unicode_ci NOT NULL,
  `model_id` bigint(20) UNSIGNED NOT NULL
) ENGINE=InnoDB DEFAULT CHARSET=utf8mb4 COLLATE=utf8mb4_unicode_ci ROW_FORMAT=COMPACT;

-- --------------------------------------------------------

--
-- Table structure for table `model_has_roles`
--

CREATE TABLE `model_has_roles` (
  `role_id` int(10) UNSIGNED NOT NULL,
  `model_type` varchar(191) COLLATE utf8mb4_unicode_ci NOT NULL,
  `model_id` bigint(20) UNSIGNED NOT NULL
) ENGINE=InnoDB DEFAULT CHARSET=utf8mb4 COLLATE=utf8mb4_unicode_ci ROW_FORMAT=COMPACT;

-- --------------------------------------------------------

--
-- Table structure for table `password_resets`
--

CREATE TABLE `password_resets` (
  `email` varchar(191) COLLATE utf8mb4_unicode_ci NOT NULL,
  `token` varchar(191) COLLATE utf8mb4_unicode_ci NOT NULL,
  `created_at` timestamp NULL DEFAULT NULL
) ENGINE=InnoDB DEFAULT CHARSET=utf8mb4 COLLATE=utf8mb4_unicode_ci ROW_FORMAT=COMPACT;

-- --------------------------------------------------------

--
-- Table structure for table `permissions`
--

CREATE TABLE `permissions` (
  `id` int(10) UNSIGNED NOT NULL,
  `name` varchar(191) COLLATE utf8mb4_unicode_ci NOT NULL,
  `guard_name` varchar(191) COLLATE utf8mb4_unicode_ci NOT NULL,
  `created_at` timestamp NULL DEFAULT NULL,
  `updated_at` timestamp NULL DEFAULT NULL
) ENGINE=InnoDB DEFAULT CHARSET=utf8mb4 COLLATE=utf8mb4_unicode_ci ROW_FORMAT=COMPACT;

-- --------------------------------------------------------

--
-- Table structure for table `productcategories`
--

CREATE TABLE `productcategories` (
  `id` int(10) UNSIGNED NOT NULL,
  `name` varchar(191) COLLATE utf8mb4_unicode_ci NOT NULL,
  `description` text COLLATE utf8mb4_unicode_ci,
  `created_at` timestamp NULL DEFAULT NULL,
  `updated_at` timestamp NULL DEFAULT NULL,
  `deleted_at` timestamp NULL DEFAULT NULL,
  `status` int(11) DEFAULT NULL
) ENGINE=InnoDB DEFAULT CHARSET=utf8mb4 COLLATE=utf8mb4_unicode_ci ROW_FORMAT=COMPACT;

--
-- Dumping data for table `productcategories`
--

INSERT INTO `productcategories` (`id`, `name`, `description`, `created_at`, `updated_at`, `deleted_at`, `status`) VALUES
(1, 'HANDY JUG', 'TIGER HANDY JUGS', '2020-07-17 10:11:57', '2020-07-17 10:15:49', NULL, 1),
(2, 'AIRPUMP JUG', 'TIGER AIRPUMP JUGS', '2020-07-17 10:12:21', '2020-07-17 10:15:30', NULL, 1),
(3, 'PIC BOTTLE', 'TIGER PIC BOTTLES', '2020-07-17 10:12:37', '2020-07-17 10:15:18', NULL, 1),
(4, 'SOUP CUP', 'TIGER SOUP CUPS', '2020-07-17 10:13:16', '2020-07-17 10:15:38', NULL, 1),
(5, 'LUNCH JAR', 'TIGER LUNCH JARS', '2020-07-17 10:13:40', '2020-07-17 10:15:44', NULL, 1),
(6, 'RICE COOKER', 'TIGER RICE COOKER', '2020-07-17 10:13:59', '2020-07-17 10:15:08', NULL, 1),
(7, 'ELECTRIC AIRPOT', 'TIGER ELECTRIC AIRPOTS', '2020-07-17 10:14:18', '2020-07-17 10:15:25', NULL, 1),
(8, 'OVEN TOASTER', 'TIGER ELECTRIC OVEN TOASTER', '2020-07-17 10:14:51', '2020-07-17 10:14:51', NULL, 1),
(9, 'SKILLET', 'TIGER ELECTRIC SKILLET', '2020-07-17 10:18:18', '2020-07-17 10:18:18', NULL, 1),
(10, 'THERMAL COOKER', 'TIGER MAGIC COOKER / FOOD WARMER', '2020-07-17 10:19:04', '2020-07-17 10:19:04', NULL, 1),
(11, 'FOOD JAR', 'TIGER FOOD JAR', '2021-01-20 09:55:37', '2021-01-20 09:55:37', NULL, 1),
(12, 'KETTLES', 'TIGER ELECTRIC KETTLE', '2021-01-20 09:57:34', '2021-01-20 09:57:34', NULL, 1),
(13, 'DESKMUG', 'TIGER DESKMUG', '2021-01-20 12:25:06', '2021-01-20 12:25:06', NULL, 1),
(14, 'JUICER', 'JUICER', '2021-01-20 12:48:11', '2021-01-20 12:48:11', NULL, 1),
(15, 'FLAT IRON', 'FLATIRON', '2021-01-20 12:50:47', '2021-01-20 12:50:47', NULL, 1),
(16, 'GAS STOVE', 'GAS STOVE', '2021-01-20 12:52:19', '2021-01-20 12:52:19', NULL, 1),
(17, 'ELECTRIC STOVE', 'ELECTRIC STOVE', '2021-01-20 12:52:38', '2021-01-20 12:52:38', NULL, 1),
(18, 'INDUCTION COOKER', 'INDUCTION COOKER', '2021-01-20 12:52:51', '2021-01-20 12:52:51', NULL, 1),
(19, 'ELECTRIC OVEN', 'ELECTRIC OVEN', '2021-01-20 13:20:01', '2021-01-20 13:20:01', NULL, 1),
(20, 'HOTDOG MAKER', 'HOTDOG MAKER', '2021-01-20 14:27:11', '2021-01-20 14:27:11', NULL, 1),
(21, 'SANDWICH MAKER', 'SANDWICH MAKER', '2021-01-20 14:27:26', '2021-01-20 14:27:26', NULL, 1),
(22, 'AIR FRYER', 'AIR FRYER', '2021-01-20 14:27:40', '2021-01-20 14:27:40', NULL, 1),
(23, 'BLENDER', 'BLENDER', '2021-01-20 14:29:37', '2021-01-20 14:29:37', NULL, 1),
(24, 'HOT POT', 'HOT POT', '2021-01-20 14:45:36', '2021-01-20 14:45:36', NULL, 1),
(25, 'CHOPPER', 'CHOPPER', '2021-01-20 14:54:19', '2021-01-20 14:54:19', NULL, 1),
(26, 'NOODLE HEATER', 'NOODLE HEATER', '2021-01-20 14:57:24', '2021-01-20 14:57:24', NULL, 1),
(27, 'STEAMER', 'STEAMER', '2021-01-20 15:08:07', '2021-01-20 15:08:07', NULL, 1),
(28, 'MULTI-FUNCTION COOKER', 'MULTI-FUNCTION COOKER', '2021-01-20 15:11:26', '2021-01-20 15:13:47', NULL, 0),
(29, 'MULTI-FUNCTION COOKER', 'MULTI-FUNCTION COOKER', '2021-01-20 15:11:34', '2021-01-20 15:11:34', NULL, 1),
(30, 'HOT PLATE', 'HOT PLATE', '2021-01-20 15:17:21', '2021-01-20 15:17:21', NULL, 1),
(31, 'RICE WARMER', 'RICE WARMER', '2021-01-21 09:41:13', '2021-01-21 09:41:13', NULL, 1),
(32, 'PRESSURE COOKER', 'PRESSURE COOKER', '2021-01-21 09:42:57', '2021-01-21 09:42:57', NULL, 1),
(33, 'CONVECTION OVEN', 'CONVECTION OVEN', '2021-01-21 09:43:24', '2021-01-21 09:43:24', NULL, 1),
(34, 'ELECTRIC FANS', 'ELECTRIC FANS', '2021-01-21 09:46:00', '2021-01-21 09:46:00', NULL, 1);

-- --------------------------------------------------------

--
-- Table structure for table `productinventory`
--

CREATE TABLE `productinventory` (
  `id` int(11) NOT NULL,
  `product_id` int(11) DEFAULT NULL,
  `warehouse_id` int(11) DEFAULT NULL,
  `quantity` int(11) DEFAULT NULL,
  `reference` varchar(64) DEFAULT NULL,
  `reference_id` int(11) DEFAULT NULL,
  `type` int(11) DEFAULT NULL,
  `insert_datetime` timestamp NULL DEFAULT CURRENT_TIMESTAMP ON UPDATE CURRENT_TIMESTAMP,
  `actual_qty` int(11) DEFAULT NULL,
  `reference_table` varchar(32) DEFAULT NULL
) ENGINE=InnoDB DEFAULT CHARSET=latin1 ROW_FORMAT=COMPACT;

--
-- Dumping data for table `productinventory`
--

INSERT INTO `productinventory` (`id`, `product_id`, `warehouse_id`, `quantity`, `reference`, `reference_id`, `type`, `insert_datetime`, `actual_qty`, `reference_table`) VALUES
(1, 1, 1, 1, 'IA0000001', 1, 10, '2020-07-17 04:04:01', 1, 'inventoryadjustments'),
(2, 2, 1, 1, 'IA0000001', 1, 10, '2020-07-17 04:04:01', 1, 'inventoryadjustments'),
(3, 3, 1, 1, 'IA0000001', 1, 10, '2020-07-17 04:04:01', 1, 'inventoryadjustments'),
(4, 4, 1, 1, 'IA0000001', 1, 10, '2020-07-17 04:04:01', 1, 'inventoryadjustments'),
(5, 5, 1, 1, 'IA0000001', 1, 10, '2020-07-17 04:04:01', 1, 'inventoryadjustments'),
(6, 6, 1, 1, 'IA0000001', 1, 10, '2020-07-17 04:04:01', 1, 'inventoryadjustments'),
(7, 1, 5, 1, 'RT0000001', 1, 10, '2020-08-14 04:51:24', 1, 'returns'),
(8, 1, 1, 99, 'IA0000003', 3, 10, '2020-09-16 02:34:29', 99, 'inventoryadjustments'),
(9, 2, 1, 99, 'IA0000003', 3, 10, '2020-09-16 02:34:29', 99, 'inventoryadjustments'),
(10, 3, 1, 99, 'IA0000003', 3, 10, '2020-09-16 02:34:29', 99, 'inventoryadjustments'),
(11, 4, 1, 99, 'IA0000003', 3, 10, '2020-09-16 02:34:29', 99, 'inventoryadjustments'),
(12, 5, 1, 99, 'IA0000003', 3, 10, '2020-09-16 02:34:29', 99, 'inventoryadjustments'),
(13, 6, 1, 99, 'IA0000003', 3, 10, '2020-09-16 02:34:29', 99, 'inventoryadjustments'),
(14, 7, 1, 100, 'IA0000003', 3, 10, '2020-09-16 02:34:29', 100, 'inventoryadjustments'),
(15, 8, 1, 100, 'IA0000003', 3, 10, '2020-09-16 02:34:29', 100, 'inventoryadjustments'),
(16, 9, 1, 100, 'IA0000003', 3, 10, '2020-09-16 02:34:29', 100, 'inventoryadjustments'),
(17, 10, 1, 100, 'IA0000003', 3, 10, '2020-09-16 02:34:29', 100, 'inventoryadjustments'),
(18, 19, 1, 100, 'IA0000004', 4, 10, '2020-09-16 03:10:19', 100, 'inventoryadjustments'),
(19, 2, 1, 0, 'IA0000004', 4, 10, '2020-09-16 03:10:19', 0, 'inventoryadjustments'),
(20, 7, 1, 0, 'IA0000004', 4, 10, '2020-09-16 03:10:19', 0, 'inventoryadjustments'),
(21, 20, 1, 100, 'IA0000004', 4, 10, '2020-09-16 03:10:19', 100, 'inventoryadjustments'),
(22, 21, 1, 100, 'IA0000004', 4, 10, '2020-09-16 03:10:19', 100, 'inventoryadjustments'),
(23, 8, 1, 0, 'IA0000004', 4, 10, '2020-09-16 03:10:19', 0, 'inventoryadjustments'),
(24, 10, 1, 0, 'IA0000004', 4, 10, '2020-09-16 03:10:19', 0, 'inventoryadjustments'),
(25, 11, 1, 100, 'IA0000004', 4, 10, '2020-09-16 03:10:19', 100, 'inventoryadjustments'),
(26, 12, 1, 100, 'IA0000004', 4, 10, '2020-09-16 03:10:19', 100, 'inventoryadjustments'),
(27, 13, 1, 100, 'IA0000004', 4, 10, '2020-09-16 03:10:19', 100, 'inventoryadjustments'),
(28, 14, 1, 100, 'IA0000004', 4, 10, '2020-09-16 03:10:19', 100, 'inventoryadjustments'),
(29, 15, 1, 100, 'IA0000004', 4, 10, '2020-09-16 03:10:19', 100, 'inventoryadjustments'),
(30, 16, 1, 100, 'IA0000004', 4, 10, '2020-09-16 03:10:19', 100, 'inventoryadjustments'),
(31, 3, 1, 0, 'IA0000004', 4, 10, '2020-09-16 03:10:19', 0, 'inventoryadjustments'),
(32, 18, 1, 100, 'IA0000004', 4, 10, '2020-09-16 03:10:19', 100, 'inventoryadjustments'),
(33, 22, 1, 100, 'IA0000004', 4, 10, '2020-09-16 03:10:19', 100, 'inventoryadjustments'),
(34, 23, 1, 100, 'IA0000004', 4, 10, '2020-09-16 03:10:19', 100, 'inventoryadjustments'),
(35, 24, 1, 100, 'IA0000004', 4, 10, '2020-09-16 03:10:19', 100, 'inventoryadjustments'),
(36, 25, 1, 100, 'IA0000004', 4, 10, '2020-09-16 03:10:19', 100, 'inventoryadjustments'),
(37, 26, 1, 100, 'IA0000004', 4, 10, '2020-09-16 03:10:19', 100, 'inventoryadjustments'),
(38, 28, 1, 100, 'IA0000004', 4, 10, '2020-09-16 03:10:19', 100, 'inventoryadjustments'),
(39, 29, 1, 100, 'IA0000004', 4, 10, '2020-09-16 03:10:19', 100, 'inventoryadjustments'),
(40, 30, 1, 100, 'IA0000004', 4, 10, '2020-09-16 03:10:19', 100, 'inventoryadjustments'),
(41, 31, 1, 100, 'IA0000004', 4, 10, '2020-09-16 03:10:19', 100, 'inventoryadjustments'),
(42, 76, 1, 100, 'IA0000004', 4, 10, '2020-09-16 03:10:19', 100, 'inventoryadjustments'),
(43, 77, 1, 100, 'IA0000004', 4, 10, '2020-09-16 03:10:19', 100, 'inventoryadjustments'),
(44, 78, 1, 100, 'IA0000004', 4, 10, '2020-09-16 03:10:19', 100, 'inventoryadjustments'),
(45, 79, 1, 100, 'IA0000004', 4, 10, '2020-09-16 03:10:19', 100, 'inventoryadjustments'),
(46, 80, 1, 100, 'IA0000004', 4, 10, '2020-09-16 03:10:19', 100, 'inventoryadjustments'),
(47, 81, 1, 100, 'IA0000004', 4, 10, '2020-09-16 03:10:19', 100, 'inventoryadjustments'),
(48, 82, 1, 100, 'IA0000004', 4, 10, '2020-09-16 03:10:19', 100, 'inventoryadjustments'),
(49, 83, 1, 100, 'IA0000004', 4, 10, '2020-09-16 03:10:19', 100, 'inventoryadjustments'),
(50, 84, 1, 100, 'IA0000005', 5, 10, '2020-09-16 03:10:31', 100, 'inventoryadjustments'),
(51, 85, 1, 100, 'IA0000005', 5, 10, '2020-09-16 03:10:31', 100, 'inventoryadjustments'),
(52, 86, 1, 100, 'IA0000005', 5, 10, '2020-09-16 03:10:31', 100, 'inventoryadjustments'),
(53, 87, 1, 100, 'IA0000005', 5, 10, '2020-09-16 03:10:31', 100, 'inventoryadjustments'),
(54, 88, 1, 100, 'IA0000005', 5, 10, '2020-09-16 03:10:31', 100, 'inventoryadjustments'),
(55, 89, 1, 100, 'IA0000005', 5, 10, '2020-09-16 03:10:31', 100, 'inventoryadjustments'),
(56, 90, 1, 100, 'IA0000005', 5, 10, '2020-09-16 03:10:32', 100, 'inventoryadjustments'),
(57, 91, 1, 100, 'IA0000005', 5, 10, '2020-09-16 03:10:32', 100, 'inventoryadjustments'),
(58, 62, 1, 100, 'IA0000005', 5, 10, '2020-09-16 03:10:32', 100, 'inventoryadjustments'),
(59, 63, 1, 100, 'IA0000005', 5, 10, '2020-09-16 03:10:32', 100, 'inventoryadjustments'),
(60, 64, 1, 100, 'IA0000005', 5, 10, '2020-09-16 03:10:32', 100, 'inventoryadjustments'),
(61, 65, 1, 100, 'IA0000005', 5, 10, '2020-09-16 03:10:32', 100, 'inventoryadjustments'),
(62, 66, 1, 100, 'IA0000005', 5, 10, '2020-09-16 03:10:32', 100, 'inventoryadjustments'),
(63, 67, 1, 100, 'IA0000005', 5, 10, '2020-09-16 03:10:32', 100, 'inventoryadjustments'),
(64, 69, 1, 100, 'IA0000005', 5, 10, '2020-09-16 03:10:32', 100, 'inventoryadjustments'),
(65, 70, 1, 100, 'IA0000005', 5, 10, '2020-09-16 03:10:32', 100, 'inventoryadjustments'),
(66, 71, 1, 10099, 'IA0000005', 5, 10, '2020-09-16 03:10:32', 10099, 'inventoryadjustments'),
(67, 32, 1, 100, 'IA0000005', 5, 10, '2020-09-16 03:10:32', 100, 'inventoryadjustments'),
(68, 33, 1, 100, 'IA0000005', 5, 10, '2020-09-16 03:10:32', 100, 'inventoryadjustments'),
(69, 34, 1, 100, 'IA0000005', 5, 10, '2020-09-16 03:10:32', 100, 'inventoryadjustments'),
(70, 35, 1, 100, 'IA0000005', 5, 10, '2020-09-16 03:10:32', 100, 'inventoryadjustments'),
(71, 36, 1, 100, 'IA0000005', 5, 10, '2020-09-16 03:10:32', 100, 'inventoryadjustments'),
(72, 73, 1, 100, 'IA0000005', 5, 10, '2020-09-16 03:10:32', 100, 'inventoryadjustments'),
(73, 74, 1, 100, 'IA0000005', 5, 10, '2020-09-16 03:10:32', 100, 'inventoryadjustments'),
(74, 75, 1, 100, 'IA0000005', 5, 10, '2020-09-16 03:10:32', 100, 'inventoryadjustments'),
(75, 49, 1, 100, 'IA0000005', 5, 10, '2020-09-16 03:10:32', 100, 'inventoryadjustments'),
(76, 50, 1, 100, 'IA0000005', 5, 10, '2020-09-16 03:10:32', 100, 'inventoryadjustments'),
(77, 51, 1, 100, 'IA0000005', 5, 10, '2020-09-16 03:10:32', 100, 'inventoryadjustments'),
(78, 52, 1, 100, 'IA0000005', 5, 10, '2020-09-16 03:10:32', 100, 'inventoryadjustments'),
(79, 53, 1, 100, 'IA0000005', 5, 10, '2020-09-16 03:10:32', 100, 'inventoryadjustments'),
(80, 54, 1, 100, 'IA0000005', 5, 10, '2020-09-16 03:10:32', 100, 'inventoryadjustments'),
(81, 55, 1, 100, 'IA0000005', 5, 10, '2020-09-16 03:10:32', 100, 'inventoryadjustments'),
(82, 56, 1, 100, 'IA0000005', 5, 10, '2020-09-16 03:10:32', 100, 'inventoryadjustments'),
(83, 57, 1, 100, 'IA0000005', 5, 10, '2020-09-16 03:10:32', 100, 'inventoryadjustments'),
(84, 58, 1, 10098, 'IA0000005', 5, 10, '2020-09-16 03:10:32', 10098, 'inventoryadjustments'),
(85, 59, 1, 100, 'IA0000005', 5, 10, '2020-09-16 03:10:32', 100, 'inventoryadjustments'),
(86, 60, 1, 100, 'IA0000005', 5, 10, '2020-09-16 03:10:32', 100, 'inventoryadjustments'),
(87, 61, 1, 100, 'IA0000005', 5, 10, '2020-09-16 03:10:32', 100, 'inventoryadjustments'),
(88, 72, 1, 100, 'IA0000005', 5, 10, '2020-09-16 03:10:32', 100, 'inventoryadjustments'),
(89, 95, 1, 100, 'IA0000005', 5, 10, '2020-09-16 03:10:32', 100, 'inventoryadjustments'),
(90, 96, 1, 100, 'IA0000005', 5, 10, '2020-09-16 03:10:32', 100, 'inventoryadjustments'),
(91, 97, 1, 100, 'IA0000005', 5, 10, '2020-09-16 03:10:32', 100, 'inventoryadjustments'),
(92, 98, 1, 100, 'IA0000005', 5, 10, '2020-09-16 03:10:32', 100, 'inventoryadjustments'),
(93, 5, 1, 0, 'IA0000005', 5, 10, '2020-09-16 03:10:32', 0, 'inventoryadjustments'),
(94, 92, 1, 100, 'IA0000005', 5, 10, '2020-09-16 03:10:32', 100, 'inventoryadjustments'),
(95, 93, 1, 100, 'IA0000005', 5, 10, '2020-09-16 03:10:32', 100, 'inventoryadjustments'),
(96, 6, 1, 0, 'IA0000005', 5, 10, '2020-09-16 03:10:32', 0, 'inventoryadjustments'),
(97, 94, 1, 100, 'IA0000005', 5, 10, '2020-09-16 03:10:32', 100, 'inventoryadjustments'),
(98, 27, 1, 100, 'IA0000005', 5, 10, '2020-09-16 03:10:32', 100, 'inventoryadjustments'),
(99, 38, 1, 100, 'IA0000005', 5, 10, '2020-09-16 03:10:32', 100, 'inventoryadjustments'),
(100, 39, 1, 100, 'IA0000005', 5, 10, '2020-09-16 03:10:32', 100, 'inventoryadjustments'),
(101, 40, 1, 100, 'IA0000005', 5, 10, '2020-09-16 03:10:32', 100, 'inventoryadjustments'),
(102, 41, 1, 100, 'IA0000005', 5, 10, '2020-09-16 03:10:32', 100, 'inventoryadjustments'),
(103, 42, 1, 100, 'IA0000005', 5, 10, '2020-09-16 03:10:32', 100, 'inventoryadjustments'),
(104, 43, 1, 100, 'IA0000005', 5, 10, '2020-09-16 03:10:32', 100, 'inventoryadjustments'),
(105, 44, 1, 100, 'IA0000005', 5, 10, '2020-09-16 03:10:32', 100, 'inventoryadjustments'),
(106, 45, 1, 100, 'IA0000005', 5, 10, '2020-09-16 03:10:32', 100, 'inventoryadjustments'),
(107, 46, 1, 100, 'IA0000005', 5, 10, '2020-09-16 03:10:32', 100, 'inventoryadjustments'),
(108, 47, 1, 100, 'IA0000005', 5, 10, '2020-09-16 03:10:32', 100, 'inventoryadjustments'),
(109, 48, 1, 100, 'IA0000005', 5, 10, '2020-09-16 03:10:32', 100, 'inventoryadjustments'),
(110, 120, 1, 100, 'IA0000005', 5, 10, '2020-09-16 03:10:32', 100, 'inventoryadjustments'),
(111, 121, 1, 100, 'IA0000005', 5, 10, '2020-09-16 03:10:32', 100, 'inventoryadjustments'),
(112, 122, 1, 100, 'IA0000005', 5, 10, '2020-09-16 03:10:32', 100, 'inventoryadjustments'),
(113, 123, 1, 100, 'IA0000005', 5, 10, '2020-09-16 03:10:32', 100, 'inventoryadjustments'),
(114, 102, 1, 100, 'IA0000005', 5, 10, '2020-09-16 03:10:32', 100, 'inventoryadjustments'),
(115, 103, 1, 100, 'IA0000005', 5, 10, '2020-09-16 03:10:32', 100, 'inventoryadjustments'),
(116, 104, 1, 100, 'IA0000005', 5, 10, '2020-09-16 03:10:32', 100, 'inventoryadjustments'),
(117, 113, 1, 100, 'IA0000006', 6, 10, '2020-09-16 03:11:11', 100, 'inventoryadjustments'),
(118, 114, 1, 100, 'IA0000006', 6, 10, '2020-09-16 03:11:11', 100, 'inventoryadjustments'),
(119, 115, 1, 100, 'IA0000006', 6, 10, '2020-09-16 03:11:11', 100, 'inventoryadjustments'),
(120, 116, 1, 100, 'IA0000006', 6, 10, '2020-09-16 03:11:11', 100, 'inventoryadjustments'),
(121, 117, 1, 100, 'IA0000006', 6, 10, '2020-09-16 03:11:11', 100, 'inventoryadjustments'),
(122, 111, 1, 100, 'IA0000006', 6, 10, '2020-09-16 03:11:11', 100, 'inventoryadjustments'),
(123, 112, 1, 100, 'IA0000006', 6, 10, '2020-09-16 03:11:11', 100, 'inventoryadjustments'),
(124, 107, 1, 100, 'IA0000006', 6, 10, '2020-09-16 03:11:11', 100, 'inventoryadjustments'),
(125, 108, 1, 10097, 'IA0000006', 6, 10, '2020-09-16 03:11:11', 10097, 'inventoryadjustments'),
(126, 118, 1, 100, 'IA0000006', 6, 10, '2020-09-16 03:11:11', 100, 'inventoryadjustments'),
(127, 119, 1, 100, 'IA0000006', 6, 10, '2020-09-16 03:11:11', 100, 'inventoryadjustments'),
(128, 109, 1, 100, 'IA0000006', 6, 10, '2020-09-16 03:11:11', 100, 'inventoryadjustments'),
(129, 110, 1, 100, 'IA0000006', 6, 10, '2020-09-16 03:11:11', 100, 'inventoryadjustments'),
(130, 106, 1, 100, 'IA0000006', 6, 10, '2020-09-16 03:11:11', 100, 'inventoryadjustments'),
(131, 105, 1, 100, 'IA0000006', 6, 10, '2020-09-16 03:11:11', 100, 'inventoryadjustments'),
(132, 108, 1, 9997, 'IA0000007', 7, 20, '2020-09-16 03:11:47', -9997, 'inventoryadjustments'),
(133, 71, 1, 9999, 'IA0000008', 8, 20, '2020-09-16 03:13:50', -9999, 'inventoryadjustments'),
(134, 54, 6, 1, 'SI0000004', 4, 20, '2020-10-30 02:59:25', -1, 'transactions'),
(135, 4, 6, 1, 'SI0000003', 3, 20, '2020-10-30 02:59:33', -1, 'transactions'),
(136, 4, 6, 4, 'RC0000003', 3, 10, '2020-10-30 05:09:41', 4, 'receiving'),
(137, 4, 1, 4, 'DR0000003', 3, 20, '2020-10-30 05:09:41', -4, 'deliveries'),
(138, 54, 6, 43, 'RC0000003', 3, 10, '2020-10-30 05:09:41', 43, 'receiving'),
(139, 54, 1, 43, 'DR0000003', 3, 20, '2020-10-30 05:09:41', -43, 'deliveries'),
(140, 2, 6, 7, 'RC0000004', 4, 10, '2020-10-30 05:34:59', 7, 'receiving'),
(141, 2, 1, 7, 'DR0000004', 4, 20, '2020-10-30 05:34:59', -7, 'deliveries'),
(142, 10, 6, 6, 'RC0000004', 4, 10, '2020-10-30 05:34:59', 6, 'receiving'),
(143, 10, 1, 6, 'DR0000004', 4, 20, '2020-10-30 05:34:59', -6, 'deliveries'),
(144, 5, 8, 8, 'IA0000009', 9, 10, '2020-11-06 02:10:20', 8, 'inventoryadjustments'),
(145, 92, 8, 8, 'IA0000009', 9, 10, '2020-11-06 02:10:20', 8, 'inventoryadjustments'),
(146, 93, 8, 8, 'IA0000009', 9, 10, '2020-11-06 02:10:20', 8, 'inventoryadjustments'),
(147, 6, 8, 8, 'IA0000009', 9, 10, '2020-11-06 02:10:20', 8, 'inventoryadjustments'),
(148, 94, 8, 8, 'IA0000009', 9, 10, '2020-11-06 02:10:20', 8, 'inventoryadjustments'),
(149, 59, 9, 2, 'RC0000022', 22, 10, '2020-11-13 02:51:28', 2, 'receiving'),
(150, 59, 1, 2, 'DR0000011', 11, 20, '2020-11-13 02:51:28', -2, 'deliveries'),
(151, 60, 9, 2, 'RC0000022', 22, 10, '2020-11-13 02:51:28', 2, 'receiving'),
(152, 60, 1, 2, 'DR0000011', 11, 20, '2020-11-13 02:51:28', -2, 'deliveries'),
(153, 61, 9, 2, 'RC0000022', 22, 10, '2020-11-13 02:51:28', 2, 'receiving'),
(154, 61, 1, 2, 'DR0000011', 11, 20, '2020-11-13 02:51:28', -2, 'deliveries'),
(155, 92, 9, 2, 'RC0000022', 22, 10, '2020-11-13 02:51:28', 2, 'receiving'),
(156, 92, 1, 2, 'DR0000011', 11, 20, '2020-11-13 02:51:28', -2, 'deliveries'),
(157, 93, 9, 2, 'RC0000022', 22, 10, '2020-11-13 02:51:28', 2, 'receiving'),
(158, 93, 1, 2, 'DR0000011', 11, 20, '2020-11-13 02:51:28', -2, 'deliveries'),
(159, 6, 9, 2, 'RC0000022', 22, 10, '2020-11-13 02:51:28', 2, 'receiving'),
(160, 6, 1, 2, 'DR0000011', 11, 20, '2020-11-13 02:51:28', -2, 'deliveries'),
(161, 94, 9, 2, 'RC0000022', 22, 10, '2020-11-13 02:51:28', 2, 'receiving'),
(162, 94, 1, 2, 'DR0000011', 11, 20, '2020-11-13 02:51:28', -2, 'deliveries'),
(163, 46, 9, 2, 'RC0000021', 21, 10, '2020-11-13 02:51:38', 2, 'receiving'),
(164, 46, 1, 2, 'DR0000012', 12, 20, '2020-11-13 02:51:38', -2, 'deliveries'),
(165, 47, 9, 2, 'RC0000021', 21, 10, '2020-11-13 02:51:38', 2, 'receiving'),
(166, 47, 1, 2, 'DR0000012', 12, 20, '2020-11-13 02:51:38', -2, 'deliveries'),
(167, 48, 9, 2, 'RC0000021', 21, 10, '2020-11-13 02:51:38', 2, 'receiving'),
(168, 48, 1, 2, 'DR0000012', 12, 20, '2020-11-13 02:51:38', -2, 'deliveries'),
(169, 38, 9, 2, 'RC0000021', 21, 10, '2020-11-13 02:51:38', 2, 'receiving'),
(170, 38, 1, 2, 'DR0000012', 12, 20, '2020-11-13 02:51:38', -2, 'deliveries'),
(171, 40, 9, 2, 'RC0000021', 21, 10, '2020-11-13 02:51:38', 2, 'receiving'),
(172, 40, 1, 2, 'DR0000012', 12, 20, '2020-11-13 02:51:38', -2, 'deliveries'),
(173, 41, 9, 2, 'RC0000021', 21, 10, '2020-11-13 02:51:38', 2, 'receiving'),
(174, 41, 1, 2, 'DR0000012', 12, 20, '2020-11-13 02:51:38', -2, 'deliveries'),
(175, 42, 9, 2, 'RC0000021', 21, 10, '2020-11-13 02:51:38', 2, 'receiving'),
(176, 42, 1, 2, 'DR0000012', 12, 20, '2020-11-13 02:51:38', -2, 'deliveries'),
(177, 46, 9, 2, 'RC0000020', 20, 10, '2020-11-13 02:51:46', 2, 'receiving'),
(178, 46, 1, 2, 'DR0000012', 12, 20, '2020-11-13 02:51:46', -2, 'deliveries'),
(179, 47, 9, 2, 'RC0000020', 20, 10, '2020-11-13 02:51:46', 2, 'receiving'),
(180, 47, 1, 2, 'DR0000012', 12, 20, '2020-11-13 02:51:46', -2, 'deliveries'),
(181, 48, 9, 2, 'RC0000020', 20, 10, '2020-11-13 02:51:46', 2, 'receiving'),
(182, 48, 1, 2, 'DR0000012', 12, 20, '2020-11-13 02:51:46', -2, 'deliveries'),
(183, 38, 9, 2, 'RC0000020', 20, 10, '2020-11-13 02:51:46', 2, 'receiving'),
(184, 38, 1, 2, 'DR0000012', 12, 20, '2020-11-13 02:51:46', -2, 'deliveries'),
(185, 40, 9, 2, 'RC0000020', 20, 10, '2020-11-13 02:51:47', 2, 'receiving'),
(186, 40, 1, 2, 'DR0000012', 12, 20, '2020-11-13 02:51:47', -2, 'deliveries'),
(187, 41, 9, 2, 'RC0000020', 20, 10, '2020-11-13 02:51:47', 2, 'receiving'),
(188, 41, 1, 2, 'DR0000012', 12, 20, '2020-11-13 02:51:47', -2, 'deliveries'),
(189, 42, 9, 2, 'RC0000020', 20, 10, '2020-11-13 02:51:47', 2, 'receiving'),
(190, 42, 1, 2, 'DR0000012', 12, 20, '2020-11-13 02:51:47', -2, 'deliveries'),
(191, 46, 9, 2, 'RC0000019', 19, 10, '2020-11-13 02:52:01', 2, 'receiving'),
(192, 46, 1, 2, 'DR0000012', 12, 20, '2020-11-13 02:52:01', -2, 'deliveries'),
(193, 47, 9, 2, 'RC0000019', 19, 10, '2020-11-13 02:52:01', 2, 'receiving'),
(194, 47, 1, 2, 'DR0000012', 12, 20, '2020-11-13 02:52:01', -2, 'deliveries'),
(195, 48, 9, 2, 'RC0000019', 19, 10, '2020-11-13 02:52:01', 2, 'receiving'),
(196, 48, 1, 2, 'DR0000012', 12, 20, '2020-11-13 02:52:01', -2, 'deliveries'),
(197, 38, 9, 2, 'RC0000019', 19, 10, '2020-11-13 02:52:01', 2, 'receiving'),
(198, 38, 1, 2, 'DR0000012', 12, 20, '2020-11-13 02:52:01', -2, 'deliveries'),
(199, 40, 9, 2, 'RC0000019', 19, 10, '2020-11-13 02:52:01', 2, 'receiving'),
(200, 40, 1, 2, 'DR0000012', 12, 20, '2020-11-13 02:52:01', -2, 'deliveries'),
(201, 41, 9, 2, 'RC0000019', 19, 10, '2020-11-13 02:52:01', 2, 'receiving'),
(202, 41, 1, 2, 'DR0000012', 12, 20, '2020-11-13 02:52:01', -2, 'deliveries'),
(203, 42, 9, 2, 'RC0000019', 19, 10, '2020-11-13 02:52:01', 2, 'receiving'),
(204, 42, 1, 2, 'DR0000012', 12, 20, '2020-11-13 02:52:01', -2, 'deliveries'),
(205, 46, 9, 2, 'RC0000018', 18, 10, '2020-11-13 02:52:24', 2, 'receiving'),
(206, 46, 1, 2, 'DR0000012', 12, 20, '2020-11-13 02:52:24', -2, 'deliveries'),
(207, 47, 9, 2, 'RC0000018', 18, 10, '2020-11-13 02:52:24', 2, 'receiving'),
(208, 47, 1, 2, 'DR0000012', 12, 20, '2020-11-13 02:52:24', -2, 'deliveries'),
(209, 48, 9, 2, 'RC0000018', 18, 10, '2020-11-13 02:52:24', 2, 'receiving'),
(210, 48, 1, 2, 'DR0000012', 12, 20, '2020-11-13 02:52:24', -2, 'deliveries'),
(211, 38, 9, 2, 'RC0000018', 18, 10, '2020-11-13 02:52:24', 2, 'receiving'),
(212, 38, 1, 2, 'DR0000012', 12, 20, '2020-11-13 02:52:24', -2, 'deliveries'),
(213, 40, 9, 2, 'RC0000018', 18, 10, '2020-11-13 02:52:24', 2, 'receiving'),
(214, 40, 1, 2, 'DR0000012', 12, 20, '2020-11-13 02:52:24', -2, 'deliveries'),
(215, 41, 9, 2, 'RC0000018', 18, 10, '2020-11-13 02:52:24', 2, 'receiving'),
(216, 41, 1, 2, 'DR0000012', 12, 20, '2020-11-13 02:52:24', -2, 'deliveries'),
(217, 42, 9, 2, 'RC0000018', 18, 10, '2020-11-13 02:52:24', 2, 'receiving'),
(218, 42, 1, 2, 'DR0000012', 12, 20, '2020-11-13 02:52:24', -2, 'deliveries'),
(219, 120, 9, 2, 'RC0000017', 17, 10, '2020-11-13 02:52:35', 2, 'receiving'),
(220, 120, 1, 2, 'DR0000014', 14, 20, '2020-11-13 02:52:35', -2, 'deliveries'),
(221, 121, 9, 2, 'RC0000017', 17, 10, '2020-11-13 02:52:35', 2, 'receiving'),
(222, 121, 1, 2, 'DR0000014', 14, 20, '2020-11-13 02:52:35', -2, 'deliveries'),
(223, 122, 9, 2, 'RC0000017', 17, 10, '2020-11-13 02:52:35', 2, 'receiving'),
(224, 122, 1, 2, 'DR0000014', 14, 20, '2020-11-13 02:52:35', -2, 'deliveries'),
(225, 123, 9, 2, 'RC0000017', 17, 10, '2020-11-13 02:52:35', 2, 'receiving'),
(226, 123, 1, 2, 'DR0000014', 14, 20, '2020-11-13 02:52:35', -2, 'deliveries'),
(227, 104, 9, 2, 'RC0000017', 17, 10, '2020-11-13 02:52:35', 2, 'receiving'),
(228, 104, 1, 2, 'DR0000014', 14, 20, '2020-11-13 02:52:35', -2, 'deliveries'),
(229, 128, 9, 2, 'RC0000016', 16, 10, '2020-11-13 02:52:47', 2, 'receiving'),
(230, 128, 1, 2, 'DR0000016', 16, 20, '2020-11-13 02:52:47', -2, 'deliveries'),
(231, 129, 9, 6, 'RC0000015', 15, 10, '2020-11-13 02:52:59', 6, 'receiving'),
(232, 129, 1, 6, 'DR0000017', 17, 20, '2020-11-13 02:52:59', -6, 'deliveries'),
(233, 129, 9, 6, 'RC0000014', 14, 10, '2020-11-13 02:53:14', 6, 'receiving'),
(234, 129, 1, 6, 'DR0000017', 17, 20, '2020-11-13 02:53:14', -6, 'deliveries'),
(235, 129, 9, 6, 'RC0000013', 13, 10, '2020-11-13 02:53:28', 6, 'receiving'),
(236, 129, 1, 6, 'DR0000017', 17, 20, '2020-11-13 02:53:28', -6, 'deliveries'),
(237, 130, 9, 3, 'RC0000012', 12, 10, '2020-11-13 02:53:47', 3, 'receiving'),
(238, 130, 1, 3, 'DR0000018', 18, 20, '2020-11-13 02:53:47', -3, 'deliveries'),
(239, 131, 9, 3, 'RC0000012', 12, 10, '2020-11-13 02:53:47', 3, 'receiving'),
(240, 131, 1, 3, 'DR0000018', 18, 20, '2020-11-13 02:53:47', -3, 'deliveries'),
(241, 132, 9, 3, 'RC0000012', 12, 10, '2020-11-13 02:53:47', 3, 'receiving'),
(242, 132, 1, 3, 'DR0000018', 18, 20, '2020-11-13 02:53:47', -3, 'deliveries'),
(243, 126, 9, 6, 'RC0000011', 11, 10, '2020-11-13 02:54:05', 6, 'receiving'),
(244, 126, 1, 6, 'DR0000019', 19, 20, '2020-11-13 02:54:05', -6, 'deliveries'),
(245, 127, 9, 6, 'RC0000011', 11, 10, '2020-11-13 02:54:05', 6, 'receiving'),
(246, 127, 1, 6, 'DR0000019', 19, 20, '2020-11-13 02:54:05', -6, 'deliveries'),
(247, 124, 9, 6, 'RC0000011', 11, 10, '2020-11-13 02:54:05', 6, 'receiving'),
(248, 124, 1, 6, 'DR0000019', 19, 20, '2020-11-13 02:54:05', -6, 'deliveries'),
(249, 125, 9, 6, 'RC0000011', 11, 10, '2020-11-13 02:54:05', 6, 'receiving'),
(250, 125, 1, 6, 'DR0000019', 19, 20, '2020-11-13 02:54:05', -6, 'deliveries'),
(251, 133, 9, 2, 'RC0000010', 10, 10, '2020-11-13 02:54:21', 2, 'receiving'),
(252, 133, 1, 2, 'DR0000020', 20, 20, '2020-11-13 02:54:21', -2, 'deliveries'),
(253, 134, 9, 2, 'RC0000010', 10, 10, '2020-11-13 02:54:21', 2, 'receiving'),
(254, 134, 1, 2, 'DR0000020', 20, 20, '2020-11-13 02:54:21', -2, 'deliveries'),
(255, 136, 9, 2, 'RC0000010', 10, 10, '2020-11-13 02:54:21', 2, 'receiving'),
(256, 136, 1, 2, 'DR0000020', 20, 20, '2020-11-13 02:54:21', -2, 'deliveries'),
(257, 137, 9, 2, 'RC0000010', 10, 10, '2020-11-13 02:54:21', 2, 'receiving'),
(258, 137, 1, 2, 'DR0000020', 20, 20, '2020-11-13 02:54:21', -2, 'deliveries'),
(259, 130, 9, 3, 'RC0000009', 9, 10, '2020-11-13 02:54:37', 3, 'receiving'),
(260, 130, 1, 3, 'DR0000018', 18, 20, '2020-11-13 02:54:37', -3, 'deliveries'),
(261, 131, 9, 3, 'RC0000009', 9, 10, '2020-11-13 02:54:37', 3, 'receiving'),
(262, 131, 1, 3, 'DR0000018', 18, 20, '2020-11-13 02:54:37', -3, 'deliveries'),
(263, 132, 9, 3, 'RC0000009', 9, 10, '2020-11-13 02:54:37', 3, 'receiving'),
(264, 132, 1, 3, 'DR0000018', 18, 20, '2020-11-13 02:54:37', -3, 'deliveries'),
(265, 126, 9, 6, 'RC0000008', 8, 10, '2020-11-13 02:54:52', 6, 'receiving'),
(266, 126, 1, 6, 'DR0000019', 19, 20, '2020-11-13 02:54:52', -6, 'deliveries'),
(267, 127, 9, 6, 'RC0000008', 8, 10, '2020-11-13 02:54:52', 6, 'receiving'),
(268, 127, 1, 6, 'DR0000019', 19, 20, '2020-11-13 02:54:52', -6, 'deliveries'),
(269, 124, 9, 6, 'RC0000008', 8, 10, '2020-11-13 02:54:52', 6, 'receiving'),
(270, 124, 1, 6, 'DR0000019', 19, 20, '2020-11-13 02:54:52', -6, 'deliveries'),
(271, 125, 9, 6, 'RC0000008', 8, 10, '2020-11-13 02:54:52', 6, 'receiving'),
(272, 125, 1, 6, 'DR0000019', 19, 20, '2020-11-13 02:54:52', -6, 'deliveries'),
(273, 133, 9, 2, 'RC0000007', 7, 10, '2020-11-13 02:55:05', 2, 'receiving'),
(274, 133, 1, 2, 'DR0000020', 20, 20, '2020-11-13 02:55:05', -2, 'deliveries'),
(275, 134, 9, 2, 'RC0000007', 7, 10, '2020-11-13 02:55:05', 2, 'receiving'),
(276, 134, 1, 2, 'DR0000020', 20, 20, '2020-11-13 02:55:05', -2, 'deliveries'),
(277, 136, 9, 2, 'RC0000007', 7, 10, '2020-11-13 02:55:05', 2, 'receiving'),
(278, 136, 1, 2, 'DR0000020', 20, 20, '2020-11-13 02:55:05', -2, 'deliveries'),
(279, 137, 9, 2, 'RC0000007', 7, 10, '2020-11-13 02:55:05', 2, 'receiving'),
(280, 137, 1, 2, 'DR0000020', 20, 20, '2020-11-13 02:55:05', -2, 'deliveries'),
(281, 138, 9, 3, 'RC0000006', 6, 10, '2020-11-13 02:55:26', 3, 'receiving'),
(282, 138, 1, 3, 'DR0000021', 21, 20, '2020-11-13 02:55:26', -3, 'deliveries'),
(283, 138, 9, 3, 'RC0000006', 6, 10, '2020-11-13 02:55:26', 3, 'receiving'),
(284, 138, 1, 3, 'DR0000021', 21, 20, '2020-11-13 02:55:26', -3, 'deliveries'),
(285, 139, 9, 2, 'RC0000005', 5, 10, '2020-11-13 02:55:40', 2, 'receiving'),
(286, 139, 1, 2, 'DR0000022', 22, 20, '2020-11-13 02:55:40', -2, 'deliveries'),
(287, 140, 9, 2, 'RC0000005', 5, 10, '2020-11-13 02:55:40', 2, 'receiving'),
(288, 140, 1, 2, 'DR0000022', 22, 20, '2020-11-13 02:55:40', -2, 'deliveries'),
(289, 103, 9, 1, 'SI0000009', 9, 20, '2020-11-13 03:09:07', -1, 'transactions'),
(290, 103, 9, 1, 'SI0000010', 10, 20, '2020-11-13 03:09:23', -1, 'transactions'),
(291, 103, 9, 1, 'SI0000008', 8, 20, '2020-11-13 03:10:07', -1, 'transactions'),
(292, 103, 9, 1, 'SI0000007', 7, 20, '2020-11-13 03:10:20', -1, 'transactions'),
(293, 139, 9, 1, 'SI0000011', 11, 20, '2020-11-13 03:12:37', -1, 'transactions'),
(294, 124, 9, 1, 'SI0000012', 12, 20, '2020-11-13 03:12:48', -1, 'transactions'),
(295, 51, 9, 1, 'SI0000013', 13, 20, '2020-11-13 03:13:30', -1, 'transactions'),
(296, 138, 9, 1, 'SI0000015', 15, 20, '2020-11-13 03:16:43', -1, 'transactions'),
(297, 138, 9, 1, 'SI0000016', 16, 20, '2020-11-13 03:16:55', -1, 'transactions'),
(298, 70, 9, 1, 'SI0000018', 18, 20, '2020-11-13 03:18:29', -1, 'transactions'),
(299, 29, 9, 1, 'SI0000005', 5, 20, '2020-11-13 03:19:01', -1, 'transactions'),
(300, 1, 9, 1, 'SI0000006', 6, 20, '2020-11-13 03:19:19', -1, 'transactions'),
(301, 94, 9, 1, 'SI0000019', 19, 20, '2020-11-13 05:22:44', -1, 'transactions'),
(302, 110, 9, 1, 'SI0000020', 20, 20, '2020-11-13 05:38:42', -1, 'transactions'),
(303, 91, 9, 1, 'SI0000023', 23, 20, '2020-11-16 01:51:12', -1, 'transactions'),
(304, 132, 9, 1, 'SI0000021', 21, 20, '2020-11-16 01:52:00', -1, 'transactions'),
(305, 11, 9, 1, 'SI0000024', 24, 20, '2020-11-16 08:39:16', -1, 'transactions'),
(306, 90, 9, 1, 'SI0000022', 22, 20, '2020-11-24 05:15:10', -1, 'transactions'),
(307, 110, 9, 1, 'SI0000052', 52, 20, '2020-11-24 05:51:25', -1, 'transactions'),
(308, 109, 9, 1, 'SI0000051', 51, 20, '2020-11-24 05:51:34', -1, 'transactions'),
(309, 138, 9, 1, 'SI0000050', 50, 20, '2020-11-24 05:52:28', -1, 'transactions'),
(310, 138, 9, 1, 'SI0000049', 49, 20, '2020-11-24 05:52:39', -1, 'transactions'),
(311, 138, 9, 1, 'SI0000048', 48, 20, '2020-11-24 05:52:49', -1, 'transactions'),
(312, 138, 9, 1, 'SI0000047', 47, 20, '2020-11-24 05:52:57', -1, 'transactions'),
(313, 138, 9, 1, 'SI0000046', 46, 20, '2020-11-24 05:53:09', -1, 'transactions'),
(314, 31, 9, 1, 'SI0000045', 45, 20, '2020-11-24 05:53:23', -1, 'transactions'),
(315, 134, 9, 1, 'SI0000044', 44, 20, '2020-11-24 05:53:45', -1, 'transactions'),
(316, 133, 9, 1, 'SI0000043', 43, 20, '2020-11-24 05:53:55', -1, 'transactions'),
(317, 139, 9, 1, 'SI0000042', 42, 20, '2020-11-24 05:54:25', -1, 'transactions'),
(318, 140, 9, 1, 'SI0000041', 41, 20, '2020-11-24 05:54:39', -1, 'transactions'),
(319, 140, 9, 1, 'SI0000040', 40, 20, '2020-11-24 05:54:53', -1, 'transactions'),
(320, 2, 9, 1, 'SI0000039', 39, 20, '2020-11-24 05:55:23', -1, 'transactions'),
(321, 1, 9, 1, 'SI0000038', 38, 20, '2020-11-24 05:55:37', -1, 'transactions'),
(322, 1, 9, 1, 'SI0000037', 37, 20, '2020-11-24 05:55:47', -1, 'transactions'),
(323, 123, 9, 1, 'SI0000036', 36, 20, '2020-11-24 05:56:08', -1, 'transactions'),
(324, 123, 9, 1, 'SI0000035', 35, 20, '2020-11-24 05:56:21', -1, 'transactions'),
(325, 122, 9, 1, 'SI0000034', 34, 20, '2020-11-24 05:56:31', -1, 'transactions'),
(326, 122, 9, 1, 'SI0000033', 33, 20, '2020-11-24 05:56:40', -1, 'transactions'),
(327, 121, 9, 1, 'SI0000032', 32, 20, '2020-11-24 05:57:05', -1, 'transactions'),
(328, 121, 9, 1, 'SI0000032', 32, 20, '2020-11-24 05:57:05', -1, 'transactions'),
(329, 120, 9, 1, 'SI0000031', 31, 20, '2020-11-24 05:57:16', -1, 'transactions'),
(330, 82, 9, 1, 'SI0000030', 30, 20, '2020-11-24 05:57:36', -1, 'transactions'),
(331, 83, 9, 1, 'SI0000029', 29, 20, '2020-11-24 05:57:48', -1, 'transactions'),
(332, 94, 9, 1, 'SI0000028', 28, 20, '2020-11-24 05:58:23', -1, 'transactions'),
(333, 94, 9, 1, 'SI0000028', 28, 20, '2020-11-24 05:58:23', -1, 'transactions'),
(334, 93, 9, 1, 'SI0000027', 27, 20, '2020-11-24 05:58:38', -1, 'transactions'),
(335, 81, 9, 1, 'SI0000026', 26, 20, '2020-11-24 05:59:00', -1, 'transactions'),
(336, 90, 9, 1, 'SI0000025', 25, 20, '2020-11-24 05:59:12', -1, 'transactions'),
(337, 1, 9, 4, 'RC0000024', 24, 10, '2020-11-24 06:14:28', 4, 'receiving'),
(338, 1, 1, 4, 'DR0000005', 5, 20, '2020-11-24 06:14:28', -4, 'deliveries'),
(339, 2, 9, 4, 'RC0000024', 24, 10, '2020-11-24 06:14:28', 4, 'receiving'),
(340, 2, 1, 4, 'DR0000005', 5, 20, '2020-11-24 06:14:28', -4, 'deliveries'),
(341, 7, 9, 4, 'RC0000024', 24, 10, '2020-11-24 06:14:28', 4, 'receiving'),
(342, 7, 1, 4, 'DR0000005', 5, 20, '2020-11-24 06:14:28', -4, 'deliveries'),
(343, 8, 9, 4, 'RC0000024', 24, 10, '2020-11-24 06:14:28', 4, 'receiving'),
(344, 8, 1, 4, 'DR0000005', 5, 20, '2020-11-24 06:14:28', -4, 'deliveries'),
(345, 3, 9, 3, 'RC0000024', 24, 10, '2020-11-24 06:14:28', 3, 'receiving'),
(346, 3, 1, 3, 'DR0000005', 5, 20, '2020-11-24 06:14:28', -3, 'deliveries'),
(347, 4, 9, 3, 'RC0000024', 24, 10, '2020-11-24 06:14:28', 3, 'receiving'),
(348, 4, 1, 3, 'DR0000005', 5, 20, '2020-11-24 06:14:28', -3, 'deliveries'),
(349, 22, 9, 3, 'RC0000024', 24, 10, '2020-11-24 06:14:28', 3, 'receiving'),
(350, 22, 1, 3, 'DR0000005', 5, 20, '2020-11-24 06:14:28', -3, 'deliveries'),
(351, 23, 9, 3, 'RC0000024', 24, 10, '2020-11-24 06:14:28', 3, 'receiving'),
(352, 23, 1, 3, 'DR0000005', 5, 20, '2020-11-24 06:14:28', -3, 'deliveries'),
(353, 24, 9, 3, 'RC0000024', 24, 10, '2020-11-24 06:14:28', 3, 'receiving'),
(354, 24, 1, 3, 'DR0000005', 5, 20, '2020-11-24 06:14:28', -3, 'deliveries'),
(355, 25, 9, 4, 'RC0000024', 24, 10, '2020-11-24 06:14:28', 4, 'receiving'),
(356, 25, 1, 4, 'DR0000005', 5, 20, '2020-11-24 06:14:28', -4, 'deliveries'),
(357, 31, 9, 6, 'RC0000025', 25, 10, '2020-11-24 06:14:36', 6, 'receiving'),
(358, 31, 1, 6, 'DR0000006', 6, 20, '2020-11-24 06:14:36', -6, 'deliveries'),
(359, 31, 9, 6, 'RC0000025', 25, 10, '2020-11-24 06:14:36', 6, 'receiving'),
(360, 31, 1, 6, 'DR0000006', 6, 20, '2020-11-24 06:14:36', -6, 'deliveries'),
(361, 28, 9, 6, 'RC0000025', 25, 10, '2020-11-24 06:14:36', 6, 'receiving'),
(362, 28, 1, 6, 'DR0000006', 6, 20, '2020-11-24 06:14:36', -6, 'deliveries'),
(363, 29, 9, 6, 'RC0000025', 25, 10, '2020-11-24 06:14:36', 6, 'receiving'),
(364, 29, 1, 6, 'DR0000006', 6, 20, '2020-11-24 06:14:36', -6, 'deliveries'),
(365, 30, 9, 6, 'RC0000025', 25, 10, '2020-11-24 06:14:36', 6, 'receiving'),
(366, 30, 1, 6, 'DR0000006', 6, 20, '2020-11-24 06:14:36', -6, 'deliveries'),
(367, 111, 9, 2, 'RC0000026', 26, 10, '2020-11-24 06:14:43', 2, 'receiving'),
(368, 111, 1, 2, 'DR0000007', 7, 20, '2020-11-24 06:14:43', -2, 'deliveries'),
(369, 112, 9, 2, 'RC0000026', 26, 10, '2020-11-24 06:14:43', 2, 'receiving'),
(370, 112, 1, 2, 'DR0000007', 7, 20, '2020-11-24 06:14:43', -2, 'deliveries'),
(371, 109, 9, 2, 'RC0000026', 26, 10, '2020-11-24 06:14:43', 2, 'receiving'),
(372, 109, 1, 2, 'DR0000007', 7, 20, '2020-11-24 06:14:43', -2, 'deliveries'),
(373, 110, 9, 2, 'RC0000026', 26, 10, '2020-11-24 06:14:43', 2, 'receiving'),
(374, 110, 1, 2, 'DR0000007', 7, 20, '2020-11-24 06:14:43', -2, 'deliveries'),
(375, 65, 9, 3, 'RC0000027', 27, 10, '2020-11-24 06:14:51', 3, 'receiving'),
(376, 65, 1, 3, 'DR0000008', 8, 20, '2020-11-24 06:14:51', -3, 'deliveries'),
(377, 62, 9, 3, 'RC0000027', 27, 10, '2020-11-24 06:14:51', 3, 'receiving'),
(378, 62, 1, 3, 'DR0000008', 8, 20, '2020-11-24 06:14:51', -3, 'deliveries'),
(379, 63, 9, 3, 'RC0000027', 27, 10, '2020-11-24 06:14:51', 3, 'receiving'),
(380, 63, 1, 3, 'DR0000008', 8, 20, '2020-11-24 06:14:51', -3, 'deliveries'),
(381, 64, 9, 3, 'RC0000027', 27, 10, '2020-11-24 06:14:51', 3, 'receiving'),
(382, 64, 1, 3, 'DR0000008', 8, 20, '2020-11-24 06:14:51', -3, 'deliveries'),
(383, 70, 9, 3, 'RC0000027', 27, 10, '2020-11-24 06:14:51', 3, 'receiving'),
(384, 70, 1, 3, 'DR0000008', 8, 20, '2020-11-24 06:14:51', -3, 'deliveries'),
(385, 66, 9, 3, 'RC0000027', 27, 10, '2020-11-24 06:14:51', 3, 'receiving'),
(386, 66, 1, 3, 'DR0000008', 8, 20, '2020-11-24 06:14:51', -3, 'deliveries'),
(387, 67, 9, 3, 'RC0000027', 27, 10, '2020-11-24 06:14:51', 3, 'receiving'),
(388, 67, 1, 3, 'DR0000008', 8, 20, '2020-11-24 06:14:51', -3, 'deliveries'),
(389, 69, 9, 3, 'RC0000027', 27, 10, '2020-11-24 06:14:51', 3, 'receiving'),
(390, 69, 1, 3, 'DR0000008', 8, 20, '2020-11-24 06:14:51', -3, 'deliveries'),
(391, 71, 9, 3, 'RC0000027', 27, 10, '2020-11-24 06:14:51', 3, 'receiving'),
(392, 71, 1, 3, 'DR0000008', 8, 20, '2020-11-24 06:14:51', -3, 'deliveries'),
(393, 72, 9, 3, 'RC0000027', 27, 10, '2020-11-24 06:14:51', 3, 'receiving'),
(394, 72, 1, 3, 'DR0000008', 8, 20, '2020-11-24 06:14:51', -3, 'deliveries'),
(395, 76, 9, 3, 'RC0000027', 27, 10, '2020-11-24 06:14:51', 3, 'receiving'),
(396, 76, 1, 3, 'DR0000008', 8, 20, '2020-11-24 06:14:51', -3, 'deliveries'),
(397, 77, 9, 3, 'RC0000027', 27, 10, '2020-11-24 06:14:51', 3, 'receiving'),
(398, 77, 1, 3, 'DR0000008', 8, 20, '2020-11-24 06:14:51', -3, 'deliveries'),
(399, 78, 9, 3, 'RC0000028', 28, 10, '2020-11-24 06:14:58', 3, 'receiving'),
(400, 78, 1, 3, 'DR0000009', 9, 20, '2020-11-24 06:14:58', -3, 'deliveries'),
(401, 79, 9, 3, 'RC0000028', 28, 10, '2020-11-24 06:14:58', 3, 'receiving'),
(402, 79, 1, 3, 'DR0000009', 9, 20, '2020-11-24 06:14:58', -3, 'deliveries'),
(403, 80, 9, 3, 'RC0000028', 28, 10, '2020-11-24 06:14:58', 3, 'receiving'),
(404, 80, 1, 3, 'DR0000009', 9, 20, '2020-11-24 06:14:58', -3, 'deliveries'),
(405, 81, 9, 3, 'RC0000028', 28, 10, '2020-11-24 06:14:58', 3, 'receiving'),
(406, 81, 1, 3, 'DR0000009', 9, 20, '2020-11-24 06:14:58', -3, 'deliveries'),
(407, 82, 9, 3, 'RC0000028', 28, 10, '2020-11-24 06:14:58', 3, 'receiving'),
(408, 82, 1, 3, 'DR0000009', 9, 20, '2020-11-24 06:14:58', -3, 'deliveries'),
(409, 83, 9, 3, 'RC0000028', 28, 10, '2020-11-24 06:14:58', 3, 'receiving'),
(410, 83, 1, 3, 'DR0000009', 9, 20, '2020-11-24 06:14:58', -3, 'deliveries'),
(411, 84, 9, 3, 'RC0000028', 28, 10, '2020-11-24 06:14:58', 3, 'receiving'),
(412, 84, 1, 3, 'DR0000009', 9, 20, '2020-11-24 06:14:58', -3, 'deliveries'),
(413, 85, 9, 3, 'RC0000028', 28, 10, '2020-11-24 06:14:58', 3, 'receiving'),
(414, 85, 1, 3, 'DR0000009', 9, 20, '2020-11-24 06:14:58', -3, 'deliveries'),
(415, 86, 9, 3, 'RC0000028', 28, 10, '2020-11-24 06:14:58', 3, 'receiving'),
(416, 86, 1, 3, 'DR0000009', 9, 20, '2020-11-24 06:14:58', -3, 'deliveries'),
(417, 87, 9, 3, 'RC0000028', 28, 10, '2020-11-24 06:14:58', 3, 'receiving'),
(418, 87, 1, 3, 'DR0000009', 9, 20, '2020-11-24 06:14:58', -3, 'deliveries'),
(419, 88, 9, 3, 'RC0000028', 28, 10, '2020-11-24 06:14:58', 3, 'receiving'),
(420, 88, 1, 3, 'DR0000009', 9, 20, '2020-11-24 06:14:58', -3, 'deliveries'),
(421, 89, 9, 3, 'RC0000028', 28, 10, '2020-11-24 06:14:58', 3, 'receiving'),
(422, 89, 1, 3, 'DR0000009', 9, 20, '2020-11-24 06:14:58', -3, 'deliveries'),
(423, 90, 9, 3, 'RC0000029', 29, 10, '2020-11-24 06:15:07', 3, 'receiving'),
(424, 90, 1, 3, 'DR0000010', 10, 20, '2020-11-24 06:15:07', -3, 'deliveries'),
(425, 91, 9, 3, 'RC0000029', 29, 10, '2020-11-24 06:15:07', 3, 'receiving'),
(426, 91, 1, 3, 'DR0000010', 10, 20, '2020-11-24 06:15:07', -3, 'deliveries'),
(427, 49, 9, 3, 'RC0000029', 29, 10, '2020-11-24 06:15:07', 3, 'receiving'),
(428, 49, 1, 3, 'DR0000010', 10, 20, '2020-11-24 06:15:07', -3, 'deliveries'),
(429, 50, 9, 2, 'RC0000029', 29, 10, '2020-11-24 06:15:07', 2, 'receiving'),
(430, 50, 1, 2, 'DR0000010', 10, 20, '2020-11-24 06:15:07', -2, 'deliveries'),
(431, 51, 9, 2, 'RC0000029', 29, 10, '2020-11-24 06:15:07', 2, 'receiving'),
(432, 51, 1, 2, 'DR0000010', 10, 20, '2020-11-24 06:15:07', -2, 'deliveries'),
(433, 52, 9, 2, 'RC0000029', 29, 10, '2020-11-24 06:15:07', 2, 'receiving'),
(434, 52, 1, 2, 'DR0000010', 10, 20, '2020-11-24 06:15:07', -2, 'deliveries'),
(435, 54, 9, 2, 'RC0000029', 29, 10, '2020-11-24 06:15:07', 2, 'receiving'),
(436, 54, 1, 2, 'DR0000010', 10, 20, '2020-11-24 06:15:07', -2, 'deliveries'),
(437, 55, 9, 2, 'RC0000029', 29, 10, '2020-11-24 06:15:07', 2, 'receiving'),
(438, 55, 1, 2, 'DR0000010', 10, 20, '2020-11-24 06:15:07', -2, 'deliveries'),
(439, 56, 9, 2, 'RC0000029', 29, 10, '2020-11-24 06:15:07', 2, 'receiving'),
(440, 56, 1, 2, 'DR0000010', 10, 20, '2020-11-24 06:15:07', -2, 'deliveries'),
(441, 57, 9, 2, 'RC0000029', 29, 10, '2020-11-24 06:15:07', 2, 'receiving'),
(442, 57, 1, 2, 'DR0000010', 10, 20, '2020-11-24 06:15:07', -2, 'deliveries'),
(443, 133, 9, 1, 'RT0000003', 3, 10, '2020-11-25 03:39:10', 1, 'returns'),
(444, 14, 9, 1, 'SI0000075', 75, 20, '2020-11-25 06:26:03', -1, 'transactions'),
(445, 128, 9, 1, 'SI0000074', 74, 20, '2020-11-25 06:26:18', -1, 'transactions'),
(446, 136, 9, 1, 'SI0000073', 73, 20, '2020-11-25 06:26:28', -1, 'transactions'),
(447, 67, 9, 1, 'SI0000072', 72, 20, '2020-11-25 06:26:38', -1, 'transactions'),
(448, 72, 9, 1, 'SI0000071', 71, 20, '2020-11-25 06:26:53', -1, 'transactions'),
(449, 77, 9, 1, 'SI0000070', 70, 20, '2020-11-25 06:27:05', -1, 'transactions'),
(450, 2, 9, 1, 'SI0000069', 69, 20, '2020-11-25 06:27:17', -1, 'transactions'),
(451, 2, 9, 1, 'SI0000068', 68, 20, '2020-11-25 06:27:27', -1, 'transactions'),
(452, 110, 9, 1, 'SI0000067', 67, 20, '2020-11-25 06:27:38', -1, 'transactions'),
(453, 110, 9, 1, 'SI0000066', 66, 20, '2020-11-25 06:27:50', -1, 'transactions'),
(454, 138, 9, 1, 'SI0000065', 65, 20, '2020-11-25 06:28:25', -1, 'transactions'),
(455, 138, 9, 1, 'SI0000064', 64, 20, '2020-11-25 06:28:39', -1, 'transactions'),
(456, 138, 9, 1, 'SI0000063', 63, 20, '2020-11-25 06:28:56', -1, 'transactions'),
(457, 138, 9, 1, 'SI0000062', 62, 20, '2020-11-25 06:29:10', -1, 'transactions'),
(458, 138, 9, 1, 'SI0000061', 61, 20, '2020-11-25 06:29:27', -1, 'transactions'),
(459, 2, 9, 1, 'SI0000056', 56, 20, '2020-11-25 06:29:37', -1, 'transactions'),
(460, 70, 9, 1, 'SI0000055', 55, 20, '2020-11-25 06:29:58', -1, 'transactions'),
(461, 54, 9, 1, 'SI0000054', 54, 20, '2020-11-25 06:30:12', -1, 'transactions'),
(462, 136, 9, 1, 'SI0000053', 53, 20, '2020-11-25 06:30:24', -1, 'transactions'),
(463, 3, 9, 1, 'SI0000079', 79, 20, '2020-11-25 07:00:58', -1, 'transactions'),
(464, 24, 9, 1, 'SI0000078', 78, 20, '2020-11-25 07:01:08', -1, 'transactions'),
(465, 8, 9, 1, 'SI0000077', 77, 20, '2020-11-25 07:01:16', -1, 'transactions'),
(466, 3, 9, 1, 'SI0000076', 76, 20, '2020-11-25 07:01:26', -1, 'transactions'),
(467, 4, 6, 4, 'RC0000002', 2, 10, '2020-12-02 08:14:11', 4, 'receiving'),
(468, 4, 1, 4, 'DR0000003', 3, 20, '2020-12-02 08:14:11', -4, 'deliveries'),
(469, 54, 6, 43, 'RC0000002', 2, 10, '2020-12-02 08:14:11', 43, 'receiving'),
(470, 54, 1, 43, 'DR0000003', 3, 20, '2020-12-02 08:14:11', -43, 'deliveries'),
(471, 1, 6, 11, 'RC0000001', 1, 10, '2020-12-02 08:14:42', 11, 'receiving'),
(472, 1, 1, 11, 'DR0000002', 2, 20, '2020-12-02 08:14:42', -11, 'deliveries'),
(473, 8, 6, 12, 'RC0000001', 1, 10, '2020-12-02 08:14:42', 12, 'receiving'),
(474, 8, 1, 12, 'DR0000002', 2, 20, '2020-12-02 08:14:42', -12, 'deliveries'),
(475, 5, 6, 6, 'RC0000001', 1, 10, '2020-12-02 08:14:42', 6, 'receiving'),
(476, 5, 1, 6, 'DR0000002', 2, 20, '2020-12-02 08:14:42', -6, 'deliveries'),
(477, 6, 6, 6, 'RC0000001', 1, 10, '2020-12-02 08:14:42', 6, 'receiving'),
(478, 6, 1, 6, 'DR0000002', 2, 20, '2020-12-02 08:14:42', -6, 'deliveries'),
(479, 65, 9, 1, 'SI0000082', 82, 20, '2020-12-04 07:40:29', -1, 'transactions'),
(480, 5, 9, 1, 'SI0000081', 81, 20, '2020-12-04 07:40:39', -1, 'transactions'),
(481, 49, 9, 1, 'SI0000080', 80, 20, '2020-12-04 07:40:48', -1, 'transactions'),
(482, 112, 9, 1, 'SI0000086', 86, 20, '2020-12-07 00:19:48', -1, 'transactions'),
(483, 38, 9, 1, 'SI0000085', 85, 20, '2020-12-07 00:19:57', -1, 'transactions'),
(484, 80, 9, 1, 'SI0000084', 84, 20, '2020-12-07 00:20:07', -1, 'transactions'),
(485, 79, 9, 1, 'SI0000083', 83, 20, '2020-12-07 00:20:15', -1, 'transactions'),
(486, 46, 9, 1, 'SI0000088', 88, 20, '2020-12-07 04:56:58', -1, 'transactions'),
(487, 80, 9, 1, 'SI0000087', 87, 20, '2020-12-07 04:57:07', -1, 'transactions'),
(488, 80, 9, 1, 'SI0000090', 90, 20, '2020-12-09 00:29:18', -1, 'transactions'),
(489, 49, 9, 1, 'SI0000089', 89, 20, '2020-12-09 00:29:27', -1, 'transactions'),
(490, 102, 9, 1, 'SI0000096', 96, 20, '2020-12-14 00:55:25', -1, 'transactions'),
(491, 102, 9, 1, 'SI0000096', 96, 20, '2020-12-14 00:55:25', -1, 'transactions'),
(492, 102, 9, 1, 'SI0000095', 95, 20, '2020-12-14 00:55:35', -1, 'transactions'),
(493, 7, 9, 1, 'SI0000094', 94, 20, '2020-12-14 00:56:45', -1, 'transactions'),
(494, 7, 9, 1, 'SI0000094', 94, 20, '2020-12-14 00:56:45', -1, 'transactions'),
(495, 25, 9, 1, 'SI0000093', 93, 20, '2020-12-14 00:56:54', -1, 'transactions'),
(496, 80, 9, 1, 'SI0000092', 92, 20, '2020-12-14 00:57:07', -1, 'transactions'),
(497, 22, 9, 1, 'SI0000099', 99, 20, '2020-12-14 02:55:29', -1, 'transactions'),
(498, 22, 9, 1, 'SI0000099', 99, 20, '2020-12-14 02:55:29', -1, 'transactions'),
(499, 8, 9, 1, 'SI0000098', 98, 20, '2020-12-14 02:55:37', -1, 'transactions'),
(500, 8, 9, 1, 'SI0000098', 98, 20, '2020-12-14 02:55:37', -1, 'transactions'),
(501, 7, 9, 1, 'SI0000097', 97, 20, '2020-12-14 02:55:46', -1, 'transactions'),
(502, 7, 9, 1, 'SI0000097', 97, 20, '2020-12-14 02:55:46', -1, 'transactions'),
(503, 67, 9, 1, 'SI0000105', 105, 20, '2020-12-15 05:00:58', -1, 'transactions'),
(504, 69, 9, 1, 'SI0000104', 104, 20, '2020-12-15 05:01:44', -1, 'transactions'),
(505, 138, 9, 1, 'SI0000103', 103, 20, '2020-12-15 05:01:52', -1, 'transactions'),
(506, 22, 9, 1, 'SI0000102', 102, 20, '2020-12-15 05:02:04', -1, 'transactions'),
(507, 8, 9, 1, 'SI0000101', 101, 20, '2020-12-15 05:02:14', -1, 'transactions'),
(508, 7, 9, 1, 'SI0000100', 100, 20, '2020-12-15 05:02:28', -1, 'transactions'),
(509, 102, 9, NULL, 'RT0000004', 4, 10, '2020-12-18 00:50:40', NULL, 'returns'),
(510, 140, 1, 1, 'SI0000107', 107, 20, '2020-12-18 02:07:32', -1, 'transactions'),
(511, 139, 1, 1, 'SI0000106', 106, 20, '2020-12-18 02:07:40', -1, 'transactions'),
(512, 109, 9, 1, 'SI0000116', 116, 20, '2020-12-21 08:42:04', -1, 'transactions'),
(513, 51, 9, 1, 'SI0000115', 115, 20, '2020-12-21 08:42:12', -1, 'transactions'),
(514, 51, 9, 1, 'SI0000114', 114, 20, '2020-12-21 08:42:20', -1, 'transactions'),
(515, 102, 9, 1, 'SI0000113', 113, 20, '2020-12-21 08:42:28', -1, 'transactions'),
(516, 82, 9, 1, 'SI0000112', 112, 20, '2020-12-21 08:42:35', -1, 'transactions'),
(517, 82, 9, 1, 'SI0000111', 111, 20, '2020-12-21 08:42:47', -1, 'transactions'),
(518, 110, 9, 1, 'SI0000110', 110, 20, '2020-12-21 08:42:57', -1, 'transactions'),
(519, 8, 9, 1, 'SI0000109', 109, 20, '2020-12-21 08:43:52', -1, 'transactions'),
(520, 60, 9, 1, 'SI0000108', 108, 20, '2020-12-21 08:44:10', -1, 'transactions'),
(521, 60, 9, 1, 'SI0000108', 108, 20, '2020-12-21 08:44:10', -1, 'transactions'),
(522, 3, 9, 1, 'SI0000126', 126, 20, '2020-12-28 00:49:13', -1, 'transactions'),
(523, 3, 9, 1, 'SI0000126', 126, 20, '2020-12-28 00:49:13', -1, 'transactions'),
(524, 109, 9, 1, 'SI0000125', 125, 20, '2020-12-28 00:49:21', -1, 'transactions'),
(525, 92, 9, 1, 'SI0000124', 124, 20, '2020-12-28 00:49:30', -1, 'transactions'),
(526, 138, 9, 1, 'SI0000123', 123, 20, '2020-12-28 00:49:36', -1, 'transactions'),
(527, 103, 9, 1, 'SI0000122', 122, 20, '2020-12-28 00:49:44', -1, 'transactions'),
(528, 103, 9, 1, 'SI0000122', 122, 20, '2020-12-28 00:49:44', -1, 'transactions'),
(529, 138, 9, 1, 'SI0000121', 121, 20, '2020-12-28 00:49:51', -1, 'transactions'),
(530, 57, 9, 1, 'SI0000120', 120, 20, '2020-12-28 00:50:01', -1, 'transactions'),
(531, 57, 9, 1, 'SI0000120', 120, 20, '2020-12-28 00:50:01', -1, 'transactions'),
(532, 57, 9, 1, 'SI0000119', 119, 20, '2020-12-28 00:50:10', -1, 'transactions'),
(533, 14, 9, 1, 'SI0000118', 118, 20, '2020-12-28 00:50:19', -1, 'transactions'),
(534, 14, 9, 1, 'SI0000117', 117, 20, '2020-12-28 00:50:28', -1, 'transactions'),
(535, 28, 6, 9, 'IA0000012', 12, 10, '2021-01-08 01:34:42', 9, 'inventoryadjustments'),
(536, 29, 6, 8, 'IA0000012', 12, 10, '2021-01-08 01:34:42', 8, 'inventoryadjustments'),
(537, 30, 6, 7, 'IA0000012', 12, 10, '2021-01-08 01:34:42', 7, 'inventoryadjustments'),
(538, 31, 6, 5, 'IA0000012', 12, 10, '2021-01-08 01:34:42', 5, 'inventoryadjustments'),
(539, 126, 6, 6, 'IA0000012', 12, 10, '2021-01-08 01:34:42', 6, 'inventoryadjustments'),
(540, 127, 6, 8, 'IA0000012', 12, 10, '2021-01-08 01:34:42', 8, 'inventoryadjustments'),
(541, 124, 6, 7, 'IA0000012', 12, 10, '2021-01-08 01:34:42', 7, 'inventoryadjustments'),
(542, 125, 6, 7, 'IA0000012', 12, 10, '2021-01-08 01:34:42', 7, 'inventoryadjustments'),
(543, 38, 6, 2, 'IA0000012', 12, 10, '2021-01-08 01:34:42', 2, 'inventoryadjustments'),
(544, 39, 6, 2, 'IA0000012', 12, 10, '2021-01-08 01:34:42', 2, 'inventoryadjustments'),
(545, 40, 6, 2, 'IA0000012', 12, 10, '2021-01-08 01:34:42', 2, 'inventoryadjustments'),
(546, 41, 6, 2, 'IA0000012', 12, 10, '2021-01-08 01:34:42', 2, 'inventoryadjustments'),
(547, 42, 6, 3, 'IA0000012', 12, 10, '2021-01-08 01:34:42', 3, 'inventoryadjustments'),
(548, 1, 6, 1, 'IA0000011', 11, 20, '2021-01-08 03:05:06', -1, 'inventoryadjustments'),
(549, 2, 6, 6, 'IA0000011', 11, 10, '2021-01-08 03:05:06', 6, 'inventoryadjustments'),
(550, 13, 6, 16, 'IA0000011', 11, 10, '2021-01-08 03:05:06', 16, 'inventoryadjustments'),
(551, 8, 6, 9, 'IA0000011', 11, 10, '2021-01-08 03:05:06', 9, 'inventoryadjustments'),
(552, 10, 6, 5, 'IA0000011', 11, 20, '2021-01-08 03:05:06', -5, 'inventoryadjustments'),
(553, 11, 6, 3, 'IA0000011', 11, 10, '2021-01-08 03:05:06', 3, 'inventoryadjustments'),
(554, 12, 6, 3, 'IA0000011', 11, 10, '2021-01-08 03:05:06', 3, 'inventoryadjustments'),
(555, 13, 6, 13, 'IA0000011', 11, 20, '2021-01-08 03:05:06', -13, 'inventoryadjustments'),
(556, 14, 6, 2, 'IA0000011', 11, 10, '2021-01-08 03:05:06', 2, 'inventoryadjustments'),
(557, 15, 6, 2, 'IA0000011', 11, 10, '2021-01-08 03:05:06', 2, 'inventoryadjustments'),
(558, 16, 6, 2, 'IA0000011', 11, 10, '2021-01-08 03:05:06', 2, 'inventoryadjustments'),
(559, 3, 6, 5, 'IA0000011', 11, 10, '2021-01-08 03:05:06', 5, 'inventoryadjustments'),
(560, 18, 6, 5, 'IA0000011', 11, 10, '2021-01-08 03:05:06', 5, 'inventoryadjustments'),
(561, 22, 6, 3, 'IA0000011', 11, 10, '2021-01-08 03:05:06', 3, 'inventoryadjustments'),
(562, 23, 6, 10, 'IA0000011', 11, 10, '2021-01-08 03:05:06', 10, 'inventoryadjustments'),
(563, 24, 6, 9, 'IA0000011', 11, 10, '2021-01-08 03:05:06', 9, 'inventoryadjustments'),
(564, 25, 6, 5, 'IA0000011', 11, 10, '2021-01-08 03:05:06', 5, 'inventoryadjustments'),
(565, 129, 6, 3, 'IA0000011', 11, 10, '2021-01-08 03:05:06', 3, 'inventoryadjustments'),
(566, 150, 6, 3, 'IA0000011', 11, 10, '2021-01-08 03:05:06', 3, 'inventoryadjustments'),
(567, 132, 6, 5, 'IA0000011', 11, 10, '2021-01-08 03:05:06', 5, 'inventoryadjustments'),
(568, 130, 6, 3, 'IA0000011', 11, 10, '2021-01-08 03:05:06', 3, 'inventoryadjustments'),
(569, 131, 6, 5, 'IA0000011', 11, 10, '2021-01-08 03:05:06', 5, 'inventoryadjustments'),
(570, 120, 6, 4, 'IA0000017', 17, 10, '2021-01-08 05:14:26', 4, 'inventoryadjustments'),
(571, 121, 6, 3, 'IA0000017', 17, 10, '2021-01-08 05:14:26', 3, 'inventoryadjustments'),
(572, 122, 6, 3, 'IA0000017', 17, 10, '2021-01-08 05:14:26', 3, 'inventoryadjustments'),
(573, 123, 6, 3, 'IA0000017', 17, 10, '2021-01-08 05:14:26', 3, 'inventoryadjustments'),
(574, 102, 6, 8, 'IA0000017', 17, 10, '2021-01-08 05:14:26', 8, 'inventoryadjustments'),
(575, 103, 6, 5, 'IA0000017', 17, 10, '2021-01-08 05:14:26', 5, 'inventoryadjustments'),
(576, 104, 6, 3, 'IA0000017', 17, 10, '2021-01-08 05:14:26', 3, 'inventoryadjustments'),
(577, 151, 6, 2, 'IA0000017', 17, 10, '2021-01-08 05:14:26', 2, 'inventoryadjustments'),
(578, 149, 6, 3, 'IA0000017', 17, 10, '2021-01-08 05:14:26', 3, 'inventoryadjustments'),
(579, 111, 6, 6, 'IA0000017', 17, 10, '2021-01-08 05:14:26', 6, 'inventoryadjustments'),
(580, 112, 6, 3, 'IA0000017', 17, 10, '2021-01-08 05:14:26', 3, 'inventoryadjustments'),
(581, 107, 6, 1, 'IA0000017', 17, 10, '2021-01-08 05:14:26', 1, 'inventoryadjustments'),
(582, 109, 6, 3, 'IA0000017', 17, 10, '2021-01-08 05:14:26', 3, 'inventoryadjustments'),
(583, 110, 6, 4, 'IA0000017', 17, 10, '2021-01-08 05:14:26', 4, 'inventoryadjustments'),
(584, 128, 6, 5, 'IA0000017', 17, 10, '2021-01-08 05:14:26', 5, 'inventoryadjustments'),
(585, 73, 6, 2, 'IA0000016', 16, 10, '2021-01-08 05:14:30', 2, 'inventoryadjustments'),
(586, 74, 6, 2, 'IA0000016', 16, 10, '2021-01-08 05:14:30', 2, 'inventoryadjustments'),
(587, 75, 6, 3, 'IA0000016', 16, 10, '2021-01-08 05:14:30', 3, 'inventoryadjustments'),
(588, 5, 6, 3, 'IA0000016', 16, 20, '2021-01-08 05:14:30', -3, 'inventoryadjustments'),
(589, 92, 6, 4, 'IA0000016', 16, 10, '2021-01-08 05:14:30', 4, 'inventoryadjustments'),
(590, 6, 6, 2, 'IA0000016', 16, 20, '2021-01-08 05:14:30', -2, 'inventoryadjustments'),
(591, 94, 6, 4, 'IA0000016', 16, 10, '2021-01-08 05:14:30', 4, 'inventoryadjustments'),
(592, 93, 6, 6, 'IA0000016', 16, 10, '2021-01-08 05:14:30', 6, 'inventoryadjustments'),
(593, 78, 6, 5, 'IA0000015', 15, 10, '2021-01-08 05:14:35', 5, 'inventoryadjustments'),
(594, 77, 6, 3, 'IA0000015', 15, 10, '2021-01-08 05:14:35', 3, 'inventoryadjustments'),
(595, 81, 6, 5, 'IA0000015', 15, 10, '2021-01-08 05:14:35', 5, 'inventoryadjustments'),
(596, 80, 6, 4, 'IA0000015', 15, 10, '2021-01-08 05:14:35', 4, 'inventoryadjustments'),
(597, 82, 6, 1, 'IA0000015', 15, 10, '2021-01-08 05:14:35', 1, 'inventoryadjustments'),
(598, 83, 6, 5, 'IA0000015', 15, 10, '2021-01-08 05:14:35', 5, 'inventoryadjustments'),
(599, 84, 6, 6, 'IA0000015', 15, 10, '2021-01-08 05:14:35', 6, 'inventoryadjustments'),
(600, 76, 6, 8, 'IA0000015', 15, 10, '2021-01-08 05:14:35', 8, 'inventoryadjustments'),
(601, 85, 6, 5, 'IA0000015', 15, 10, '2021-01-08 05:14:35', 5, 'inventoryadjustments'),
(602, 86, 6, 3, 'IA0000015', 15, 10, '2021-01-08 05:14:35', 3, 'inventoryadjustments'),
(603, 87, 6, 6, 'IA0000015', 15, 10, '2021-01-08 05:14:35', 6, 'inventoryadjustments'),
(604, 88, 6, 5, 'IA0000015', 15, 10, '2021-01-08 05:14:35', 5, 'inventoryadjustments'),
(605, 89, 6, 3, 'IA0000015', 15, 10, '2021-01-08 05:14:35', 3, 'inventoryadjustments'),
(606, 90, 6, 4, 'IA0000015', 15, 10, '2021-01-08 05:14:35', 4, 'inventoryadjustments'),
(607, 91, 6, 10, 'IA0000015', 15, 10, '2021-01-08 05:14:35', 10, 'inventoryadjustments'),
(608, 79, 6, 3, 'IA0000015', 15, 10, '2021-01-08 05:14:35', 3, 'inventoryadjustments'),
(609, 59, 6, 4, 'IA0000014', 14, 10, '2021-01-08 05:14:38', 4, 'inventoryadjustments'),
(610, 60, 6, 4, 'IA0000014', 14, 10, '2021-01-08 05:14:38', 4, 'inventoryadjustments'),
(611, 61, 6, 3, 'IA0000014', 14, 10, '2021-01-08 05:14:38', 3, 'inventoryadjustments'),
(612, 63, 6, 4, 'IA0000014', 14, 10, '2021-01-08 05:14:38', 4, 'inventoryadjustments'),
(613, 65, 6, 4, 'IA0000014', 14, 10, '2021-01-08 05:14:38', 4, 'inventoryadjustments'),
(614, 62, 6, 5, 'IA0000014', 14, 10, '2021-01-08 05:14:38', 5, 'inventoryadjustments'),
(615, 64, 6, 4, 'IA0000014', 14, 10, '2021-01-08 05:14:38', 4, 'inventoryadjustments'),
(616, 70, 6, 2, 'IA0000014', 14, 10, '2021-01-08 05:14:38', 2, 'inventoryadjustments'),
(617, 66, 6, 7, 'IA0000014', 14, 10, '2021-01-08 05:14:38', 7, 'inventoryadjustments');
INSERT INTO `productinventory` (`id`, `product_id`, `warehouse_id`, `quantity`, `reference`, `reference_id`, `type`, `insert_datetime`, `actual_qty`, `reference_table`) VALUES
(618, 67, 6, 5, 'IA0000014', 14, 10, '2021-01-08 05:14:38', 5, 'inventoryadjustments'),
(619, 69, 6, 4, 'IA0000014', 14, 10, '2021-01-08 05:14:38', 4, 'inventoryadjustments'),
(620, 71, 6, 7, 'IA0000014', 14, 10, '2021-01-08 05:14:38', 7, 'inventoryadjustments'),
(621, 72, 6, 5, 'IA0000014', 14, 10, '2021-01-08 05:14:38', 5, 'inventoryadjustments'),
(622, 46, 6, 2, 'IA0000013', 13, 10, '2021-01-08 05:14:42', 2, 'inventoryadjustments'),
(623, 47, 6, 5, 'IA0000013', 13, 10, '2021-01-08 05:14:42', 5, 'inventoryadjustments'),
(624, 52, 6, 4, 'IA0000013', 13, 10, '2021-01-08 05:14:42', 4, 'inventoryadjustments'),
(625, 133, 6, 5, 'IA0000013', 13, 10, '2021-01-08 05:14:42', 5, 'inventoryadjustments'),
(626, 134, 6, 4, 'IA0000013', 13, 10, '2021-01-08 05:14:42', 4, 'inventoryadjustments'),
(627, 136, 6, 5, 'IA0000013', 13, 10, '2021-01-08 05:14:42', 5, 'inventoryadjustments'),
(628, 137, 6, 6, 'IA0000013', 13, 10, '2021-01-08 05:14:42', 6, 'inventoryadjustments'),
(629, 140, 6, 1, 'IA0000013', 13, 10, '2021-01-08 05:14:42', 1, 'inventoryadjustments'),
(630, 49, 6, 6, 'IA0000013', 13, 10, '2021-01-08 05:14:42', 6, 'inventoryadjustments'),
(631, 50, 6, 4, 'IA0000013', 13, 10, '2021-01-08 05:14:42', 4, 'inventoryadjustments'),
(632, 51, 6, 4, 'IA0000013', 13, 10, '2021-01-08 05:14:42', 4, 'inventoryadjustments'),
(633, 52, 6, 1, 'IA0000013', 13, 20, '2021-01-08 05:14:42', -1, 'inventoryadjustments'),
(634, 54, 6, 81, 'IA0000013', 13, 20, '2021-01-08 05:14:42', -81, 'inventoryadjustments'),
(635, 55, 6, 3, 'IA0000013', 13, 10, '2021-01-08 05:14:42', 3, 'inventoryadjustments'),
(636, 56, 6, 4, 'IA0000013', 13, 10, '2021-01-08 05:14:42', 4, 'inventoryadjustments'),
(637, 57, 6, 2, 'IA0000013', 13, 10, '2021-01-08 05:14:42', 2, 'inventoryadjustments'),
(638, 7, 6, 1, 'SI0000130', 130, 20, '2021-01-08 05:28:12', -1, 'transactions'),
(639, 7, 6, 1, 'SI0000138', 138, 20, '2021-01-08 05:35:51', -1, 'transactions'),
(640, 7, 6, 1, 'SI0000138', 138, 20, '2021-01-08 05:35:51', -1, 'transactions'),
(641, 123, 6, 1, 'SI0000137', 137, 20, '2021-01-08 05:36:00', -1, 'transactions'),
(642, 7, 6, 1, 'SI0000136', 136, 20, '2021-01-08 05:36:09', -1, 'transactions'),
(643, 15, 6, 1, 'SI0000135', 135, 20, '2021-01-08 05:36:16', -1, 'transactions'),
(644, 15, 6, 1, 'SI0000135', 135, 20, '2021-01-08 05:36:16', -1, 'transactions'),
(645, 2, 6, 1, 'SI0000134', 134, 20, '2021-01-08 05:36:24', -1, 'transactions'),
(646, 2, 6, 1, 'SI0000134', 134, 20, '2021-01-08 05:36:24', -1, 'transactions'),
(647, 2, 6, 1, 'SI0000133', 133, 20, '2021-01-08 05:36:31', -1, 'transactions'),
(648, 2, 6, 1, 'SI0000133', 133, 20, '2021-01-08 05:36:31', -1, 'transactions'),
(649, 7, 9, 1, 'SI0000132', 132, 20, '2021-01-08 05:36:39', -1, 'transactions'),
(650, 1, 6, 1, 'SI0000129', 129, 20, '2021-01-08 05:36:48', -1, 'transactions'),
(651, 25, 6, 1, 'SI0000128', 128, 20, '2021-01-08 05:37:03', -1, 'transactions'),
(652, 25, 6, 1, 'SI0000128', 128, 20, '2021-01-08 05:37:03', -1, 'transactions'),
(653, 23, 6, 1, 'SI0000127', 127, 20, '2021-01-08 05:37:14', -1, 'transactions'),
(654, 80, 6, 1, 'SI0000145', 145, 20, '2021-01-11 01:18:38', -1, 'transactions'),
(655, 25, 6, 1, 'SI0000155', 155, 20, '2021-01-11 01:18:54', -1, 'transactions'),
(656, 1, 6, 1, 'SI0000154', 154, 20, '2021-01-11 01:19:11', -1, 'transactions'),
(657, 7, 6, 1, 'SI0000153', 153, 20, '2021-01-11 01:19:24', -1, 'transactions'),
(658, 126, 6, 1, 'SI0000151', 151, 20, '2021-01-11 01:20:02', -1, 'transactions'),
(659, 131, 6, 1, 'SI0000150', 150, 20, '2021-01-11 01:20:16', -1, 'transactions'),
(660, 2, 6, 1, 'SI0000148', 148, 20, '2021-01-11 01:21:41', -1, 'transactions'),
(661, 129, 6, 1, 'SI0000147', 147, 20, '2021-01-11 01:21:56', -1, 'transactions'),
(662, 1, 6, 1, 'SI0000146', 146, 20, '2021-01-11 01:22:04', -1, 'transactions'),
(663, 70, 6, 1, 'SI0000144', 144, 20, '2021-01-11 01:23:06', -1, 'transactions'),
(664, 4, 6, 1, 'SI0000143', 143, 20, '2021-01-11 01:23:17', -1, 'transactions'),
(665, 65, 6, 1, 'SI0000142', 142, 20, '2021-01-11 01:23:32', -1, 'transactions'),
(666, 65, 6, 1, 'SI0000142', 142, 20, '2021-01-11 01:23:32', -1, 'transactions'),
(667, 8, 6, 1, 'SI0000140', 140, 20, '2021-01-11 01:23:43', -1, 'transactions'),
(668, 8, 6, 1, 'SI0000140', 140, 20, '2021-01-11 01:23:43', -1, 'transactions'),
(669, 1, 6, 1, 'SI0000139', 139, 20, '2021-01-11 01:25:01', -1, 'transactions'),
(670, 1, 6, 1, 'SI0000157', 157, 20, '2021-01-11 01:27:08', -1, 'transactions'),
(671, 1, 6, 1, 'SI0000156', 156, 20, '2021-01-11 01:27:18', -1, 'transactions'),
(672, 103, 6, 1, 'SI0000162', 162, 20, '2021-01-12 07:59:43', -1, 'transactions'),
(673, 7, 6, 1, 'SI0000161', 161, 20, '2021-01-12 07:59:54', -1, 'transactions'),
(674, 2, 6, 1, 'SI0000160', 160, 20, '2021-01-12 08:00:04', -1, 'transactions'),
(675, 16, 6, 1, 'SI0000159', 159, 20, '2021-01-12 08:00:12', -1, 'transactions'),
(676, 131, 6, 1, 'SI0000158', 158, 20, '2021-01-12 08:00:21', -1, 'transactions'),
(677, 10, 6, 2, 'RC0000031', 31, 10, '2021-01-15 05:50:00', 2, 'receiving'),
(678, 10, 1, 2, 'DR0000034', 34, 20, '2021-01-15 05:50:00', -2, 'deliveries'),
(679, 3, 6, 1, 'RC0000031', 31, 10, '2021-01-15 05:50:00', 1, 'receiving'),
(680, 3, 1, 1, 'DR0000034', 34, 20, '2021-01-15 05:50:00', -1, 'deliveries'),
(681, 22, 6, 2, 'RC0000031', 31, 10, '2021-01-15 05:50:00', 2, 'receiving'),
(682, 22, 1, 2, 'DR0000034', 34, 20, '2021-01-15 05:50:00', -2, 'deliveries'),
(683, 82, 6, 4, 'RC0000031', 31, 10, '2021-01-15 05:50:00', 4, 'receiving'),
(684, 82, 1, 4, 'DR0000034', 34, 20, '2021-01-15 05:50:00', -4, 'deliveries'),
(685, 46, 6, 1, 'RC0000030', 30, 10, '2021-01-15 05:50:09', 1, 'receiving'),
(686, 46, 1, 1, 'DR0000035', 35, 20, '2021-01-15 05:50:09', -1, 'deliveries'),
(687, 2, 6, 1, 'SI0000174', 174, 20, '2021-01-15 06:49:12', -1, 'transactions'),
(688, 138, 6, 1, 'SI0000173', 173, 20, '2021-01-15 06:49:22', -1, 'transactions'),
(689, 3, 6, 1, 'SI0000172', 172, 20, '2021-01-15 06:49:33', -1, 'transactions'),
(690, 83, 6, 1, 'SI0000171', 171, 20, '2021-01-15 06:49:42', -1, 'transactions'),
(691, 88, 6, 1, 'SI0000170', 170, 20, '2021-01-15 06:49:57', -1, 'transactions'),
(692, 112, 6, 1, 'SI0000169', 169, 20, '2021-01-15 06:50:07', -1, 'transactions'),
(693, 3, 6, 1, 'SI0000167', 167, 20, '2021-01-15 06:50:20', -1, 'transactions'),
(694, 60, 6, 1, 'SI0000166', 166, 20, '2021-01-15 06:50:29', -1, 'transactions'),
(695, 22, 6, 1, 'SI0000163', 163, 20, '2021-01-15 06:50:45', -1, 'transactions'),
(696, 8, 6, 1, 'SI0000164', 164, 20, '2021-01-15 06:51:02', -1, 'transactions'),
(697, 8, 6, 1, 'SI0000185', 185, 20, '2021-01-18 02:30:10', -1, 'transactions'),
(698, 121, 6, 1, 'SI0000184', 184, 20, '2021-01-18 02:30:17', -1, 'transactions'),
(699, 91, 6, 1, 'SI0000183', 183, 20, '2021-01-18 02:30:24', -1, 'transactions'),
(700, 2, 6, 1, 'SI0000182', 182, 20, '2021-01-18 02:30:32', -1, 'transactions'),
(701, 8, 6, 1, 'SI0000181', 181, 20, '2021-01-18 02:30:40', -1, 'transactions'),
(702, 64, 6, 1, 'SI0000180', 180, 20, '2021-01-18 02:30:49', -1, 'transactions'),
(703, 131, 6, 1, 'SI0000179', 179, 20, '2021-01-18 02:30:55', -1, 'transactions'),
(704, 22, 6, 1, 'SI0000178', 178, 20, '2021-01-18 02:31:02', -1, 'transactions'),
(705, 25, 6, 1, 'SI0000177', 177, 20, '2021-01-18 02:31:09', -1, 'transactions'),
(706, 136, 6, 1, 'SI0000176', 176, 20, '2021-01-18 02:31:17', -1, 'transactions'),
(707, 136, 6, 1, 'SI0000175', 175, 20, '2021-01-18 02:31:28', -1, 'transactions'),
(708, 25, 6, 1, 'SI0000191', 191, 20, '2021-01-19 01:22:41', -1, 'transactions'),
(709, 88, 6, 1, 'SI0000190', 190, 20, '2021-01-19 01:22:50', -1, 'transactions'),
(710, 131, 6, 1, 'SI0000189', 189, 20, '2021-01-19 01:22:58', -1, 'transactions'),
(711, 134, 6, 1, 'SI0000188', 188, 20, '2021-01-19 01:23:07', -1, 'transactions'),
(712, 132, 6, 1, 'SI0000187', 187, 20, '2021-01-19 01:23:16', -1, 'transactions'),
(713, 7, 6, 1, 'SI0000186', 186, 20, '2021-01-19 01:23:25', -1, 'transactions'),
(714, 91, 6, 1, 'SI0000214', 214, 20, '2021-01-25 03:40:00', -1, 'transactions'),
(715, 91, 6, 1, 'SI0000213', 213, 20, '2021-01-25 03:40:07', -1, 'transactions'),
(716, 29, 6, 1, 'SI0000212', 212, 20, '2021-01-25 03:40:19', -1, 'transactions'),
(717, 7, 6, 1, 'SI0000211', 211, 20, '2021-01-25 03:40:28', -1, 'transactions'),
(718, 77, 6, 1, 'SI0000210', 210, 20, '2021-01-25 03:40:38', -1, 'transactions'),
(719, 39, 6, 1, 'SI0000209', 209, 20, '2021-01-25 03:40:50', -1, 'transactions'),
(720, 130, 6, 1, 'SI0000208', 208, 20, '2021-01-25 03:41:02', -1, 'transactions'),
(721, 1, 6, 1, 'SI0000207', 207, 20, '2021-01-25 03:41:16', -1, 'transactions'),
(722, 81, 6, 1, 'SI0000206', 206, 20, '2021-01-25 03:41:31', -1, 'transactions'),
(723, 46, 6, 1, 'SI0000205', 205, 20, '2021-01-25 03:41:50', -1, 'transactions'),
(724, 7, 6, 1, 'SI0000204', 204, 20, '2021-01-25 03:42:22', -1, 'transactions'),
(725, 48, 6, 1, 'SI0000203', 203, 20, '2021-01-25 03:42:43', -1, 'transactions'),
(726, 24, 6, 1, 'SI0000202', 202, 20, '2021-01-25 03:42:57', -1, 'transactions'),
(727, 8, 6, 1, 'SI0000201', 201, 20, '2021-01-25 03:43:12', -1, 'transactions'),
(728, 25, 6, 1, 'SI0000200', 200, 20, '2021-01-25 03:43:24', -1, 'transactions'),
(729, 25, 6, 1, 'SI0000199', 199, 20, '2021-01-25 03:43:42', -1, 'transactions'),
(730, 125, 6, 1, 'SI0000198', 198, 20, '2021-01-25 03:43:54', -1, 'transactions'),
(731, 1, 6, 1, 'SI0000197', 197, 20, '2021-01-25 03:44:18', -1, 'transactions'),
(732, 8, 6, 1, 'SI0000196', 196, 20, '2021-01-25 03:44:32', -1, 'transactions'),
(733, 136, 6, 1, 'SI0000195', 195, 20, '2021-01-25 03:44:45', -1, 'transactions'),
(734, 24, 6, 1, 'SI0000194', 194, 20, '2021-01-25 03:45:05', -1, 'transactions'),
(735, 2, 6, 1, 'SI0000193', 193, 20, '2021-01-25 03:45:16', -1, 'transactions'),
(736, 112, 6, 1, 'SI0000192', 192, 20, '2021-01-25 03:45:29', -1, 'transactions'),
(737, 8, 6, 1, 'SI0000225', 225, 20, '2021-01-29 02:39:39', -1, 'transactions'),
(738, 82, 6, 1, 'SI0000224', 224, 20, '2021-01-29 02:39:47', -1, 'transactions'),
(739, 22, 6, 1, 'SI0000223', 223, 20, '2021-01-29 02:39:54', -1, 'transactions'),
(740, 2, 6, 1, 'SI0000222', 222, 20, '2021-01-29 02:40:02', -1, 'transactions'),
(741, 4, 6, 1, 'SI0000221', 221, 20, '2021-01-29 02:40:11', -1, 'transactions'),
(742, 69, 6, 1, 'SI0000220', 220, 20, '2021-01-29 02:40:19', -1, 'transactions'),
(743, 81, 6, 1, 'SI0000219', 219, 20, '2021-01-29 02:40:29', -1, 'transactions'),
(744, 1, 6, 1, 'SI0000218', 218, 20, '2021-01-29 02:40:37', -1, 'transactions'),
(745, 2, 6, 1, 'SI0000217', 217, 20, '2021-01-29 02:40:44', -1, 'transactions'),
(746, 8, 6, 1, 'SI0000216', 216, 20, '2021-01-29 02:40:53', -1, 'transactions'),
(747, 1, 6, 1, 'SI0000215', 215, 20, '2021-01-29 02:41:06', -1, 'transactions'),
(748, 131, 6, 1, 'SI0000236', 236, 20, '2021-02-01 07:50:49', -1, 'transactions'),
(749, 3, 6, 1, 'SI0000235', 235, 20, '2021-02-01 07:50:58', -1, 'transactions'),
(750, 110, 6, 1, 'SI0000234', 234, 20, '2021-02-01 07:51:06', -1, 'transactions'),
(751, 48, 6, 1, 'SI0000233', 233, 20, '2021-02-01 07:51:15', -1, 'transactions'),
(752, 2, 6, 1, 'SI0000232', 232, 20, '2021-02-01 07:51:29', -1, 'transactions'),
(753, 4, 6, 1, 'SI0000231', 231, 20, '2021-02-01 07:51:39', -1, 'transactions'),
(754, 25, 6, 1, 'SI0000230', 230, 20, '2021-02-01 07:51:47', -1, 'transactions'),
(755, 102, 6, 1, 'SI0000229', 229, 20, '2021-02-01 07:51:56', -1, 'transactions'),
(756, 29, 6, 1, 'SI0000228', 228, 20, '2021-02-01 07:52:04', -1, 'transactions'),
(757, 7, 6, 1, 'SI0000227', 227, 20, '2021-02-01 07:52:12', -1, 'transactions'),
(758, 2, 6, 1, 'SI0000240', 240, 20, '2021-02-03 05:08:39', -1, 'transactions'),
(759, 7, 6, 1, 'SI0000239', 239, 20, '2021-02-03 05:08:45', -1, 'transactions'),
(760, 10, 6, 1, 'SI0000238', 238, 20, '2021-02-03 05:08:54', -1, 'transactions'),
(761, 16, 6, 1, 'SI0000237', 237, 20, '2021-02-03 05:09:02', -1, 'transactions'),
(762, 112, 6, 2, 'RC0000032', 32, 10, '2021-02-03 08:18:58', 2, 'receiving'),
(763, 112, 1, 2, 'DR0000041', 41, 20, '2021-02-03 08:18:58', -2, 'deliveries'),
(764, 1, 6, 12, 'RC0000038', 38, 10, '2021-02-03 08:21:20', 12, 'receiving'),
(765, 1, 1, 12, 'DR0000036', 36, 20, '2021-02-03 08:21:20', -12, 'deliveries'),
(766, 7, 6, 6, 'RC0000038', 38, 10, '2021-02-03 08:21:20', 6, 'receiving'),
(767, 7, 1, 6, 'DR0000036', 36, 20, '2021-02-03 08:21:20', -6, 'deliveries'),
(768, 15, 6, 1, 'RC0000038', 38, 10, '2021-02-03 08:21:20', 1, 'receiving'),
(769, 15, 1, 1, 'DR0000036', 36, 20, '2021-02-03 08:21:20', -1, 'deliveries'),
(770, 4, 6, 3, 'RC0000038', 38, 10, '2021-02-03 08:21:20', 3, 'receiving'),
(771, 4, 1, 3, 'DR0000036', 36, 20, '2021-02-03 08:21:20', -3, 'deliveries'),
(772, 22, 6, 3, 'RC0000038', 38, 10, '2021-02-03 08:21:20', 3, 'receiving'),
(773, 22, 1, 3, 'DR0000036', 36, 20, '2021-02-03 08:21:20', -3, 'deliveries'),
(774, 25, 6, 4, 'RC0000038', 38, 10, '2021-02-03 08:21:20', 4, 'receiving'),
(775, 25, 1, 4, 'DR0000036', 36, 20, '2021-02-03 08:21:20', -4, 'deliveries'),
(776, 129, 6, 2, 'RC0000038', 38, 10, '2021-02-03 08:21:20', 2, 'receiving'),
(777, 129, 1, 2, 'DR0000036', 36, 20, '2021-02-03 08:21:20', -2, 'deliveries'),
(778, 130, 6, 3, 'RC0000038', 38, 10, '2021-02-03 08:21:20', 3, 'receiving'),
(779, 130, 1, 3, 'DR0000036', 36, 20, '2021-02-03 08:21:20', -3, 'deliveries'),
(780, 131, 6, 3, 'RC0000038', 38, 10, '2021-02-03 08:21:20', 3, 'receiving'),
(781, 131, 1, 3, 'DR0000036', 36, 20, '2021-02-03 08:21:20', -3, 'deliveries'),
(782, 31, 6, 2, 'RC0000038', 38, 10, '2021-02-03 08:21:20', 2, 'receiving'),
(783, 31, 1, 2, 'DR0000036', 36, 20, '2021-02-03 08:21:20', -2, 'deliveries'),
(784, 70, 6, 3, 'RC0000038', 38, 10, '2021-02-03 08:21:20', 3, 'receiving'),
(785, 70, 1, 3, 'DR0000036', 36, 20, '2021-02-03 08:21:20', -3, 'deliveries'),
(786, 139, 6, 2, 'RC0000037', 37, 10, '2021-02-03 08:21:28', 2, 'receiving'),
(787, 139, 1, 2, 'DR0000037', 37, 20, '2021-02-03 08:21:28', -2, 'deliveries'),
(788, 140, 6, 1, 'RC0000037', 37, 10, '2021-02-03 08:21:28', 1, 'receiving'),
(789, 140, 1, 1, 'DR0000037', 37, 20, '2021-02-03 08:21:28', -1, 'deliveries'),
(790, 57, 6, 1, 'RC0000037', 37, 10, '2021-02-03 08:21:28', 1, 'receiving'),
(791, 57, 1, 1, 'DR0000037', 37, 20, '2021-02-03 08:21:28', -1, 'deliveries'),
(792, 123, 6, 1, 'RC0000036', 36, 10, '2021-02-03 08:21:36', 1, 'receiving'),
(793, 123, 1, 1, 'DR0000038', 38, 20, '2021-02-03 08:21:36', -1, 'deliveries'),
(794, 103, 6, 1, 'RC0000036', 36, 10, '2021-02-03 08:21:36', 1, 'receiving'),
(795, 103, 1, 1, 'DR0000038', 38, 20, '2021-02-03 08:21:36', -1, 'deliveries'),
(796, 123, 6, 1, 'RC0000035', 35, 10, '2021-02-03 08:21:43', 1, 'receiving'),
(797, 123, 1, 1, 'DR0000038', 38, 20, '2021-02-03 08:21:43', -1, 'deliveries'),
(798, 103, 6, 1, 'RC0000035', 35, 10, '2021-02-03 08:21:43', 1, 'receiving'),
(799, 103, 1, 1, 'DR0000038', 38, 20, '2021-02-03 08:21:43', -1, 'deliveries'),
(800, 1, 6, 3, 'RC0000034', 34, 10, '2021-02-03 08:21:50', 3, 'receiving'),
(801, 1, 1, 3, 'DR0000039', 39, 20, '2021-02-03 08:21:50', -3, 'deliveries'),
(802, 25, 6, 4, 'RC0000034', 34, 10, '2021-02-03 08:21:50', 4, 'receiving'),
(803, 25, 1, 4, 'DR0000039', 39, 20, '2021-02-03 08:21:50', -4, 'deliveries'),
(804, 131, 6, 2, 'RC0000034', 34, 10, '2021-02-03 08:21:50', 2, 'receiving'),
(805, 131, 1, 2, 'DR0000039', 39, 20, '2021-02-03 08:21:50', -2, 'deliveries'),
(806, 77, 6, 4, 'RC0000034', 34, 10, '2021-02-03 08:21:50', 4, 'receiving'),
(807, 77, 1, 4, 'DR0000039', 39, 20, '2021-02-03 08:21:50', -4, 'deliveries'),
(808, 79, 6, 2, 'RC0000034', 34, 10, '2021-02-03 08:21:50', 2, 'receiving'),
(809, 79, 1, 2, 'DR0000039', 39, 20, '2021-02-03 08:21:50', -2, 'deliveries'),
(810, 80, 6, 4, 'RC0000034', 34, 10, '2021-02-03 08:21:50', 4, 'receiving'),
(811, 80, 1, 4, 'DR0000039', 39, 20, '2021-02-03 08:21:50', -4, 'deliveries'),
(812, 81, 6, 4, 'RC0000034', 34, 10, '2021-02-03 08:21:50', 4, 'receiving'),
(813, 81, 1, 4, 'DR0000039', 39, 20, '2021-02-03 08:21:50', -4, 'deliveries'),
(814, 88, 6, 2, 'RC0000034', 34, 10, '2021-02-03 08:21:50', 2, 'receiving'),
(815, 88, 1, 2, 'DR0000039', 39, 20, '2021-02-03 08:21:50', -2, 'deliveries'),
(816, 89, 6, 2, 'RC0000034', 34, 10, '2021-02-03 08:21:50', 2, 'receiving'),
(817, 89, 1, 2, 'DR0000039', 39, 20, '2021-02-03 08:21:50', -2, 'deliveries'),
(818, 90, 6, 1, 'RC0000034', 34, 10, '2021-02-03 08:21:50', 1, 'receiving'),
(819, 90, 1, 1, 'DR0000039', 39, 20, '2021-02-03 08:21:50', -1, 'deliveries'),
(820, 136, 6, 2, 'RC0000033', 33, 10, '2021-02-03 08:21:59', 2, 'receiving'),
(821, 136, 1, 2, 'DR0000040', 40, 20, '2021-02-03 08:21:59', -2, 'deliveries'),
(822, 39, 6, 1, 'RC0000033', 33, 10, '2021-02-03 08:21:59', 1, 'receiving'),
(823, 39, 1, 1, 'DR0000040', 40, 20, '2021-02-03 08:21:59', -1, 'deliveries'),
(824, 103, 6, 2, 'RC0000033', 33, 10, '2021-02-03 08:21:59', 2, 'receiving'),
(825, 103, 1, 2, 'DR0000040', 40, 20, '2021-02-03 08:21:59', -2, 'deliveries'),
(826, 46, 6, 1, 'RC0000033', 33, 10, '2021-02-03 08:21:59', 1, 'receiving'),
(827, 46, 1, 1, 'DR0000040', 40, 20, '2021-02-03 08:21:59', -1, 'deliveries'),
(828, 91, 6, 1, 'SI0000243', 243, 20, '2021-02-05 08:11:07', -1, 'transactions'),
(829, 8, 6, 1, 'SI0000242', 242, 20, '2021-02-05 08:11:14', -1, 'transactions'),
(830, 104, 6, 1, 'SI0000241', 241, 20, '2021-02-05 08:11:23', -1, 'transactions'),
(831, 60, 6, 1, 'SI0000244', 244, 20, '2021-02-09 02:57:56', -1, 'transactions'),
(832, 127, 6, 1, 'SI0000245', 245, 20, '2021-02-09 02:58:05', -1, 'transactions'),
(833, 8, 6, 1, 'SI0000246', 246, 20, '2021-02-09 02:58:15', -1, 'transactions'),
(834, 63, 6, 1, 'SI0000247', 247, 20, '2021-02-09 02:58:23', -1, 'transactions'),
(835, 2, 6, 1, 'SI0000248', 248, 20, '2021-02-09 02:58:30', -1, 'transactions'),
(836, 7, 6, 1, 'SI0000249', 249, 20, '2021-02-09 02:58:37', -1, 'transactions'),
(837, 3, 6, 1, 'SI0000250', 250, 20, '2021-02-09 02:58:46', -1, 'transactions'),
(838, 4, 6, 1, 'SI0000251', 251, 20, '2021-02-09 02:58:53', -1, 'transactions'),
(839, 25, 6, 1, 'SI0000252', 252, 20, '2021-02-09 02:59:00', -1, 'transactions'),
(840, 69, 6, 1, 'SI0000269', 269, 20, '2021-02-16 06:00:30', -1, 'transactions'),
(841, 140, 6, 1, 'SI0000268', 268, 20, '2021-02-16 06:00:38', -1, 'transactions'),
(842, 91, 6, 1, 'SI0000267', 267, 20, '2021-02-16 06:00:46', -1, 'transactions'),
(843, 2, 6, 1, 'SI0000266', 266, 20, '2021-02-16 06:00:56', -1, 'transactions'),
(844, 1, 6, 1, 'SI0000265', 265, 20, '2021-02-16 06:01:03', -1, 'transactions'),
(845, 1, 6, 1, 'SI0000264', 264, 20, '2021-02-16 06:01:12', -1, 'transactions'),
(846, 23, 6, 1, 'SI0000263', 263, 20, '2021-02-16 06:01:25', -1, 'transactions'),
(847, 23, 6, 1, 'SI0000262', 262, 20, '2021-02-16 06:01:33', -1, 'transactions'),
(848, 22, 6, 1, 'SI0000261', 261, 20, '2021-02-16 06:01:40', -1, 'transactions'),
(849, 8, 6, 1, 'SI0000260', 260, 20, '2021-02-16 06:01:49', -1, 'transactions'),
(850, 8, 6, 1, 'SI0000259', 259, 20, '2021-02-16 06:01:59', -1, 'transactions'),
(851, 88, 6, 1, 'SI0000258', 258, 20, '2021-02-16 06:02:10', -1, 'transactions'),
(852, 62, 6, 1, 'SI0000256', 256, 20, '2021-02-16 06:02:21', -1, 'transactions'),
(853, 2, 6, 1, 'SI0000257', 257, 20, '2021-02-16 06:02:33', -1, 'transactions'),
(854, 42, 6, 1, 'SI0000255', 255, 20, '2021-02-16 06:02:45', -1, 'transactions'),
(855, 42, 6, 1, 'SI0000254', 254, 20, '2021-02-16 06:02:55', -1, 'transactions'),
(856, 1, 6, 1, 'SI0000253', 253, 20, '2021-02-16 06:03:23', -1, 'transactions'),
(857, 1, 7, 2, 'RC0000039', 39, 10, '2021-05-03 13:39:01', 2, 'receiving'),
(858, 1, 1, 2, 'DR0000042', 42, 20, '2021-05-03 13:39:01', -2, 'deliveries'),
(859, 8, 7, 8, 'RC0000039', 39, 10, '2021-05-03 13:39:01', 8, 'receiving'),
(860, 8, 1, 8, 'DR0000042', 42, 20, '2021-05-03 13:39:01', -8, 'deliveries'),
(861, 4, 7, 5, 'RC0000039', 39, 10, '2021-05-03 13:39:01', 5, 'receiving'),
(862, 4, 1, 5, 'DR0000042', 42, 20, '2021-05-03 13:39:01', -5, 'deliveries'),
(863, 1, 7, 1, 'RC0000040', 40, 10, '2021-05-03 13:39:46', 1, 'receiving'),
(864, 1, 1, 1, 'DR0000042', 42, 20, '2021-05-03 13:39:46', -1, 'deliveries'),
(865, 8, 7, 0, 'RC0000040', 40, 10, '2021-05-03 13:39:46', 0, 'receiving'),
(866, 8, 1, 0, 'DR0000042', 42, 20, '2021-05-03 13:39:46', 0, 'deliveries'),
(867, 4, 7, 0, 'RC0000040', 40, 10, '2021-05-03 13:39:46', 0, 'receiving'),
(868, 4, 1, 0, 'DR0000042', 42, 20, '2021-05-03 13:39:46', 0, 'deliveries');

-- --------------------------------------------------------

--
-- Table structure for table `productlist`
--

CREATE TABLE `productlist` (
  `id` int(10) UNSIGNED NOT NULL,
  `name` varchar(191) COLLATE utf8mb4_unicode_ci NOT NULL,
  `description` text COLLATE utf8mb4_unicode_ci,
  `productcategories_id` int(11) NOT NULL,
  `can_be_sold` tinyint(4) DEFAULT '1',
  `can_be_purchased` tinyint(4) DEFAULT '1',
  `image` varchar(191) COLLATE utf8mb4_unicode_ci DEFAULT NULL,
  `status` tinyint(4) DEFAULT '1',
  `created_at` timestamp NULL DEFAULT NULL,
  `updated_at` timestamp NULL DEFAULT NULL,
  `deleted_at` timestamp NULL DEFAULT NULL,
  `sku` varchar(32) COLLATE utf8mb4_unicode_ci DEFAULT NULL,
  `barcode` varchar(128) COLLATE utf8mb4_unicode_ci DEFAULT NULL,
  `price` decimal(10,2) DEFAULT NULL,
  `cost` decimal(10,2) DEFAULT NULL,
  `critical_quantity` int(11) DEFAULT NULL,
  `reorder_quantity` int(11) DEFAULT NULL
) ENGINE=InnoDB DEFAULT CHARSET=utf8mb4 COLLATE=utf8mb4_unicode_ci ROW_FORMAT=COMPACT;

--
-- Dumping data for table `productlist`
--

INSERT INTO `productlist` (`id`, `name`, `description`, `productcategories_id`, `can_be_sold`, `can_be_purchased`, `image`, `status`, `created_at`, `updated_at`, `deleted_at`, `sku`, `barcode`, `price`, `cost`, `critical_quantity`, `reorder_quantity`) VALUES
(1, 'PXJ-100S NS', 'TIGER HANDY JUGS 1L, NEW SATIN', 1, 1, 1, NULL, 1, '2020-07-17 10:24:47', '2020-09-11 10:48:34', NULL, '10223987', '4904710223987', '1299.75', NULL, NULL, NULL),
(2, 'PXJ-130S NS', 'TIGER HANDY JUG 1.3L, NEW SATIN', 1, 1, 1, NULL, 1, '2020-07-17 10:26:54', '2020-09-11 10:48:56', NULL, '10223994', '4904710223994', '1599.75', NULL, NULL, NULL),
(3, 'PXQ-1901', 'TIGER AIRPUMP JUG 1.9L, MIRROR', 2, 1, 1, NULL, 1, '2020-07-17 10:28:10', '2020-12-02 14:01:12', NULL, '10426852', '4904710224618', '2199.75', NULL, NULL, NULL),
(4, 'PXQ-2501', 'TIGER AIRPUMP JUG 2.5L, MIRROR', 2, 1, 1, NULL, 1, '2020-07-17 10:29:24', '2020-10-30 09:54:34', NULL, '10426869', '4904710224670', '2399.75', NULL, NULL, NULL),
(5, 'MCZ-A060 H', 'TIGER SPORTS BOTTLE 600ML, SHADOW GRAY', 3, 1, 1, NULL, 1, '2020-07-17 10:34:43', '2020-09-11 13:16:41', NULL, '10428481', '4904710428481', '2179.75', NULL, NULL, NULL),
(6, 'MCZ-A080 A', 'TIGER SPORTS BOTTLE 800ML, CALM BLUE', 3, 1, 1, NULL, 1, '2020-07-17 10:36:39', '2020-09-11 13:20:25', NULL, '10428511', '4904710428511', '2599.75', NULL, NULL, NULL),
(7, 'PXJ-190S NS', 'TIGER HANDY JUG 1.9L, NEW SATIN', 1, 1, 1, NULL, 1, '2020-09-02 10:29:08', '2020-09-11 10:51:12', NULL, '10224014', '4904710224014', '1999.75', NULL, NULL, NULL),
(8, 'PRT-A19S SI', 'TIGER HANDY JUG 1.9L, SATIN', 1, 1, 1, NULL, 1, '2020-09-02 10:30:25', '2020-12-02 14:00:38', NULL, '10426630', '4904710321126', '2199.75', NULL, NULL, NULL),
(9, 'PRT-N100 KM', 'TIGER HANDY JUG 1L, METTALIC BLACK', 1, 1, 1, NULL, 0, '2020-09-02 10:31:20', '2020-09-11 13:57:32', NULL, '39109850', NULL, '1499.75', NULL, NULL, NULL),
(10, 'PWO-A120 AC', 'TIGER HANDY JUG 1.2L, AQUA BLUE', 1, 1, 1, NULL, 1, '2020-09-02 10:32:53', '2020-09-11 13:24:29', NULL, '10428139', '4904710428139', '2899.75', NULL, NULL, NULL),
(11, 'PWO-A120 W', 'TIGER HANDY JUG 1.2L, WHITE', 1, 1, 1, NULL, 1, '2020-09-02 10:33:26', '2020-09-11 13:27:28', NULL, '10428146', '4904710428146', '2899.75', NULL, NULL, NULL),
(12, 'PWO-A160 AC', 'TIGER HANDY JUG 1.6L, AQUA BLUE', 1, 1, 1, NULL, 1, '2020-09-02 10:34:39', '2020-09-11 13:31:25', NULL, '10428153', '4904710428153', '3099.75', NULL, NULL, NULL),
(13, 'PWO-A160 HD', 'TIGER HANDY JUG 1.6L, GRAY', 1, 1, 1, NULL, 1, '2020-09-02 10:36:27', '2020-09-11 13:37:42', NULL, '10428177', '4904710428177', '3099.75', NULL, NULL, NULL),
(14, 'PWO-A160 W', 'TIGER HANDY JUG 1.6L, WHITE', 1, 1, 1, NULL, 1, '2020-09-02 10:38:35', '2020-09-11 13:38:08', NULL, '10428160', '4904710428160', '3099.75', NULL, NULL, NULL),
(15, 'PWO-A200 HD', 'TIGER HANDY JUG 2L, GRAY', 1, 1, 1, NULL, 1, '2020-09-02 10:39:33', '2020-09-11 13:38:47', NULL, '10428191', '4904710428191', '3349.75', NULL, NULL, NULL),
(16, 'PWO-A200 W', 'TIGER HANDY JUG 2L, WHITE', 1, 1, 1, NULL, 1, '2020-09-02 10:40:26', '2020-09-11 13:39:17', NULL, '10428184', '4904710428184', '3349.75', NULL, NULL, NULL),
(17, 'PXQ-1901 M', 'TIGER AIRPUMP JUGS 1.9L, MIRROR', 2, 1, 1, NULL, 0, '2020-09-02 10:41:19', '2020-09-11 13:58:38', NULL, '38132038', '2036381320381', '2199.75', NULL, NULL, NULL),
(18, 'PXQ-2501 M', 'TIGER AIRPUMP JUG 2.5L, MIRROR', 2, 1, 1, NULL, 0, '2020-09-02 10:44:42', '2020-09-11 13:58:49', NULL, '38132039', '2036381320398', '2399.75', NULL, NULL, NULL),
(19, 'PXJ-160S', 'TIGER HANDY JUG 1.6L, NEW SATIN', 1, 1, 1, NULL, 1, '2020-09-11 10:50:34', '2020-09-16 08:54:59', NULL, '10224007', '4904710224007', '1799.75', NULL, NULL, NULL),
(20, 'PRT-A10S', 'TIGER HANDY JUG 1L, SATIN', 1, 1, 1, NULL, 1, '2020-09-11 10:52:36', '2020-09-16 08:55:37', NULL, '10426609', '4904710426609', '1649.75', NULL, NULL, NULL),
(21, 'PRT-A16S', 'TIGER HANDY JUG 1.6L, SATIN', 1, 1, 1, NULL, 1, '2020-09-11 12:22:44', '2020-09-16 08:55:55', NULL, '10426623', '4904710426623', '1799.75', NULL, NULL, NULL),
(22, 'PNM-B19S', 'TIGER AIRPUMP JUG 1.9L, NEW SATIN', 2, 1, 1, NULL, 1, '2020-09-11 12:25:20', '2020-12-02 15:15:27', NULL, '10426197', '4904710282236', '2799.75', NULL, NULL, NULL),
(23, 'PNM-B22S', 'TIGER AIRPUMP JUG 2.2L, NEW SATIN', 2, 1, 1, NULL, 1, '2020-09-11 12:26:06', '2020-12-02 14:06:25', NULL, '10426234', '4904710282212', '2999.75', NULL, NULL, NULL),
(24, 'PNM-B25S', 'TIGER AIRPUMP JUGS 2.5L, NEW SATIN', 2, 1, 1, NULL, 1, '2020-09-11 12:26:42', '2020-12-02 14:02:10', NULL, '10426272', '4904710282199', '3199.75', NULL, NULL, NULL),
(25, 'PNM-B30S', 'TIGER AIRPUMP JUGS 3L, NEW SATIN', 2, 1, 1, NULL, 1, '2020-09-11 12:30:15', '2020-12-02 14:05:56', NULL, '10426319', '4904710282175', '3299.75', NULL, NULL, NULL),
(26, 'PNM-S220', 'TIGER AIRPUMP JUGS 2.2L, STAINLESS', 2, 1, 1, NULL, 1, '2020-09-11 12:31:01', '2020-12-02 14:06:49', NULL, '10426326', '4904710295519', '3849.75', NULL, NULL, NULL),
(27, 'MCW-P071', 'TIGER FOOD JAR 700ML, STAINLESS', 11, 1, 1, NULL, 1, '2020-09-11 12:32:22', '2021-01-20 09:56:02', NULL, '10344279', '4904710344279', '1799.75', NULL, NULL, NULL),
(28, 'MBO-E080 A', 'TIGER PIC BOTTLE 800ML, BLUE FLOWER', 3, 1, 1, NULL, 1, '2020-09-11 12:34:20', '2020-09-16 08:58:48', NULL, '10419519', '4904710419519', '2299.75', NULL, NULL, NULL),
(29, 'MBO-E080 K', 'TIGER PIC BOTTLE 800ML, BLACK', 3, 1, 1, NULL, 1, '2020-09-11 12:35:26', '2020-09-16 08:59:05', NULL, '10419526', '4904710419526', '2299.75', NULL, NULL, NULL),
(30, 'MBO-E100 A', 'TIGER PIC BOTTLE 1L, BLUE FLOWER', 3, 1, 1, NULL, 1, '2020-09-11 12:36:11', '2020-09-16 08:59:22', NULL, '10419540', '4904710419540', '2499.75', NULL, NULL, NULL),
(31, 'MBO-E100 K', 'TIGER PIC BOTTLE 1L, BLACK', 3, 1, 1, NULL, 1, '2020-09-11 12:36:52', '2020-09-16 08:59:35', NULL, '10419533', '4904710419533', '2499.75', NULL, NULL, NULL),
(32, 'MBR-S06G A', 'TIGER PIC BOTTLE 600ML, ECHIDNA', 3, 1, 1, NULL, 1, '2020-09-11 12:38:40', '2020-09-16 08:59:51', NULL, '10414019', '4904710414019', '2299.75', NULL, NULL, NULL),
(33, 'MBR-S06G R', 'TIGER PIC BOTTLE 600ML, RED', 3, 1, 1, NULL, 1, '2020-09-11 12:39:40', '2020-09-16 09:00:37', NULL, '10414002', '4904710414002', '2299.75', NULL, NULL, NULL),
(34, 'MBR-S06G Y', 'TIGER PIC BOTTLE 600ML, YELLOW', 3, 1, 1, NULL, 1, '2020-09-11 12:40:22', '2020-09-16 09:00:52', NULL, '10414026', '4904710414026', '2299.75', NULL, NULL, NULL),
(35, 'MBR-H08G AS', 'TIGER PIC BOTTLE 800ML, RAINDROP', 3, 1, 1, NULL, 1, '2020-09-11 12:40:57', '2020-09-16 09:01:26', NULL, '10424964', '4904710424964', '2999.75', NULL, NULL, NULL),
(36, 'MBR-H08G GD', 'TIGER PIC BOTTLE 800ML, ACORN', 3, 1, 1, NULL, 1, '2020-09-11 12:42:09', '2020-09-16 09:02:55', NULL, '10424957', '4904710424957', '2999.75', NULL, NULL, NULL),
(37, 'MBR-H08G GD', NULL, 3, 1, 1, NULL, 0, '2020-09-11 12:42:27', '2020-09-16 09:02:37', NULL, '10424957', '4904710424957', '2999.75', NULL, NULL, NULL),
(38, 'MCA-C025 AS', 'TIGER SOUP CUP 250ML, SAXE BLUE', 4, 1, 1, NULL, 1, '2020-09-11 12:43:00', '2020-09-16 09:03:45', NULL, '10428306', '4904710428306', '1499.75', NULL, NULL, NULL),
(39, 'MCA-C025 PO', 'TIGER SOUP CUP 250ML, OLD ROSE', 4, 1, 1, NULL, 1, '2020-09-11 12:43:31', '2020-09-16 09:04:02', NULL, '10428313', '4904710428313', '1499.75', NULL, NULL, NULL),
(40, 'MCA-C025 TC', 'TIGER SOUP CUP 250ML, DARK CARAMEL', 4, 1, 1, NULL, 1, '2020-09-11 12:44:02', '2020-09-16 09:04:27', NULL, '10428320', '4904710428320', '1499.75', NULL, NULL, NULL),
(41, 'MCA-C025 WS', 'TIGER SOUP CUP 250ML, SMOKY WHITE', 4, 1, 1, NULL, 1, '2020-09-11 12:44:29', '2020-09-16 09:06:01', NULL, '10428337', '4904710428337', '1499.75', NULL, NULL, NULL),
(42, 'MCA-C025 XC', 'TIGER SOUP CUP 250ML, STAINLESS', 4, 1, 1, NULL, 1, '2020-09-11 12:45:05', '2020-09-16 09:06:26', NULL, '10428344', '4904710428344', '1499.75', NULL, NULL, NULL),
(43, 'MCA-T480 PI', 'TIGER P[C BOTTLE 480ML, PINK', 3, 1, 1, NULL, 1, '2020-09-11 12:45:53', '2020-09-16 09:06:44', NULL, '10422809', '4904710422809', '1899.75', NULL, NULL, NULL),
(44, 'MCA-T480 TI', 'TIGER PIC BOTTLE 480ML, BROWN', 3, 1, 1, NULL, 1, '2020-09-11 12:46:43', '2020-09-16 09:07:01', NULL, '10422816', '4904710422816', '1899.75', NULL, NULL, NULL),
(45, 'MCA-T480 WI', 'TIGER PIC BOTTLE 480ML, WHITE', 3, 1, 1, NULL, 1, '2020-09-11 12:47:19', '2020-09-16 09:07:16', NULL, '10422793', '4904710422793', '1899.75', NULL, NULL, NULL),
(46, 'MCL-B038 AI', 'TIGER SOUP CUP 380ML, NAVY', 4, 1, 1, NULL, 1, '2020-09-11 12:48:05', '2020-09-16 09:07:30', NULL, '10422441', '4904710422441', '1749.75', NULL, NULL, NULL),
(47, 'MCL-B038 RC', 'TIGER SOUP CUP 380ML, RED', 4, 1, 1, NULL, 1, '2020-09-11 12:48:35', '2020-09-16 09:07:49', NULL, '10422458', '4904710422458', '1749.75', NULL, NULL, NULL),
(48, 'MCL-B038 YS', 'TIGER SOUP CUP 380ML, YELLOW', 4, 1, 1, NULL, 1, '2020-09-11 12:49:03', '2020-09-16 09:09:47', NULL, '10422465', '4904710422465', '1749.75', NULL, NULL, NULL),
(49, 'MMJ-A361 AM', 'TIGER PIC BOTTLE 360ML, MARINE BLUE', 3, 1, 1, NULL, 1, '2020-09-11 12:49:36', '2020-09-16 09:10:09', NULL, '10428351', '4904710428351', '1499.75', NULL, NULL, NULL),
(50, 'MMJ-A361 PB', 'TIGER PIC BOTTLE 360ML, PEACH BLOSSOM', 3, 1, 1, NULL, 1, '2020-09-11 12:50:15', '2020-09-16 09:10:26', NULL, '10428368', '4904710428368', '1499.75', NULL, NULL, NULL),
(51, 'MMJ-A361 TC', 'TIGER PIC BOTTLE 360ML, CHOCOLATE', 3, 1, 1, NULL, 1, '2020-09-11 12:50:43', '2020-09-16 09:10:46', NULL, '10428375', '4904710428375', '1499.75', NULL, NULL, NULL),
(52, 'MMJ-A361 WM', 'TIGER PIC BOTTLE 360ML, CREAM WHITE', 3, 1, 1, NULL, 1, '2020-09-11 12:51:10', '2020-09-16 09:11:11', NULL, '10428382', '4904710428382', '1499.75', NULL, NULL, NULL),
(53, 'MMJ-A361 XC', 'TIGER PIC BOTTLE 360ML, STAINLESS', 3, 1, 1, NULL, 1, '2020-09-11 12:51:44', '2020-09-16 09:11:26', NULL, '10428399', '4904710428399', '1499.75', NULL, NULL, NULL),
(54, 'MMJ-A481 AM', 'TIGER PIC BOTTLE 480ML, MARINE BLUE', 3, 1, 1, NULL, 1, '2020-09-11 12:52:20', '2020-09-16 09:11:37', NULL, '10428412', '4904710428412', '1799.75', NULL, NULL, NULL),
(55, 'MMJ-A481 PB', 'TIGER PIC BOTTLE 480ML, PEACH BLOSSOM', 3, 1, 1, NULL, 1, '2020-09-11 12:52:49', '2020-09-16 09:11:49', NULL, '10428429', '4904710428429', '1799.75', NULL, NULL, NULL),
(56, 'MMJ-A481 TC', 'TIGER PIC BOTTLE 480ML, CHOCOLATE BROWN', 3, 1, 1, NULL, 1, '2020-09-11 12:53:28', '2020-09-16 09:12:03', NULL, '10428436', '4904710428436', '1799.75', NULL, NULL, NULL),
(57, 'MMJ-A481 WM', 'TIGER PIC BOTTLE 480ML, CREAM WHITE', 3, 1, 1, NULL, 1, '2020-09-11 12:53:56', '2020-09-16 09:12:26', NULL, '10428443', '4904710428443', '1799.75', NULL, NULL, NULL),
(58, 'MMJ-A481 XC', 'TIGER PIC BOTTLE 480ML, STAINLESS', 3, 1, 1, NULL, 1, '2020-09-11 12:54:20', '2020-09-16 09:12:39', NULL, '10428405', '4904710428405', '1799.75', NULL, NULL, NULL),
(59, 'MMJ-A601 AM', 'TIGER PIC BOTTLE 600ML, MARINE BLUE', 3, 1, 1, NULL, 1, '2020-09-11 12:54:45', '2020-09-16 09:12:52', NULL, '10428450', '4904710428450', '1999.75', NULL, NULL, NULL),
(60, 'MMJ-A601 PB', 'TIGER PIC BOTTLE 600ML, PEACH BLOSSOM', 3, 1, 1, NULL, 1, '2020-09-11 12:55:11', '2020-09-16 09:13:08', NULL, '10428467', '4904710428467', '1999.75', NULL, NULL, NULL),
(61, 'MMJ-A601 XC', 'TIGER PIC BOTTLE 600ML, STAINLESS', 3, 1, 1, NULL, 1, '2020-09-11 12:55:38', '2020-09-16 09:13:19', NULL, '10428474', '4904710428474', '1999.75', NULL, NULL, NULL),
(62, 'MMZ-A351 AA', 'TIGER PIC BOTTLE 350ML, MINT BLUE', 3, 1, 1, NULL, 1, '2020-09-11 12:56:10', '2020-09-16 09:13:35', NULL, '10422502', '4904710422502', '1349.75', NULL, NULL, NULL),
(63, 'MMZ-A351 PA', 'TIGER PIC BOTTLE 350ML, PASSION PINK', 3, 1, 1, NULL, 1, '2020-09-11 12:56:37', '2020-09-16 09:13:50', NULL, '10422519', '4904710422519', '1349.75', NULL, NULL, NULL),
(64, 'MMZ-A351 WS', 'TIGER PIC BOTTLE 350ML, ICE WHITE', 3, 1, 1, NULL, 1, '2020-09-11 12:57:01', '2020-09-16 09:14:01', NULL, '10422526', '4904710422526', '1349.75', NULL, NULL, NULL),
(65, 'MMZ-A351 XC', 'TIGER PIC BOTTLE 350ML, STAINLESS', 3, 1, 1, NULL, 1, '2020-09-11 12:57:40', '2020-09-16 09:14:12', NULL, '10422533', '4904710422533', '1349.75', NULL, NULL, NULL),
(66, 'MMZ-A501 AA', 'TIGER PIC BOTTLE 500ML, MINT BLUE', 3, 1, 1, NULL, 1, '2020-09-11 12:58:10', '2020-09-16 09:14:23', NULL, '10422557', '4904710422557', '1449.75', NULL, NULL, NULL),
(67, 'MMZ-A501 PA', 'TIGER PIC BOTTLE 500ML PASSION PINK', 3, 1, 1, NULL, 1, '2020-09-11 12:58:33', '2020-09-16 09:14:40', NULL, '10422564', '4904710422564', '1449.75', NULL, NULL, NULL),
(68, 'MMZ-A501 PA', NULL, 3, 1, 1, NULL, 0, '2020-09-11 12:58:39', '2020-09-16 09:15:15', NULL, '10422564', '4904710422564', '1449.75', NULL, NULL, NULL),
(69, 'MMZ-A501 WS', 'TIGER PIC BOTTLE 500, ICE WHITE', 3, 1, 1, NULL, 1, '2020-09-11 12:59:09', '2020-09-16 09:15:38', NULL, '10422571', '4904710422571', '1449.75', NULL, NULL, NULL),
(70, 'MMZ-A501 XC', 'TIGER PIC BOTTLE 500ML, STAINLESS', 3, 1, 1, NULL, 1, '2020-09-11 12:59:46', '2020-09-16 09:15:51', NULL, '10422540', '4904710422540', '1449.75', NULL, NULL, NULL),
(71, 'MMZ-A601 KG', 'TIGER PIC BOTTLE 600ML, GRAPHITE', 3, 1, 1, NULL, 1, '2020-09-11 13:00:21', '2020-09-16 09:16:10', NULL, '10422588', '4904710422588', '1649.75', NULL, NULL, NULL),
(72, 'MMZ-A601 WS', 'TIGER PIC BOTTLE 600ML, ICE WHITE', 3, 1, 1, NULL, 1, '2020-09-11 13:00:51', '2020-09-16 09:16:31', NULL, '10422595', '4904710422595', '1649.75', NULL, NULL, NULL),
(73, 'MMX-A031 AI', 'TIGER PIC BOTTLE 300ML, INDIGO BLUE', 3, 1, 1, NULL, 1, '2020-09-11 13:01:32', '2020-09-16 09:16:45', NULL, '10428283', '4904710428283', '1499.75', NULL, NULL, NULL),
(74, 'MMX-A031 AS', 'TIGER PIC BOTTLE 300ML, SAFFRON BLUE', 3, 1, 1, NULL, 1, '2020-09-11 13:02:08', '2020-09-16 09:17:01', NULL, '10428276', '4904710428276', '1499.75', NULL, NULL, NULL),
(75, 'MMX-A031 PD', 'TIGER PIC BOTTLE 300ML, DAISY PINK', 3, 1, 1, NULL, 1, '2020-09-11 13:02:38', '2020-09-16 09:17:14', NULL, '10428290', '4904710428290', '1499.75', NULL, NULL, NULL),
(76, 'MCX-A351 AK', 'TIGER PIC BOTTLE 350ML, SKY BLUE', 3, 1, 1, NULL, 1, '2020-09-11 13:04:02', '2020-09-16 09:17:30', NULL, '10424766', '4904710424766', '1149.75', NULL, NULL, NULL),
(77, 'MCX-A351 KL', 'TIGER PIC BOTTLE 350ML, LAMP BLACK', 3, 1, 1, NULL, 1, '2020-09-11 13:04:35', '2020-09-16 09:17:42', NULL, '10424773', '4904710424773', '1149.75', NULL, NULL, NULL),
(78, 'MCX-A351 PO', 'TIGER PIC BOTTLE 350ML, OPERA PINK', 3, 1, 1, NULL, 1, '2020-09-11 13:05:12', '2020-09-16 09:17:55', NULL, '10424780', '4904710424780', '1149.75', NULL, NULL, NULL),
(79, 'MCX-A501 AK', 'TIGER PIC BOTTLE 500ML, SKY BLUE', 3, 1, 1, NULL, 1, '2020-09-11 13:05:48', '2020-09-16 09:18:16', NULL, '10424827', '4904710424827', '1299.75', NULL, NULL, NULL),
(80, 'MCX-A501 KL', 'TIGER PIC BOTTLE 500ML, LAMP BLACK', 3, 1, 1, NULL, 1, '2020-09-11 13:06:45', '2020-09-16 09:18:29', NULL, '10424810', '4904710424810', '1299.75', NULL, NULL, NULL),
(81, 'MCX-A501 PO', 'TIGER PIC BOTTLE 500ML OPERA PINK', 3, 1, 1, NULL, 1, '2020-09-11 13:07:11', '2020-09-16 09:18:52', NULL, '10424834', '4904710424834', '1299.75', NULL, NULL, NULL),
(82, 'MCX-A601 KM', 'TIGER PIC BOTTLE 600ML, MATTE BLACK', 3, 1, 1, NULL, 1, '2020-09-11 13:07:44', '2020-09-16 09:19:09', NULL, '10424797', '4904710424797', '1399.75', NULL, NULL, NULL),
(83, 'MCX-A601 ST', 'TIGER PIC BOTTLE 600ML, MATTE SILVER', 3, 1, 1, NULL, 1, '2020-09-11 13:08:29', '2020-09-16 09:19:23', NULL, '10424803', '4904710424803', '1399.75', NULL, NULL, NULL),
(84, 'MCY-A035 AK', 'TIGER PIC BOTTLE 350ML, SKY BLUE', 3, 1, 1, NULL, 1, '2020-09-11 13:09:11', '2020-09-16 09:19:33', NULL, '10424841', '4904710424841', '1099.75', NULL, NULL, NULL),
(85, 'MCY-A035 PS', 'TIGER PIC BOTTLE 350ML, ROSE PINK', 3, 1, 1, NULL, 1, '2020-09-11 13:09:38', '2020-09-16 09:19:45', NULL, '10424858', '10424858', '1099.75', NULL, NULL, NULL),
(86, 'MCY-A035 WM', 'TIGER PIC BOTTLE 350ML, CREAM WHITE', 3, 1, 1, NULL, 1, '2020-09-11 13:10:33', '2020-09-16 09:19:56', NULL, '10424865', '4904710424865', '1099.75', NULL, NULL, NULL),
(87, 'MCY-A050 AK', 'TIGER PIC BOTTLE 500ML SKY BLUE', 3, 1, 1, NULL, 1, '2020-09-11 13:11:04', '2020-09-16 09:20:15', NULL, '10424872', '4904710424872', '1199.75', NULL, NULL, NULL),
(88, 'MCY-A050 PS', 'TIGER PIC BOTTLE 500ML, ROSE PINK', 3, 1, 1, NULL, 1, '2020-09-11 13:12:26', '2020-09-16 09:20:28', NULL, '10424889', '4904710424889', '1199.75', NULL, NULL, NULL),
(89, 'MCY-A050 WM', 'TIGER PIC BOTTLE 500ML, CREAM WHITE', 3, 1, 1, NULL, 1, '2020-09-11 13:13:55', '2020-09-16 09:20:39', NULL, '10424896', '4904710424896', '1199.75', NULL, NULL, NULL),
(90, 'MCY-A060 KM', 'TIGER PIC BOTTLE 600ML, MAUVE BLACK', 3, 1, 1, NULL, 1, '2020-09-11 13:14:44', '2020-09-16 09:20:56', NULL, '10424902', '4904710424902', '1299.75', NULL, NULL, NULL),
(91, 'MCY-A060 NP', 'TIGER PIC BOTTLE 600ML, CHAMPAGNE GOLD', 3, 1, 1, NULL, 1, '2020-09-11 13:15:46', '2020-11-16 08:49:10', NULL, '10424919', '4904710424919', '1299.75', NULL, NULL, NULL),
(92, 'MCZ-A060 P', 'TIGER PIC BOTTLE 600ML, LILAC PINK', 3, 1, 1, NULL, 1, '2020-09-11 13:18:50', '2020-09-16 09:21:36', NULL, '10428498', '4904710428498', '2179.75', NULL, NULL, NULL),
(93, 'MCZ-A060 W', 'TIGER PIC BOTTLE 600ML, WHITE', 3, 1, 1, NULL, 1, '2020-09-11 13:19:22', '2020-09-16 09:21:49', NULL, '10428504', '4904710428504', '2179.75', NULL, NULL, NULL),
(94, 'MCZ-A080 K', 'TIGER PIC BOTTLE 800ML, BLACK', 3, 1, 1, NULL, 1, '2020-09-11 13:20:56', '2020-09-16 09:22:00', NULL, '10428528', '4904710428528', '2599.75', NULL, NULL, NULL),
(95, 'MSK-A030 AS', 'TIGER PIC BOTTLE 300ML, SMOKY BLUE', 3, 1, 1, NULL, 1, '2020-09-11 13:21:41', '2020-09-16 09:22:28', NULL, '10428207', '4904710428207', '1849.75', NULL, NULL, NULL),
(96, 'MSK-A030 RB', 'TIGER PIC BOTTLE 300ML, BRICK RED', 3, 1, 1, NULL, 1, '2020-09-11 13:22:04', '2020-09-16 09:22:44', NULL, '10428214', '4904710428214', '1849.75', NULL, NULL, NULL),
(97, 'MSK-A030 TC', 'TIGER PIC BOTTLE 300ML, CHOCOLATE BROWN', 3, 1, 1, NULL, 1, '2020-09-11 13:22:32', '2020-09-16 09:23:04', NULL, '10428221', '4904710428221', '1849.75', NULL, NULL, NULL),
(98, 'MSK-A030 WG', 'TIGER PIC BOTTLE 300ML, GRAYISH WHITE', 3, 1, 1, NULL, 1, '2020-09-11 13:23:03', '2020-09-16 09:23:26', NULL, '10428238', '4904710428238', '1849.75', NULL, NULL, NULL),
(99, 'MJX-A481 GW', NULL, 3, 1, 1, NULL, 1, '2020-09-11 13:23:45', '2020-09-11 13:23:45', NULL, '10425695', '4904710425695', '4995.00', NULL, NULL, NULL),
(100, 'MJX-A481 RK', NULL, 3, 1, 1, NULL, 1, '2020-09-11 13:24:11', '2020-09-11 13:24:11', NULL, '10425688', '4904710425688', '4995.00', NULL, NULL, NULL),
(101, 'PWO-A120 W', 'TIGER HANDY JUG 1.2L, WHITE', 1, 1, 1, NULL, 1, '2020-09-11 13:26:44', '2020-09-16 09:24:10', NULL, '10428146', '4904710428146', '2899.75', NULL, NULL, NULL),
(102, 'LWU-A171 HD', 'TIGER LUNCH JAR 1.7L, CHARCOAL GRAY', 5, 1, 1, NULL, 1, '2020-09-11 13:40:31', '2020-09-16 09:24:35', NULL, '10353707', '4904710353707', '2399.75', NULL, NULL, NULL),
(103, 'LWU-B200 SE', 'TIGER LUNCH 2L, WARM SILVER', 5, 1, 1, NULL, 1, '2020-09-11 13:41:15', '2020-09-16 09:24:53', NULL, '10344422', '4904710344422', '3099.75', NULL, NULL, NULL),
(104, 'LWU-F200 SE', 'TIGER LUNCH 2L, WARM SILVER', 5, 1, 1, NULL, 1, '2020-09-11 13:41:57', '2020-09-16 09:25:04', NULL, '10387726', '4904710387726', '3399.75', NULL, NULL, NULL),
(105, 'CQE-A11W', 'TIGER ELEC. SKILLET, BLACK', 9, 1, 1, NULL, 1, '2020-09-11 13:42:54', '2020-09-16 09:25:30', NULL, '10403952', '4904710403952', '4795.00', NULL, NULL, NULL),
(106, 'KAJ-B08F', 'TIGER OVEN TOASTER, SILVER', 8, 1, 1, NULL, 1, '2020-09-11 13:43:51', '2020-09-16 09:25:49', NULL, '10403532', '4904710403532', '1995.00', NULL, NULL, NULL),
(107, 'JKT-S10W', 'TIGER RICE COOKER 1L, BLACK', 6, 1, 1, NULL, 1, '2020-09-11 13:44:24', '2020-09-16 09:26:08', NULL, '10412541', '4904710412541', '19999.75', NULL, NULL, NULL),
(108, 'JKT-S18W', 'TIGER RICE COOKER 1.8L, BLACK', 6, 1, 1, NULL, 1, '2020-09-11 13:44:59', '2020-09-16 09:26:21', NULL, '10412558', '4904710412558', '22499.75', NULL, NULL, NULL),
(109, 'JAX-S10S', 'TIGER RICE COOKER 1L, BEIGE', 6, 1, 1, NULL, 1, '2020-09-11 13:45:27', '2020-09-16 09:26:35', NULL, '10418253', '4904710418253', '14999.75', NULL, NULL, NULL),
(110, 'JAX-S18S', 'TIGER RICE COOKER 1.8L, BEIGE', 6, 1, 1, NULL, 1, '2020-09-11 13:45:58', '2020-09-16 09:26:49', NULL, '10418260', '4904710418260', '15999.75', NULL, NULL, NULL),
(111, 'JBV-S10S', 'TIGER RICE COOKER 1L, BEIGE', 6, 1, 1, NULL, 0, '2020-09-11 13:46:25', '2020-09-16 09:27:02', NULL, '10418376', '4904710418376', '11199.75', NULL, NULL, NULL),
(112, 'JBV-S18S', 'TIGER RICE COOKER 1.8L, BEIGE', 6, 1, 1, NULL, 1, '2020-09-11 13:47:22', '2020-09-16 09:27:14', NULL, '10418383', '4904710418383', '11749.75', NULL, NULL, NULL),
(113, 'JNP-1000 FK', 'TIGER RICE COOKER 1L, JASMINE', 6, 1, 1, NULL, 1, '2020-09-11 13:52:08', '2020-09-16 09:27:27', NULL, '10301494', '4904710301494', '6499.75', NULL, NULL, NULL),
(114, 'JNP-1000 FL', 'TIGER RICE COOKER 1L, LOVELY FLOWER', 6, 1, 1, NULL, 1, '2020-09-11 13:52:36', '2020-09-16 09:27:49', NULL, '10352410', '4904710352410', '6499.75', NULL, NULL, NULL),
(115, 'JNP-1800 FK', 'TIGER RICE COOKER 1.8L, JASMIME', 6, 1, 1, NULL, 1, '2020-09-11 13:53:02', '2020-09-16 09:28:02', NULL, '10301609', '4904710301609', '7999.75', NULL, NULL, NULL),
(116, 'JNP-1800 FL', 'TIGER RICE COOKER 1.8L, LOVELY FLOWER', 6, 1, 1, NULL, 1, '2020-09-11 13:53:47', '2020-09-16 09:28:25', NULL, '10352427', '4904710352427', '7999.75', NULL, NULL, NULL),
(117, 'JNP-1800 TN', 'TIGER RICE COOKER 1.8L, NATURAL BROWN', 6, 1, 1, NULL, 1, '2020-09-11 13:54:29', '2020-09-16 09:29:08', NULL, '10337776', '4904710337776', '7999.75', NULL, NULL, NULL),
(118, 'JCC-270P', 'TIGER RICE COOKER 2.7L, STAINLESS', 6, 1, 1, NULL, 1, '2020-09-11 13:55:11', '2020-09-16 09:29:23', NULL, '10299333', '4904710299333', '13799.75', NULL, NULL, NULL),
(119, 'JNO-B360', 'TIGER RICE COOKER 3.6L, STAINLESS', 6, 1, 1, NULL, 1, '2020-09-11 13:55:50', '2020-09-16 09:29:41', NULL, '10336038', '4904710336038', '26299.75', NULL, NULL, NULL),
(120, 'LWR-A072 NN', 'TIGER LUNCH JAR 700ML, CHAMPAGNE GOLD', 5, 1, 1, NULL, 1, '2020-09-11 14:00:20', '2020-09-16 09:30:13', NULL, '10342312', '4904710342312', '3149.75', NULL, NULL, NULL),
(121, 'LWR-A072 PG', 'TIGER LUNCH JAR 700ML, PINK', 5, 1, 1, NULL, 1, '2020-09-11 14:01:07', '2020-09-16 09:30:35', NULL, '10342305', '4904710342305', '3149.75', NULL, NULL, NULL),
(122, 'LWR-A092 NN', 'TIGER LUNCH JAR 900ML, CHAMPAGNE GOLD', 5, 1, 1, NULL, 1, '2020-09-11 14:02:05', '2020-09-16 09:30:53', NULL, '10342329', '4904710342329', '3299.75', NULL, NULL, NULL),
(123, 'LWR-A092 PG', 'TIGER LUNCH JAR 900ML, PINK', 5, 1, 1, NULL, 1, '2020-09-11 14:02:41', '2020-09-16 09:31:05', NULL, '10342336', '4904710342336', '3299.75', NULL, NULL, NULL),
(124, 'MME-C150 A', 'TIGER PIC BOTTLE 1.5L, AQUA', 3, 1, 1, NULL, 1, '2020-11-13 07:24:23', '2020-11-13 07:24:23', NULL, '10421246', '4904710421246', '2899.75', NULL, NULL, NULL),
(125, 'MME-C150 K', 'TIGER PIC BOTTLE 1.5L, BLACK', 3, 1, 1, NULL, 1, '2020-11-13 07:25:11', '2020-11-13 07:25:11', NULL, '10421253', '4904710421253', '2899.75', NULL, NULL, NULL),
(126, 'MME-C100 A', 'TIGER PIC BOTTLE 1L, AQUA', 3, 1, 1, NULL, 1, '2020-11-13 07:26:01', '2020-11-13 07:29:18', NULL, '10421277', '4904710421277', '2599.75', NULL, NULL, NULL),
(127, 'MME-C100 K', 'TIGER PIC BOTTLE 1L, BLACK', 3, 1, 1, NULL, 1, '2020-11-13 07:26:30', '2020-11-13 07:26:30', NULL, '10421260', '4904710421260', '2599.75', NULL, NULL, NULL),
(128, 'JBX-B10F W', 'TIGER RICE COOKER 1L, 5 CUPS, WHITE', 6, 1, 1, NULL, 1, '2020-11-13 07:30:40', '2020-11-13 07:30:40', NULL, '10425183', '4904710425183', '8999.75', NULL, NULL, NULL),
(129, 'MSC-B050 XF', 'TIGER PIC BOTTLE 500ML, STAINLESS', 3, 1, 1, NULL, 1, '2020-11-13 07:31:32', '2020-11-13 07:31:32', NULL, '10341971', '4904710341971', '1299.75', NULL, NULL, NULL),
(130, 'MHK-A150 XC', 'TIGER PIC BOTTLE 1.5L, STAINLESS', 3, 1, 1, NULL, 1, '2020-11-13 07:32:27', '2020-11-13 07:32:27', NULL, '10372562', '4904710372562', '2499.75', NULL, NULL, NULL),
(131, 'MHK-A200 XC', 'TIGER PIC BOTTLE 2L, STAINLESS', 3, 1, 1, NULL, 1, '2020-11-13 07:33:04', '2020-11-13 07:33:04', NULL, '10372647', '4904710372647', '2699.75', NULL, NULL, NULL),
(132, 'MBI-A080 XD', 'TIGER PIC BOTTLE 800ML, STAINLESS BLACK', 3, 1, 1, NULL, 0, '2020-11-13 07:33:49', '2020-11-13 07:33:49', NULL, '10394632', '4904710394632', '1799.75', NULL, NULL, NULL),
(133, 'MCJ-A050 CK', 'TIGERSOUP CUP 500ML, CAULIFLOWER', 4, 1, 1, NULL, 1, '2020-11-13 07:34:56', '2020-11-13 07:34:56', NULL, '10415801', '4904710415801', '2299.75', NULL, NULL, NULL),
(134, 'MCJ-A050 PF', 'TIGER SOUP CUP 500ML, FRAMBOISE', 4, 1, 1, NULL, 1, '2020-11-13 07:35:34', '2020-11-13 07:35:34', NULL, '10415795', '4904710415795', '2299.75', NULL, NULL, NULL),
(135, 'MCJ-A050 PF', 'TIGER SOUP CUP 500ML, FRAMBOISE', 4, 1, 1, NULL, 1, '2020-11-13 07:36:02', '2020-11-13 07:36:02', NULL, '10415795', '4904710415795', '2299.75', NULL, NULL, NULL),
(136, 'MCJ-A075 CK', 'TIGER SOUP CUP 750ML, CAULIFLOWER', 4, 1, 1, NULL, 1, '2020-11-13 07:36:43', '2020-11-13 07:36:43', NULL, '10415818', '4904710415818', '2499.75', NULL, NULL, NULL),
(137, 'MCJ-A075 T', 'TIGER SOUP CUP 750ML, COCOA', 4, 1, 1, NULL, 1, '2020-11-13 07:37:19', '2020-11-13 07:37:19', NULL, '10415825', '4904710415825', '2499.75', NULL, NULL, NULL),
(138, 'PCI-A10F W', 'TIGER ELEC. KETTLE 1L, WHITE', 12, 1, 1, NULL, 1, '2020-11-13 08:14:33', '2021-01-20 09:57:52', NULL, '10407523', '4904710407523', '2495.00', NULL, NULL, NULL),
(139, 'MCM-T050 NN', 'TIGER DESK MUG 500ML, CHAMPAGNE GOLD', 13, 1, 1, NULL, 1, '2020-11-13 08:15:25', '2021-01-20 12:26:08', NULL, '10415221', '4904710415221', '1999.75', NULL, NULL, NULL),
(140, 'MCM-T050 XC', 'TIGER DESK MUG 500ML, STAINLESS', 13, 1, 1, NULL, 1, '2020-11-13 08:15:53', '2021-01-20 12:26:25', NULL, '10415238', '4904710415238', '1999.75', NULL, NULL, NULL),
(141, 'JBX-B18F W', 'TIGER RICE COOKER 1.8L, 10 CUPS, WHITE', 6, 1, 1, NULL, 1, '2020-12-02 14:09:15', '2020-12-02 14:09:15', NULL, '10425190', '4904710425190', '9999.75', NULL, NULL, NULL),
(142, 'PDR-S30S C', 'TIGER ELECTRIC AIRPOT 3L, BEIGE', 7, 1, 1, NULL, 1, '2020-12-02 14:12:37', '2020-12-02 14:13:34', NULL, '10416426', '4904710416426', '7999.75', NULL, NULL, NULL),
(143, 'PDR-S40S C', 'TIGER ELECTRIC AIRPOT 4L, BEIGE', 7, 1, 1, NULL, 1, '2020-12-02 14:15:00', '2020-12-02 14:15:00', NULL, '10416433', '4904710416433', '8499.75', NULL, NULL, NULL),
(144, 'PWL-A202 XC', 'TIGER HANDY JUG 2L, STAINLESS', 1, 1, 1, NULL, 1, '2020-12-02 14:24:41', '2020-12-02 14:31:32', NULL, '10354711', '4904710354711', '1699.75', NULL, NULL, NULL),
(145, 'PWL-A162 XC', 'TIGER HANDY JUG 1.6L, STAINLESS', 1, 1, 1, NULL, 1, '2020-12-02 14:25:52', '2020-12-02 14:31:43', NULL, '10354759', '4904710354759', '1999.75', NULL, NULL, NULL),
(146, 'PWL-A122 XC', 'TIGER PIC BOTTLE 1.2L, STAINLESS', 1, 1, 1, NULL, 1, '2020-12-02 14:28:52', '2020-12-02 14:28:52', NULL, '10354636', '4904710354636', '1699.75', NULL, NULL, NULL),
(147, 'MCK-A280 Y', 'TIGER PIC BOTTLE 280ML, GIRAFFE', 3, 1, 1, NULL, 1, '2020-12-02 14:36:09', '2020-12-02 14:52:44', NULL, '10420799', '4904710420799', '1799.75', NULL, NULL, NULL),
(148, 'MCK-A280 G', 'TIGER PIC BOTTLE 280ML, LION', 3, 1, 1, NULL, 1, '2020-12-02 14:52:25', '2020-12-02 14:52:56', NULL, '10420782', '4904710420782', '1799.75', NULL, NULL, NULL),
(149, 'JKW-A18W CU', 'TIGER RICE COOKER 1.8L, 10 CUPS, URBAN BEIGE', 6, 1, 1, NULL, 1, '2020-12-02 14:54:03', '2020-12-02 14:54:22', NULL, '10393994', '4904710393994', '22499.75', NULL, NULL, NULL),
(150, 'MCW-P091 XS', 'TIGER FOOD JAR 900ML, STAINLESS', 11, 1, 1, NULL, 1, '2021-01-08 08:19:47', '2021-01-20 09:58:17', NULL, '10344323', '4904710344323', '1999.75', NULL, NULL, NULL),
(151, 'PDU-A50W', 'TIGER ELECTRIC AIRPOT 5L, BLACK', 7, 1, 1, NULL, 1, '2021-01-08 12:07:13', '2021-01-08 12:07:13', NULL, '10412398', '4904710412398', '9799.75', NULL, NULL, NULL),
(152, 'MCI-A028 A', 'TIGER DESKMUG 280ML. CHOCO MINT', 13, 1, 1, NULL, 1, '2021-01-20 12:28:04', '2021-01-20 12:30:11', NULL, '10415740', '4904710415740', '1499.75', NULL, NULL, NULL),
(153, 'MCI-A028 C', 'TIGER DESKMUG 280ML, CREAM', 13, 1, 1, NULL, 1, '2021-01-20 12:29:53', '2021-01-20 12:29:53', NULL, '10415757', '4904710415757', '1499.75', NULL, NULL, NULL),
(154, 'MCI-A028 R', 'TIGER DESKMUG 280ML, CHERRY', 13, 1, 1, NULL, 1, '2021-01-20 12:30:56', '2021-01-20 12:30:56', NULL, '10415764', '4904710415764', '1499.75', NULL, NULL, NULL),
(155, 'MCI-A028 T', 'TIGER DESKMUG 280ML, COCOA', 13, 1, 1, NULL, 1, '2021-01-20 12:31:39', '2021-01-20 12:31:39', NULL, '10415771', '4904710415771', '1499.75', NULL, NULL, NULL),
(156, 'MCI-A028 Y', 'TIGER DESKMUG 280ML, GINGER', 13, 1, 1, NULL, 1, '2021-01-20 12:32:32', '2021-01-20 12:32:32', NULL, '10415788', '4904710415788', '1499.75', NULL, NULL, NULL),
(157, 'LXB-A100 XC', 'TIGER LUNCH JAR 1L, STAINLESS', 5, 1, 1, NULL, 1, '2021-01-20 12:33:22', '2021-01-20 12:33:22', NULL, '10430644', '4904710430644', '2999.75', NULL, NULL, NULL),
(158, 'CBN-1100 AF', 'CARIBBEAN HANDY JUG 1L, A-FLOWER', 1, 1, 1, NULL, 1, '2021-01-20 12:35:30', '2021-01-20 12:35:30', NULL, '0000013', '1440090000013', '359.75', NULL, NULL, NULL),
(159, 'CBN-1100 BF', 'CARIBBEAN HANDY JUG 1L, B-FLOWER', 1, 1, 1, NULL, 1, '2021-01-20 12:36:23', '2021-01-20 12:36:23', NULL, '0000020', '1440090000020', '359.75', NULL, NULL, NULL),
(160, 'CBN-1100 CF', 'CARIBBEAN HANDY JUG 1L, C-FLOWER', 1, 1, 1, NULL, 1, '2021-01-20 12:37:09', '2021-01-20 12:37:09', NULL, '0000037', '1440090000037', '359.75', NULL, NULL, NULL),
(161, 'CBN-110S XS', 'CARIBBEAN HANDY JUG 1L, STAINLESS', 1, 1, 1, NULL, 0, '2021-01-20 12:37:46', '2021-01-20 12:38:12', NULL, '0000044', '1440090000044', '399.75', NULL, NULL, NULL),
(162, 'CBN-110S XS', 'CARIBBEAN HANDY JUG 1L, STAINLESS', 1, 1, 1, NULL, 1, '2021-01-20 12:37:48', '2021-01-20 12:37:48', NULL, '0000044', '1440090000044', '399.75', NULL, NULL, NULL),
(163, 'CBN-130S XS', 'CARIBBEAN HANDY JUG 1.3L, STAINLESS', 1, 1, 1, NULL, 1, '2021-01-20 12:38:47', '2021-01-20 12:38:47', NULL, '0000051', '1440090000051', '419.75', NULL, NULL, NULL),
(164, 'CBN-160S XS', 'CARIBBEAN HANDY JUG 1.6L, STAINLESS', 1, 1, 1, NULL, 1, '2021-01-20 12:39:25', '2021-01-20 12:39:25', NULL, '0000068', '1440090000068', '469.75', NULL, NULL, NULL),
(165, 'CBN-190S XS', 'CARIBBEAN HANDY JUG 1.9L, STAINLESS', 1, 1, 1, NULL, 1, '2021-01-20 12:40:04', '2021-01-20 12:40:04', NULL, '0000075', '1440090000075', '489.75', NULL, NULL, NULL),
(166, 'CSTB-1000 XS', 'CARIBBEAN HANDY JUG 1L, STAINLESS', 1, 1, 1, NULL, 1, '2021-01-20 12:40:46', '2021-01-20 12:40:46', NULL, '0000082', '1440090000082', '589.75', NULL, NULL, NULL),
(167, 'CSTB-1500 XS', 'CARIBBEAN HANDY JUG 1.5L, STAINLESS', 1, 1, 1, NULL, 1, '2021-01-20 12:41:16', '2021-01-20 12:41:16', NULL, '0000099', '1440090000099', '629.75', NULL, NULL, NULL),
(168, 'CSTB-2000 XS', 'CARIBBEAN HANDY JUG 2L, STAINLESS', 1, 1, 1, NULL, 1, '2021-01-20 12:41:57', '2021-01-20 12:41:57', NULL, '0000105', '1440090000105', '649.75', NULL, NULL, NULL),
(169, 'CBN-250S XS', 'CARIBBEAN AIRPUMP JUG 2.5L, STAINLESS', 2, 1, 1, NULL, 1, '2021-01-20 12:42:54', '2021-01-20 12:42:54', NULL, '0000112', '1440090000112', '879.75', NULL, NULL, NULL),
(170, 'CBN-300S XS', 'CARIBBEAN AIRPUMP JUG 3L, STAINLESS', 2, 1, 1, NULL, 0, '2021-01-20 12:43:36', '2021-01-20 12:43:36', NULL, '0000129', '1440090000129', '949.75', NULL, NULL, NULL),
(171, 'CBN-300S XS', 'CARIBBEAN AIRPUMP JUG 3L, STAINLESS', 2, 1, 1, NULL, 1, '2021-01-20 12:43:58', '2021-01-20 12:43:58', NULL, '0000129', '1440090000129', '949.75', NULL, NULL, NULL),
(172, 'CCJ-1000 BLK', 'CARIBBEAN CITRUS JUICER 1L, BLACK', 14, 1, 1, NULL, 1, '2021-01-20 12:49:24', '2021-01-20 12:49:24', NULL, '0000136', '1440090000136', '499.75', NULL, NULL, NULL),
(173, 'CCJ-1000 Y', 'CARIBBEAN CITRUS JUICER, 1L, YELLOW', 14, 1, 1, NULL, 1, '2021-01-20 12:50:02', '2021-01-20 12:50:02', NULL, '0000143', '1440090000143', '499.75', NULL, NULL, NULL),
(174, 'CFI-2018 BLK', 'CARIBBEAN FLAT IRON, BLACK', 15, 1, 1, NULL, 1, '2021-01-20 12:51:29', '2021-01-20 12:51:29', NULL, '0000150', '1440090000150', '549.75', NULL, NULL, NULL),
(175, 'CGS-2006 XS', 'CARIBBEAN GAS STOVE, STAINLESS', 16, 1, 1, NULL, 1, '2021-01-20 12:58:33', '2021-01-20 12:58:33', NULL, '0000167', '1440090000167', '649.75', NULL, NULL, NULL),
(176, 'CDB-2006 XS', 'CARIBBEAN DOUBLE GAS STOVE, STAINLESS', 16, 1, 1, NULL, 1, '2021-01-20 12:59:23', '2021-01-20 12:59:23', NULL, '0000174', '1440090000174', '1149.75', NULL, NULL, NULL),
(177, 'CTGS-2012 GRY', 'CARIBBEAN TRIPPLE GAS STOVE, GRAY', 16, 1, 1, NULL, 1, '2021-01-20 13:01:41', '2021-01-20 13:01:41', NULL, '0000181', '1440090000181', '1299.75', NULL, NULL, NULL),
(178, 'CESB-2010 GRY', 'CARIBBEAN BURNER GAS STOVE, GRAY', 16, 1, 1, NULL, 1, '2021-01-20 13:02:37', '2021-01-20 13:02:37', NULL, '0000198', '1440090000198', '1149.75', NULL, NULL, NULL),
(179, 'CESB-2010 GRY', 'CARIBBEAN ENAMEL SINGLE GAS STOVE, GRAY', 16, 1, 1, NULL, 1, '2021-01-20 13:03:30', '2021-01-20 13:03:30', NULL, '0000204', '1440090000204', '529.75', NULL, NULL, NULL),
(180, 'CEDB-2010 GRY', 'CARIBBEAN ENAMEL  DOUBLE GAS STOVE', 16, 1, 1, NULL, 1, '2021-01-20 13:14:04', '2021-01-20 13:14:04', NULL, '0000211', '1440090000211', '999.75', NULL, NULL, NULL),
(181, 'DGSB-2017', 'CARIBBEAN GAS STOVE BURNER, STAINLESS', 16, 1, 1, NULL, 1, '2021-01-20 13:15:02', '2021-01-20 13:15:02', NULL, '0000228', '1440090000228', '2179.75', NULL, NULL, NULL),
(182, 'SGT-2017 BLK', 'CARIBBEAN SINGLE GLASS TOP, BLACK', 16, 1, 1, NULL, 1, '2021-01-20 13:16:04', '2021-01-20 13:16:04', NULL, '0000235', '1440090000235', '1099.75', NULL, NULL, NULL),
(183, 'DGT-2017 BLK', 'CARIBBEAN DOUBLE GLASS TOP. BLACK', 16, 1, 1, NULL, 1, '2021-01-20 13:16:41', '2021-01-20 13:16:41', NULL, '00000242', '14400900000242', '2099.75', NULL, NULL, NULL),
(184, 'TBGT-2017 BLK', 'CARIBBEAN TRIPPLE GLASS TOP, BLACK', 16, 1, 1, NULL, 1, '2021-01-20 13:17:51', '2021-01-20 13:17:51', NULL, '0000259', '1440090000259', '2499.75', NULL, NULL, NULL),
(185, 'CEOT-8000 GRY', 'CARIBBEAN OVEN TOASTER, 8L, GRAY', 8, 1, 1, NULL, 1, '2021-01-20 13:18:56', '2021-01-20 13:18:56', NULL, '0000266', '1440090000266', '1299.75', NULL, NULL, NULL),
(186, 'CEOT-8000 GRN', 'CARIBBEAN OVEN TOASTER 8L, GREEN', 8, 1, 1, NULL, 1, '2021-01-20 13:19:37', '2021-01-20 13:19:37', NULL, '0000273', '1440090000273', '1299.75', NULL, NULL, NULL),
(187, 'CEO-1800 BLK', 'CARIBBEAN ELECTRIC OVEN, 18L , BLACK', 19, 1, 1, NULL, 1, '2021-01-20 13:21:04', '2021-01-20 13:21:04', NULL, '0000280', '1440090000280', '2249.75', NULL, NULL, NULL),
(188, 'CHM-2016 W', 'CARIBBEAN HOTDOG MAKER, WHITE', 20, 1, 1, NULL, 1, '2021-01-20 14:28:35', '2021-01-20 14:28:35', NULL, '90000297', '1440090000297', '699.75', NULL, NULL, NULL),
(189, 'CSM-2019 BLK', 'CARIBBEAN SANDWICH MAKER, BLACK', 21, 1, 1, NULL, 1, '2021-01-20 14:29:14', '2021-01-20 14:29:14', NULL, '0000303', '1440090000303', '599.75', NULL, NULL, NULL),
(190, 'CIB-2000 BLK', 'CARIBBEAN HEAVY DUTY BLENDER, BLACK', 23, 1, 1, NULL, 1, '2021-01-20 14:30:33', '2021-01-20 14:30:33', NULL, '0000310', '1440090000310', '6999.75', NULL, NULL, NULL),
(191, 'CIB-2000 W', 'CARIBBEAN HEAVY DUTY BLENDER, WHITE', 23, 1, 1, NULL, 1, '2021-01-20 14:31:27', '2021-01-20 14:31:27', NULL, '0000327', '1440090000327', '6999.75', NULL, NULL, NULL),
(192, 'CPB-300 B', 'CARIBBEAN PERSONAL BLENDER, BLUE', 23, 1, 1, NULL, 1, '2021-01-20 14:32:12', '2021-01-20 14:32:12', NULL, '0000334', '1440090000334', '749.75', NULL, NULL, NULL),
(193, 'CPB-0300 P', 'CARIBBEAN PERSONAL BLENDER, PINK', 23, 1, 1, NULL, 1, '2021-01-20 14:32:58', '2021-01-20 14:32:58', NULL, '0000341', '1440090000341', '749.75', NULL, NULL, NULL),
(194, 'CCKB-2018 W', 'CARIBBEAN CORDLESS KETTLE, 1.7L, WHITE', 12, 1, 1, NULL, 1, '2021-01-20 14:33:40', '2021-01-20 14:33:40', NULL, '0000358', '1440090000358', '379.75', NULL, NULL, NULL),
(195, 'CCKB-2018 BLK', 'CARIBBEAN CORDLESS KETTLE 1.7L, BLACK', 12, 1, 1, NULL, 1, '2021-01-20 14:34:13', '2021-01-20 14:34:13', NULL, '0000365', '1440090000365', '379.75', NULL, NULL, NULL),
(196, 'CCSK-170S XS', 'CARIBBEAN CORDLESS KETTLE 1.7L, STAINLESS', 12, 1, 1, NULL, 1, '2021-01-20 14:41:52', '2021-01-20 14:41:52', NULL, '0000372', '1440090000372', '649.75', NULL, NULL, NULL),
(197, 'CGK-1700 BLK', 'CARIBBEAN GLASS KETTLE, 1.7L, BLACK', 12, 1, 1, NULL, 1, '2021-01-20 14:42:53', '2021-01-20 14:42:53', NULL, '0000389', '1440090000389', '799.75', NULL, NULL, NULL),
(198, 'CKD-1700 W', 'CARIBBEAN CORDLESS KETTLE, 1.7L, WHITE', 12, 1, 1, NULL, 1, '2021-01-20 14:43:49', '2021-01-20 14:43:49', NULL, '0000396', '1440090000396', '649.75', NULL, NULL, NULL),
(199, 'CHP-1000 R', 'CARIBBEAN HOT POT 1L, RED', 24, 1, 1, NULL, 1, '2021-01-20 14:54:02', '2021-01-20 14:54:02', NULL, '0000402', '1440090000402', '629.75', NULL, NULL, NULL),
(200, 'CCH-400 B', 'CARIBBEAN ELECTRIC CHOPPER, BLUE', 25, 1, 1, NULL, 1, '2021-01-20 14:55:43', '2021-01-20 14:55:43', NULL, '0000419', '1440090000419', '649.75', NULL, NULL, NULL),
(201, 'CCH-400 R', 'CARIBBEAN ELECTRIC CHOPPER, RED', 25, 1, 1, NULL, 1, '2021-01-20 14:56:21', '2021-01-20 14:56:21', NULL, '0000426', '1440090000426', '649.75', NULL, NULL, NULL),
(202, 'CCH-400 P', 'CARIBBEAN ELECTRIC CHOPPER, YELLOW', 25, 1, 1, NULL, 1, '2021-01-20 14:56:55', '2021-01-20 14:56:55', NULL, '90000433', '1440090000433', '649.75', NULL, NULL, NULL),
(203, 'CNH-1500 XS', 'CARIBBEAN NOODLE HEATER 1.5L, STAINLESS', 26, 1, 1, NULL, 1, '2021-01-20 14:58:06', '2021-01-20 14:58:06', NULL, '0000440', '1440090000440', '699.75', NULL, NULL, NULL),
(204, 'CIC-2019 CE', 'CARIBBEAN INDUCTION COOKER, CERAMIC', 18, 1, 1, NULL, 1, '2021-01-20 15:06:35', '2021-01-20 15:06:35', NULL, '0000457', '1440090000457', '1049.75', NULL, NULL, NULL),
(205, 'CIS-2019 CR', 'CARIBBEAN INDUCTION COOKER, CRYSTAL', 18, 1, 1, NULL, 1, '2021-01-20 15:07:32', '2021-01-20 15:07:32', NULL, '0000464', '1440090000464', '1400.00', NULL, NULL, NULL),
(206, 'CPS-2005 BLK', 'CARIBBEAN ROUND PLASTIC STEAMER, BLACK', 27, 1, 1, NULL, 1, '2021-01-20 15:08:52', '2021-01-20 15:08:52', NULL, '0000495', '1440090000495', '849.75', NULL, NULL, NULL),
(207, 'CPS-2005 W', 'CARIBBEAN ROUND PLASTIC STEAMER, WHITE', 27, 1, 1, NULL, 1, '2021-01-20 15:09:25', '2021-01-20 15:09:25', NULL, '0000501', '1440090000501', '849.75', NULL, NULL, NULL),
(208, 'CPS-2006 G', 'CARIBBEAN OVAL PLASTIC STEAMER, GREEN', 27, 1, 1, NULL, 1, '2021-01-20 15:10:27', '2021-01-20 15:10:27', NULL, '0000518', '1440090000518', '1299.75', NULL, NULL, NULL),
(209, 'CPS-2006 W', 'CARIBBEAN OVAL PLASTIC STEAMER, WHITE', 27, 1, 1, NULL, 1, '2021-01-20 15:11:03', '2021-01-20 15:11:03', NULL, '0000525', '1440090000525', '1299.75', NULL, NULL, NULL),
(210, 'CMP-3000 W', 'CARIBBEAN MULTI-FUNCTION COOKER 3L, WHITE', 28, 1, 1, NULL, 1, '2021-01-20 15:13:33', '2021-01-20 15:13:33', NULL, '0000532', '1440090000532', '899.75', NULL, NULL, NULL),
(211, 'CMP-300S XS', 'CARIBBEAN MULTI-FUNCTION COOKER 3L, STAINLESS', 28, 1, 1, NULL, 1, '2021-01-20 15:14:49', '2021-01-20 15:14:49', NULL, '0000549', '1440090000549', '999.75', NULL, NULL, NULL),
(212, 'CMC-2800 BLK', 'CARIBBEAN MULTI-FUNCTION COOKER, 2.8L, BLACK', 28, 1, 1, NULL, 1, '2021-01-20 15:16:58', '2021-01-20 15:16:58', NULL, '0000556', '1440090000556', '1329.75', NULL, NULL, NULL),
(213, 'CDHP-2012 W', 'CARIBBEAN ELECTRIC DOUBLE HOTPLATE, WHITE', 30, 1, 1, NULL, 1, '2021-01-20 15:18:30', '2021-01-20 15:18:30', NULL, '0000563', '1440090000563', '749.75', NULL, NULL, NULL),
(214, 'CDHP-2012S XS', 'CARIBBEAN ELECTRIC DOUBLE HOTPLATE, STAINLESS', 30, 1, 1, NULL, 1, '2021-01-20 15:19:23', '2021-01-20 15:19:23', NULL, '0000570', '1440090000570', '829.75', NULL, NULL, NULL),
(215, 'CES-2018 W', 'CARIBBEAN ELECTRIC SINGLE STOVE, WHITE', 17, 1, 1, NULL, 1, '2021-01-20 15:20:17', '2021-01-20 15:20:17', NULL, '0000587', '1440090000587', '579.75', NULL, NULL, NULL),
(216, 'CERC-0600 W', 'CARIBBEAN RICE COOKER, 0.6L, 3 CUPS, WHITE', 6, 1, 1, NULL, 1, '2021-01-20 15:21:13', '2021-01-20 15:21:13', NULL, '0000594', '1440090000594', '649.75', NULL, NULL, NULL),
(217, 'CERC-1000 W', 'CARIBBEAN RICE COOKER 1L, 5CUPS, WHITE', 6, 1, 1, NULL, 1, '2021-01-20 15:21:57', '2021-01-20 15:21:57', NULL, '0000600', '1440090000600', '679.75', NULL, NULL, NULL),
(218, 'CERC-1500 W', 'CARIBBEAN RICE COOKER 1.5L, 8 CUPS, WHITE', 6, 1, 1, NULL, 1, '2021-01-20 15:22:51', '2021-01-20 15:22:51', NULL, '0000617', '1440090000617', '769.75', NULL, NULL, NULL),
(219, 'CERC-1800 W', 'CARIBBEAN RICE COOKER, 1.8L, 10 CUPS, WHITE', 6, 1, 1, NULL, 1, '2021-01-20 15:34:54', '2021-01-20 15:34:54', NULL, '0000624', '1440090000624', '859.75', NULL, NULL, NULL),
(220, 'CAR-0600 PF', 'CARIBBEAN RICE COOOKER 0.6L, 3 CUPS, PINK FLOWER', 6, 1, 1, NULL, 1, '2021-01-21 09:27:37', '2021-01-21 09:27:37', NULL, '0000631', '1440090000631', '629.75', NULL, NULL, NULL),
(221, 'CAR-0600 YF', 'CARIBBEAN RICE COOKER 0.6L, 3 CUPS, YELLOW FLOWER', 6, 1, 1, NULL, 1, '2021-01-21 09:28:20', '2021-01-21 09:28:20', NULL, '0000648', '1440090000648', '629.75', NULL, NULL, NULL),
(222, 'CAR-0600 XS', 'CARIBBEAN RICE COOKER 0.6L, 3 CUPS, STAINLESS', 6, 1, 1, NULL, 1, '2021-01-21 09:29:14', '2021-01-21 09:29:14', NULL, '0000655', '1440090000655', '679.75', NULL, NULL, NULL),
(223, 'CAR-1000 CF', 'CARIBBEAN RICE COOKER 1L, 5 CUPS, C-FLOWER', 6, 1, 1, NULL, 1, '2021-01-21 09:29:49', '2021-01-21 09:29:49', NULL, '0000655', '1440090000655', '699.75', NULL, NULL, NULL),
(224, 'CAR-1000 DF', 'CARIBBEAN RICE COOKER 1L, 5 CUPS, D-FLOWR', 6, 1, 1, NULL, 1, '2021-01-21 09:30:28', '2021-01-21 09:30:28', NULL, '0000662', '1440090000662', '699.75', NULL, NULL, NULL),
(225, 'CAR-1000 XS', 'CARIBBEAN RICE COOKER 1L, 5 CUPS, STAINLESS', 6, 1, 1, NULL, 1, '2021-01-21 09:31:02', '2021-01-21 09:31:02', NULL, '0000679', '1440090000679', '749.75', NULL, NULL, NULL),
(226, 'CAR-1500 DF', 'CARIBBEAN RICE  COOKER 8 CUPS, D-FLOWER', 6, 1, 1, NULL, 1, '2021-01-21 09:31:42', '2021-01-21 09:31:42', NULL, '0000686', '1440090000686', '819.75', NULL, NULL, NULL),
(227, 'CAR-1500 YF', 'CARIBBEAN RICE 1.5L, 8 CUPS. YELLOWE FLOWER', 6, 1, 1, NULL, 1, '2021-01-21 09:32:37', '2021-01-21 09:32:37', NULL, '0000693', '1440090000693', '819.75', NULL, NULL, NULL),
(228, 'CAR-1500 XS', 'CARIBBEAN RICE COOKER 1.5L, 8 CUPS, STAINLESS', 6, 1, 1, NULL, 1, '2021-01-21 09:33:10', '2021-01-21 09:33:10', NULL, '0000709', '1440090000709', '849.75', NULL, NULL, NULL),
(229, 'CAR-1800 CF', 'CARIBBEAN RICE COOKER 1.8L, 10 CUPS,', 6, 1, 1, NULL, 1, '2021-01-21 09:33:48', '2021-01-21 09:33:48', NULL, '0000716', '1440090000716', '879.75', NULL, NULL, NULL),
(230, 'CAR-1800 DF', 'CARIBBEAN RICE COOKER 1.8L, 10 CUPS, DAISY FLOWER', 6, 1, 1, NULL, 1, '2021-01-21 09:34:25', '2021-01-21 09:34:25', NULL, '0000723', '1440090000723', '879.75', NULL, NULL, NULL),
(231, 'CAR-1800 YF', 'CARIBBEAN RICE COOKER 1.8L, 10 CUPS, YELLOW FLOWER', 6, 1, 1, NULL, 1, '2021-01-21 09:35:22', '2021-01-21 09:35:22', NULL, '0000730', '1440090000730', '879.75', NULL, NULL, NULL),
(232, 'CAR-1800 XS', 'CARIBBEAN RICE COOKER 1.8L, 10 CUPS, STAINLESS', 6, 1, 1, NULL, 1, '2021-01-21 09:36:03', '2021-01-21 09:36:03', NULL, '0000747', '1440090000747', '949.75', NULL, NULL, NULL),
(233, 'CAR-2200 YF', 'CARIBBEAN RICE COOKER 2.2L, 12CUPS, YELLOW FLOWER', 6, 1, 1, NULL, 1, '2021-01-21 09:37:28', '2021-01-21 09:37:28', NULL, '0000754', '1440090000754', '1149.75', NULL, NULL, NULL),
(234, 'CAR-2200 XS', 'CARIBBEAN RICE COOKER 2.2L, 12 CUPS, STAINLESS', 6, 1, 1, NULL, 1, '2021-01-21 09:38:27', '2021-01-21 09:38:27', NULL, '0000761', '1440090000761', '1199.75', NULL, NULL, NULL),
(235, 'CBRC-6000 W', 'CARIBBEAN RICE COOKER 6L, 30 CUPS, WHITE', 6, 1, 1, NULL, 1, '2021-01-21 09:39:18', '2021-01-21 09:39:18', NULL, '0000778', '1440090000778', '2599.75', NULL, NULL, NULL),
(236, 'CCRC-180S XS', 'CARIBBEAN COMMERCIAL RICE COOKER 1.8L, 3P CUPS,  STAINLESS', 6, 1, 1, NULL, 1, '2021-01-21 09:40:04', '2021-01-21 09:40:04', NULL, '0000785', '1440090000785', '6999.75', NULL, NULL, NULL),
(237, 'CRW-170S XS', 'CARIBBEAN RICE WARMER, 60 CUPS, STAINLESS', 31, 1, 1, NULL, 1, '2021-01-21 09:44:23', '2021-01-21 09:44:23', NULL, '0000792', '1440090000792', '5999.75', NULL, NULL, NULL),
(238, 'CPC-6000 XS', 'CARIBBEAN PRESSURE COOKER, 6 QUARTZ, STAINLESS', 32, 1, 1, NULL, 1, '2021-01-21 09:45:14', '2021-01-21 09:45:14', NULL, '0000808', '1440090000808', '1249.75', NULL, NULL, NULL),
(239, 'CBFF-12 BLK', 'CARIBBEAN BIG FLOOR FAN 12\"', 34, 1, 1, NULL, 1, '2021-01-21 09:46:56', '2021-01-21 09:46:56', NULL, '0000815', '1440090000815', '1799.75', NULL, NULL, NULL),
(240, 'CAF-3200 BLK', 'CARIBBEAN AIR FRYER, 3.2L, BLACK', 22, 1, 1, NULL, 1, '2021-01-21 09:48:09', '2021-01-21 09:48:09', NULL, '000082', '144009000082', '2899.75', NULL, NULL, NULL),
(241, 'CCOB-7000 BLK', 'CARIBBEAN CONVECTION OVEN, 7L, BLACK', 33, 1, 1, NULL, 1, '2021-01-21 09:48:55', '2021-01-21 09:48:55', NULL, '0000839', '1440090000839', '1549.75', NULL, NULL, NULL),
(242, 'CAF-7000 BLK', 'CARIBBEAN AIR FRYER 7L, BLACK', 22, 1, 1, NULL, 0, '2021-01-21 09:49:34', '2021-01-21 09:49:46', NULL, '144009000084', '144009000084', NULL, NULL, NULL, NULL);

-- --------------------------------------------------------

--
-- Table structure for table `pullouts`
--

CREATE TABLE `pullouts` (
  `id` int(10) UNSIGNED NOT NULL,
  `warehouse_id` varchar(191) COLLATE utf8mb4_unicode_ci NOT NULL,
  `created_at` timestamp NULL DEFAULT NULL,
  `updated_at` timestamp NULL DEFAULT NULL,
  `source_document` varchar(64) CHARACTER SET latin1 DEFAULT NULL,
  `datetime_prepared` datetime DEFAULT NULL,
  `prepared_by` int(11) NOT NULL,
  `notes` longtext CHARACTER SET latin1,
  `status` int(11) DEFAULT NULL,
  `deleted_at` timestamp NULL DEFAULT NULL,
  `transaction_number` varchar(32) CHARACTER SET latin1 DEFAULT NULL,
  `pullout_date` date DEFAULT NULL
) ENGINE=InnoDB DEFAULT CHARSET=utf8mb4 COLLATE=utf8mb4_unicode_ci ROW_FORMAT=COMPACT;

-- --------------------------------------------------------

--
-- Table structure for table `pullouts_details`
--

CREATE TABLE `pullouts_details` (
  `id` int(11) NOT NULL,
  `pullout_id` int(11) DEFAULT NULL,
  `product_id` int(11) DEFAULT NULL,
  `qty` int(11) DEFAULT NULL,
  `created_datetime` timestamp NULL DEFAULT CURRENT_TIMESTAMP,
  `note` text
) ENGINE=InnoDB DEFAULT CHARSET=latin1 ROW_FORMAT=COMPACT;

-- --------------------------------------------------------

--
-- Table structure for table `receiving`
--

CREATE TABLE `receiving` (
  `id` int(10) UNSIGNED NOT NULL,
  `transaction_number` varchar(191) COLLATE utf8mb4_unicode_ci DEFAULT NULL,
  `source_document` varchar(191) COLLATE utf8mb4_unicode_ci DEFAULT NULL,
  `received_date` varchar(191) COLLATE utf8mb4_unicode_ci DEFAULT NULL,
  `contact_person` varchar(191) COLLATE utf8mb4_unicode_ci DEFAULT NULL,
  `receiving_warehouse_id` varchar(191) COLLATE utf8mb4_unicode_ci DEFAULT NULL,
  `status` varchar(191) COLLATE utf8mb4_unicode_ci DEFAULT NULL,
  `prepared_by` varchar(191) COLLATE utf8mb4_unicode_ci DEFAULT NULL,
  `created_at` timestamp NULL DEFAULT NULL,
  `updated_at` timestamp NULL DEFAULT NULL,
  `delivery_id` int(11) DEFAULT NULL,
  `notes` text COLLATE utf8mb4_unicode_ci,
  `approved_by` int(11) DEFAULT NULL,
  `approved_datetime` datetime DEFAULT NULL,
  `approval_notes` text COLLATE utf8mb4_unicode_ci
) ENGINE=InnoDB DEFAULT CHARSET=utf8mb4 COLLATE=utf8mb4_unicode_ci ROW_FORMAT=COMPACT;

--
-- Dumping data for table `receiving`
--

INSERT INTO `receiving` (`id`, `transaction_number`, `source_document`, `received_date`, `contact_person`, `receiving_warehouse_id`, `status`, `prepared_by`, `created_at`, `updated_at`, `delivery_id`, `notes`, `approved_by`, `approved_datetime`, `approval_notes`) VALUES
(1, 'RC0000001', 'DR0000002', '2020-09-17', NULL, '6', '2', '3', '2020-09-17 08:54:12', '2020-12-02 15:14:42', 2, 'LACKING 1PC PXJ-100S NS', NULL, NULL, NULL),
(2, 'RC0000002', 'DR0000003', '2020-10-30', NULL, '6', '2', '1', '2020-10-30 10:37:48', '2020-12-02 15:14:11', 3, NULL, NULL, NULL, NULL),
(3, 'RC0000003', 'DR0000003', '2020-10-30', NULL, '6', '2', '1', '2020-10-30 10:45:26', '2020-10-30 12:09:41', 3, NULL, NULL, NULL, NULL),
(4, 'RC0000004', 'DR0000004', '2020-10-30', NULL, '6', '2', '7', '2020-10-30 12:33:47', '2020-10-30 12:34:59', 4, 'lacking 1 pc pxj-100s', NULL, NULL, NULL),
(5, 'RC0000005', 'DR0000022', '2020-11-13', NULL, '9', '2', '7', '2020-11-13 08:48:41', '2020-11-13 09:55:40', 22, NULL, NULL, NULL, NULL),
(6, 'RC0000006', 'DR0000021', '2020-11-13', NULL, '9', '2', '7', '2020-11-13 08:50:22', '2020-11-13 09:55:26', 21, NULL, NULL, NULL, NULL),
(7, 'RC0000007', 'DR0000020', '2020-11-13', NULL, '9', '2', '7', '2020-11-13 08:50:52', '2020-11-13 09:55:05', 20, NULL, NULL, NULL, NULL),
(8, 'RC0000008', 'DR0000019', '2020-11-13', NULL, '9', '2', '7', '2020-11-13 08:52:08', '2020-11-13 09:54:52', 19, NULL, NULL, NULL, NULL),
(9, 'RC0000009', 'DR0000018', '2020-11-13', NULL, '9', '2', '7', '2020-11-13 08:52:29', '2020-11-13 09:54:37', 18, NULL, NULL, NULL, NULL),
(10, 'RC0000010', 'DR0000020', '2020-11-13', NULL, '9', '2', '7', '2020-11-13 08:53:26', '2020-11-13 09:54:21', 20, NULL, NULL, NULL, NULL),
(11, 'RC0000011', 'DR0000019', '2020-11-13', NULL, '9', '2', '7', '2020-11-13 08:53:52', '2020-11-13 09:54:05', 19, NULL, NULL, NULL, NULL),
(12, 'RC0000012', 'DR0000018', '2020-11-13', NULL, '9', '2', '7', '2020-11-13 08:54:04', '2020-11-13 09:53:47', 18, NULL, NULL, NULL, NULL),
(13, 'RC0000013', 'DR0000017', '2020-11-13', NULL, '9', '2', '7', '2020-11-13 08:54:31', '2020-11-13 09:53:28', 17, NULL, NULL, NULL, NULL),
(14, 'RC0000014', 'DR0000017', '2020-11-13', NULL, '9', '2', '7', '2020-11-13 08:54:55', '2020-11-13 09:53:14', 17, NULL, NULL, NULL, NULL),
(15, 'RC0000015', 'DR0000017', '2020-11-13', NULL, '9', '2', '7', '2020-11-13 08:55:07', '2020-11-13 09:52:59', 17, NULL, NULL, NULL, NULL),
(16, 'RC0000016', 'DR0000016', '2020-11-13', NULL, '9', '2', '7', '2020-11-13 08:55:26', '2020-11-13 09:52:47', 16, NULL, NULL, NULL, NULL),
(17, 'RC0000017', 'DR0000014', '2020-11-13', NULL, '9', '2', '7', '2020-11-13 08:55:47', '2020-11-13 09:52:35', 14, NULL, NULL, NULL, NULL),
(18, 'RC0000018', 'DR0000012', '2020-11-13', NULL, '9', '2', '7', '2020-11-13 08:56:05', '2020-11-13 09:52:24', 12, NULL, NULL, NULL, NULL),
(19, 'RC0000019', 'DR0000012', '2020-11-13', NULL, '9', '2', '7', '2020-11-13 08:56:22', '2020-11-13 09:52:01', 12, NULL, NULL, NULL, NULL),
(20, 'RC0000020', 'DR0000012', '2020-11-13', NULL, '9', '2', '7', '2020-11-13 08:56:35', '2020-11-13 09:51:46', 12, NULL, NULL, NULL, NULL),
(21, 'RC0000021', 'DR0000012', '2020-11-13', NULL, '9', '2', '7', '2020-11-13 08:56:49', '2020-11-13 09:51:38', 12, NULL, NULL, NULL, NULL),
(22, 'RC0000022', 'DR0000011', '2020-11-13', NULL, '9', '2', '7', '2020-11-13 08:57:06', '2020-11-13 09:51:28', 11, NULL, NULL, NULL, NULL),
(23, 'RC0000023', 'DR0000005', '2020-11-24', NULL, '9', '10', '7', '2020-11-24 13:08:11', '2020-11-24 13:12:00', 5, NULL, NULL, NULL, NULL),
(24, 'RC0000024', 'DR0000005', '2020-11-24', NULL, '9', '2', '7', '2020-11-24 13:08:37', '2020-11-24 13:14:28', 5, NULL, NULL, NULL, NULL),
(25, 'RC0000025', 'DR0000006', '2020-11-24', NULL, '9', '2', '7', '2020-11-24 13:12:34', '2020-11-24 13:14:36', 6, NULL, NULL, NULL, NULL),
(26, 'RC0000026', 'DR0000007', '2020-11-24', NULL, '9', '2', '7', '2020-11-24 13:12:48', '2020-11-24 13:14:43', 7, NULL, NULL, NULL, NULL),
(27, 'RC0000027', 'DR0000008', '2020-11-24', NULL, '9', '2', '7', '2020-11-24 13:13:08', '2020-11-24 13:14:51', 8, NULL, NULL, NULL, NULL),
(28, 'RC0000028', 'DR0000009', '2020-11-24', NULL, '9', '2', '7', '2020-11-24 13:13:49', '2020-11-24 13:14:58', 9, NULL, NULL, NULL, NULL),
(29, 'RC0000029', 'DR0000010', '2020-11-24', NULL, '9', '2', '7', '2020-11-24 13:14:05', '2020-11-24 13:15:07', 10, NULL, NULL, NULL, NULL),
(30, 'RC0000030', 'DR0000035', '2021-01-15', NULL, '6', '2', '7', '2021-01-15 12:49:23', '2021-01-15 12:50:09', 35, NULL, NULL, NULL, NULL),
(31, 'RC0000031', 'DR0000034', '2021-01-15', NULL, '6', '2', '7', '2021-01-15 12:49:48', '2021-01-15 12:50:00', 34, NULL, NULL, NULL, NULL),
(32, 'RC0000032', 'DR0000041', '2021-02-03', NULL, '6', '2', '7', '2021-02-03 15:18:42', '2021-02-03 15:18:58', 41, NULL, NULL, NULL, NULL),
(33, 'RC0000033', 'DR0000040', '2021-02-03', NULL, '6', '2', '7', '2021-02-03 15:19:16', '2021-02-03 15:21:59', 40, NULL, NULL, NULL, NULL),
(34, 'RC0000034', 'DR0000039', '2021-02-03', NULL, '6', '2', '7', '2021-02-03 15:19:31', '2021-02-03 15:21:50', 39, NULL, NULL, NULL, NULL),
(35, 'RC0000035', 'DR0000038', '2021-02-03', NULL, '6', '2', '7', '2021-02-03 15:19:55', '2021-02-03 15:21:43', 38, NULL, NULL, NULL, NULL),
(36, 'RC0000036', 'DR0000038', '2021-02-03', NULL, '6', '2', '7', '2021-02-03 15:20:08', '2021-02-03 15:21:36', 38, NULL, NULL, NULL, NULL),
(37, 'RC0000037', 'DR0000037', '2021-02-03', NULL, '6', '2', '7', '2021-02-03 15:20:19', '2021-02-03 15:21:28', 37, NULL, NULL, NULL, NULL),
(38, 'RC0000038', 'DR0000036', '2021-02-03', NULL, '6', '2', '7', '2021-02-03 15:20:40', '2021-02-03 15:21:20', 36, NULL, NULL, NULL, NULL),
(39, 'RC0000039', 'DR0000042', '2021-05-03', NULL, '7', '2', '1', '2021-05-03 05:37:45', '2021-05-03 05:39:01', 42, NULL, NULL, NULL, NULL),
(40, 'RC0000040', 'DR0000042', '2021-05-03', NULL, '7', '2', '1', '2021-05-03 05:39:42', '2021-05-03 05:39:46', 42, NULL, NULL, NULL, NULL);

-- --------------------------------------------------------

--
-- Table structure for table `receiving_details`
--

CREATE TABLE `receiving_details` (
  `id` int(11) NOT NULL,
  `receiving_id` int(11) DEFAULT NULL,
  `product_id` int(11) DEFAULT NULL,
  `received_qty` int(11) DEFAULT NULL,
  `created_datetime` timestamp NULL DEFAULT CURRENT_TIMESTAMP,
  `delivery_details_id` int(11) DEFAULT NULL
) ENGINE=InnoDB DEFAULT CHARSET=latin1 ROW_FORMAT=COMPACT;

--
-- Dumping data for table `receiving_details`
--

INSERT INTO `receiving_details` (`id`, `receiving_id`, `product_id`, `received_qty`, `created_datetime`, `delivery_details_id`) VALUES
(1, 1, 1, 11, '2020-09-17 01:54:12', 2),
(2, 1, 8, 12, '2020-09-17 01:54:12', 3),
(3, 1, 5, 6, '2020-09-17 01:54:12', 4),
(4, 1, 6, 6, '2020-09-17 01:54:12', 5),
(5, 2, 4, 4, '2020-10-30 03:37:48', 6),
(6, 2, 54, 43, '2020-10-30 03:37:48', 7),
(7, 3, 4, 4, '2020-10-30 03:45:26', 6),
(8, 3, 54, 43, '2020-10-30 03:45:26', 7),
(9, 4, 2, 7, '2020-10-30 05:33:47', 8),
(10, 4, 10, 6, '2020-10-30 05:33:47', 9),
(11, 5, 139, 2, '2020-11-13 01:48:41', 96),
(12, 5, 140, 2, '2020-11-13 01:48:41', 97),
(13, 6, 138, 3, '2020-11-13 01:50:22', 95),
(14, 7, 133, 2, '2020-11-13 01:50:52', 91),
(15, 7, 134, 2, '2020-11-13 01:50:52', 92),
(16, 7, 136, 2, '2020-11-13 01:50:52', 93),
(17, 7, 137, 2, '2020-11-13 01:50:52', 94),
(18, 8, 126, 6, '2020-11-13 01:52:08', 87),
(19, 8, 127, 6, '2020-11-13 01:52:08', 88),
(20, 8, 124, 6, '2020-11-13 01:52:08', 89),
(21, 8, 125, 6, '2020-11-13 01:52:08', 90),
(22, 9, 130, 3, '2020-11-13 01:52:29', 84),
(23, 9, 131, 3, '2020-11-13 01:52:29', 85),
(24, 9, 132, 3, '2020-11-13 01:52:29', 86),
(25, 10, 133, 2, '2020-11-13 01:53:26', 91),
(26, 10, 134, 2, '2020-11-13 01:53:26', 92),
(27, 10, 136, 2, '2020-11-13 01:53:26', 93),
(28, 10, 137, 2, '2020-11-13 01:53:26', 94),
(29, 11, 126, 6, '2020-11-13 01:53:52', 87),
(30, 11, 127, 6, '2020-11-13 01:53:52', 88),
(31, 11, 124, 6, '2020-11-13 01:53:52', 89),
(32, 11, 125, 6, '2020-11-13 01:53:52', 90),
(33, 12, 130, 3, '2020-11-13 01:54:04', 84),
(34, 12, 131, 3, '2020-11-13 01:54:04', 85),
(35, 12, 132, 3, '2020-11-13 01:54:04', 86),
(36, 13, 129, 6, '2020-11-13 01:54:31', 83),
(37, 14, 129, 6, '2020-11-13 01:54:55', 83),
(38, 15, 129, 6, '2020-11-13 01:55:07', 83),
(39, 16, 128, 2, '2020-11-13 01:55:27', 82),
(40, 17, 120, 2, '2020-11-13 01:55:47', 77),
(41, 17, 121, 2, '2020-11-13 01:55:47', 78),
(42, 17, 122, 2, '2020-11-13 01:55:47', 79),
(43, 17, 123, 2, '2020-11-13 01:55:47', 80),
(44, 17, 104, 2, '2020-11-13 01:55:47', 81),
(45, 18, 46, 2, '2020-11-13 01:56:05', 70),
(46, 18, 47, 2, '2020-11-13 01:56:05', 71),
(47, 18, 48, 2, '2020-11-13 01:56:05', 72),
(48, 18, 38, 2, '2020-11-13 01:56:05', 73),
(49, 18, 40, 2, '2020-11-13 01:56:05', 74),
(50, 18, 41, 2, '2020-11-13 01:56:05', 75),
(51, 18, 42, 2, '2020-11-13 01:56:05', 76),
(52, 19, 46, 2, '2020-11-13 01:56:22', 70),
(53, 19, 47, 2, '2020-11-13 01:56:22', 71),
(54, 19, 48, 2, '2020-11-13 01:56:22', 72),
(55, 19, 38, 2, '2020-11-13 01:56:22', 73),
(56, 19, 40, 2, '2020-11-13 01:56:22', 74),
(57, 19, 41, 2, '2020-11-13 01:56:22', 75),
(58, 19, 42, 2, '2020-11-13 01:56:22', 76),
(59, 20, 46, 2, '2020-11-13 01:56:35', 70),
(60, 20, 47, 2, '2020-11-13 01:56:35', 71),
(61, 20, 48, 2, '2020-11-13 01:56:35', 72),
(62, 20, 38, 2, '2020-11-13 01:56:35', 73),
(63, 20, 40, 2, '2020-11-13 01:56:35', 74),
(64, 20, 41, 2, '2020-11-13 01:56:35', 75),
(65, 20, 42, 2, '2020-11-13 01:56:35', 76),
(66, 21, 46, 2, '2020-11-13 01:56:49', 70),
(67, 21, 47, 2, '2020-11-13 01:56:49', 71),
(68, 21, 48, 2, '2020-11-13 01:56:49', 72),
(69, 21, 38, 2, '2020-11-13 01:56:49', 73),
(70, 21, 40, 2, '2020-11-13 01:56:49', 74),
(71, 21, 41, 2, '2020-11-13 01:56:49', 75),
(72, 21, 42, 2, '2020-11-13 01:56:49', 76),
(73, 22, 59, 2, '2020-11-13 01:57:06', 63),
(74, 22, 60, 2, '2020-11-13 01:57:06', 64),
(75, 22, 61, 2, '2020-11-13 01:57:06', 65),
(76, 22, 92, 2, '2020-11-13 01:57:06', 66),
(77, 22, 93, 2, '2020-11-13 01:57:06', 67),
(78, 22, 6, 2, '2020-11-13 01:57:06', 68),
(79, 22, 94, 2, '2020-11-13 01:57:06', 69),
(80, 23, 1, 4, '2020-11-24 06:08:11', 10),
(81, 23, 2, 4, '2020-11-24 06:08:11', 11),
(82, 23, 7, 4, '2020-11-24 06:08:11', 12),
(83, 23, 8, 4, '2020-11-24 06:08:11', 13),
(84, 23, 3, 3, '2020-11-24 06:08:11', 14),
(85, 23, 4, 3, '2020-11-24 06:08:11', 15),
(86, 23, 22, 3, '2020-11-24 06:08:11', 16),
(87, 23, 23, 3, '2020-11-24 06:08:11', 17),
(88, 23, 24, 3, '2020-11-24 06:08:11', 18),
(89, 23, 25, 4, '2020-11-24 06:08:11', 19),
(90, 24, 1, 4, '2020-11-24 06:08:37', 10),
(91, 24, 2, 4, '2020-11-24 06:08:37', 11),
(92, 24, 7, 4, '2020-11-24 06:08:37', 12),
(93, 24, 8, 4, '2020-11-24 06:08:37', 13),
(94, 24, 3, 3, '2020-11-24 06:08:37', 14),
(95, 24, 4, 3, '2020-11-24 06:08:37', 15),
(96, 24, 22, 3, '2020-11-24 06:08:37', 16),
(97, 24, 23, 3, '2020-11-24 06:08:37', 17),
(98, 24, 24, 3, '2020-11-24 06:08:37', 18),
(99, 24, 25, 4, '2020-11-24 06:08:37', 19),
(100, 25, 31, 6, '2020-11-24 06:12:34', 20),
(101, 25, 31, 6, '2020-11-24 06:12:34', 24),
(102, 25, 28, 6, '2020-11-24 06:12:34', 21),
(103, 25, 29, 6, '2020-11-24 06:12:34', 22),
(104, 25, 30, 6, '2020-11-24 06:12:34', 23),
(105, 26, 111, 2, '2020-11-24 06:12:48', 25),
(106, 26, 112, 2, '2020-11-24 06:12:48', 26),
(107, 26, 109, 2, '2020-11-24 06:12:48', 27),
(108, 26, 110, 2, '2020-11-24 06:12:48', 28),
(109, 27, 65, 3, '2020-11-24 06:13:08', 29),
(110, 27, 62, 3, '2020-11-24 06:13:08', 30),
(111, 27, 63, 3, '2020-11-24 06:13:08', 31),
(112, 27, 64, 3, '2020-11-24 06:13:08', 32),
(113, 27, 70, 3, '2020-11-24 06:13:08', 33),
(114, 27, 66, 3, '2020-11-24 06:13:08', 34),
(115, 27, 67, 3, '2020-11-24 06:13:08', 35),
(116, 27, 69, 3, '2020-11-24 06:13:08', 36),
(117, 27, 71, 3, '2020-11-24 06:13:08', 37),
(118, 27, 72, 3, '2020-11-24 06:13:08', 38),
(119, 27, 76, 3, '2020-11-24 06:13:08', 39),
(120, 27, 77, 3, '2020-11-24 06:13:08', 40),
(121, 28, 78, 3, '2020-11-24 06:13:49', 41),
(122, 28, 79, 3, '2020-11-24 06:13:49', 42),
(123, 28, 80, 3, '2020-11-24 06:13:49', 43),
(124, 28, 81, 3, '2020-11-24 06:13:49', 44),
(125, 28, 82, 3, '2020-11-24 06:13:49', 45),
(126, 28, 83, 3, '2020-11-24 06:13:49', 46),
(127, 28, 84, 3, '2020-11-24 06:13:49', 47),
(128, 28, 85, 3, '2020-11-24 06:13:49', 48),
(129, 28, 86, 3, '2020-11-24 06:13:49', 49),
(130, 28, 87, 3, '2020-11-24 06:13:49', 50),
(131, 28, 88, 3, '2020-11-24 06:13:49', 51),
(132, 28, 89, 3, '2020-11-24 06:13:49', 52),
(133, 29, 90, 3, '2020-11-24 06:14:05', 53),
(134, 29, 91, 3, '2020-11-24 06:14:05', 54),
(135, 29, 49, 3, '2020-11-24 06:14:05', 55),
(136, 29, 50, 2, '2020-11-24 06:14:05', 56),
(137, 29, 51, 2, '2020-11-24 06:14:05', 57),
(138, 29, 52, 2, '2020-11-24 06:14:05', 58),
(139, 29, 54, 2, '2020-11-24 06:14:05', 59),
(140, 29, 55, 2, '2020-11-24 06:14:05', 60),
(141, 29, 56, 2, '2020-11-24 06:14:05', 61),
(142, 29, 57, 2, '2020-11-24 06:14:05', 62),
(143, 30, 46, 1, '2021-01-15 05:49:23', 160),
(144, 31, 10, 2, '2021-01-15 05:49:48', 156),
(145, 31, 3, 1, '2021-01-15 05:49:48', 157),
(146, 31, 22, 2, '2021-01-15 05:49:48', 158),
(147, 31, 82, 4, '2021-01-15 05:49:48', 159),
(148, 32, 112, 2, '2021-02-03 08:18:42', 191),
(149, 33, 136, 2, '2021-02-03 08:19:16', 187),
(150, 33, 39, 1, '2021-02-03 08:19:16', 188),
(151, 33, 103, 2, '2021-02-03 08:19:16', 189),
(152, 33, 46, 1, '2021-02-03 08:19:16', 190),
(153, 34, 1, 3, '2021-02-03 08:19:31', 177),
(154, 34, 25, 4, '2021-02-03 08:19:31', 178),
(155, 34, 131, 2, '2021-02-03 08:19:31', 179),
(156, 34, 77, 4, '2021-02-03 08:19:31', 180),
(157, 34, 79, 2, '2021-02-03 08:19:31', 181),
(158, 34, 80, 4, '2021-02-03 08:19:31', 182),
(159, 34, 81, 4, '2021-02-03 08:19:31', 183),
(160, 34, 88, 2, '2021-02-03 08:19:31', 184),
(161, 34, 89, 2, '2021-02-03 08:19:31', 185),
(162, 34, 90, 1, '2021-02-03 08:19:31', 186),
(163, 35, 123, 1, '2021-02-03 08:19:55', 175),
(164, 35, 103, 1, '2021-02-03 08:19:55', 176),
(165, 36, 123, 1, '2021-02-03 08:20:08', 175),
(166, 36, 103, 1, '2021-02-03 08:20:08', 176),
(167, 37, 139, 2, '2021-02-03 08:20:19', 172),
(168, 37, 140, 1, '2021-02-03 08:20:19', 173),
(169, 37, 57, 1, '2021-02-03 08:20:19', 174),
(170, 38, 1, 12, '2021-02-03 08:20:40', 161),
(171, 38, 7, 6, '2021-02-03 08:20:40', 162),
(172, 38, 15, 1, '2021-02-03 08:20:40', 163),
(173, 38, 4, 3, '2021-02-03 08:20:40', 164),
(174, 38, 22, 3, '2021-02-03 08:20:40', 165),
(175, 38, 25, 4, '2021-02-03 08:20:40', 166),
(176, 38, 129, 2, '2021-02-03 08:20:40', 167),
(177, 38, 130, 3, '2021-02-03 08:20:40', 168),
(178, 38, 131, 3, '2021-02-03 08:20:40', 169),
(179, 38, 31, 2, '2021-02-03 08:20:40', 170),
(180, 38, 70, 3, '2021-02-03 08:20:40', 171),
(181, 39, 1, 2, '2021-05-03 13:37:45', 195),
(182, 39, 8, 8, '2021-05-03 13:37:45', 196),
(183, 39, 4, 5, '2021-05-03 13:37:45', 197),
(184, 40, 1, 1, '2021-05-03 13:39:42', 195),
(185, 40, 8, 0, '2021-05-03 13:39:42', 196),
(186, 40, 4, 0, '2021-05-03 13:39:42', 197);

-- --------------------------------------------------------

--
-- Table structure for table `replenishments`
--

CREATE TABLE `replenishments` (
  `id` int(10) UNSIGNED NOT NULL,
  `contact_person` varchar(191) COLLATE utf8mb4_unicode_ci NOT NULL,
  `scheduled_date` date DEFAULT NULL,
  `destination_warehouse_id` int(11) NOT NULL,
  `source_document` varchar(191) COLLATE utf8mb4_unicode_ci DEFAULT NULL,
  `notes` text COLLATE utf8mb4_unicode_ci,
  `priority` varchar(191) COLLATE utf8mb4_unicode_ci DEFAULT NULL,
  `transaction_number` varchar(32) COLLATE utf8mb4_unicode_ci DEFAULT NULL,
  `created_at` timestamp NULL DEFAULT NULL,
  `updated_at` timestamp NULL DEFAULT NULL,
  `deleted_at` timestamp NULL DEFAULT NULL,
  `status` int(11) DEFAULT '0' COMMENT '0 = Draft,\r\n1 = Requested,\r\n2 = Approved',
  `prepared_by` int(11) DEFAULT NULL,
  `approved_by` int(11) DEFAULT NULL,
  `approved_datetime` datetime DEFAULT NULL,
  `approval_notes` text COLLATE utf8mb4_unicode_ci
) ENGINE=InnoDB DEFAULT CHARSET=utf8mb4 COLLATE=utf8mb4_unicode_ci ROW_FORMAT=COMPACT;

--
-- Dumping data for table `replenishments`
--

INSERT INTO `replenishments` (`id`, `contact_person`, `scheduled_date`, `destination_warehouse_id`, `source_document`, `notes`, `priority`, `transaction_number`, `created_at`, `updated_at`, `deleted_at`, `status`, `prepared_by`, `approved_by`, `approved_datetime`, `approval_notes`) VALUES
(1, 'ALISA ESTIPONA', '2020-11-02', 6, NULL, NULL, '1', 'RM0000001', '2020-10-30 12:26:36', '2020-10-30 12:26:36', NULL, 1, 7, NULL, NULL, NULL),
(2, 'Paul Angat', '2021-05-08', 7, NULL, 'Note only', '2', 'RM0000002', '2021-05-03 05:23:09', '2021-05-03 05:25:59', NULL, 2, 1, NULL, NULL, NULL),
(3, 'Paul Angat', '2021-05-06', 6, NULL, NULL, '1', 'RM0000003', '2021-05-03 05:23:42', '2021-05-03 05:23:42', NULL, 0, 1, NULL, NULL, NULL);

-- --------------------------------------------------------

--
-- Table structure for table `replenishments_details`
--

CREATE TABLE `replenishments_details` (
  `id` int(11) NOT NULL,
  `replenishment_id` int(11) DEFAULT NULL,
  `product_id` int(11) DEFAULT NULL,
  `requested_qty` int(11) DEFAULT NULL,
  `approved_qty` int(11) DEFAULT NULL,
  `created_datetime` timestamp NULL DEFAULT CURRENT_TIMESTAMP
) ENGINE=InnoDB DEFAULT CHARSET=latin1 ROW_FORMAT=COMPACT;

--
-- Dumping data for table `replenishments_details`
--

INSERT INTO `replenishments_details` (`id`, `replenishment_id`, `product_id`, `requested_qty`, `approved_qty`, `created_datetime`) VALUES
(1, 1, 1, 8, NULL, '2020-10-30 05:26:36'),
(2, 1, 6, 12, NULL, '2020-10-30 05:26:36'),
(5, 2, 1, 5, 5, '2021-05-03 13:23:17'),
(6, 2, 8, 10, 10, '2021-05-03 13:23:17'),
(7, 3, 5, NULL, NULL, '2021-05-03 13:23:42');

-- --------------------------------------------------------

--
-- Table structure for table `returns`
--

CREATE TABLE `returns` (
  `id` int(11) NOT NULL,
  `product_id` int(11) NOT NULL,
  `quantity` int(11) DEFAULT NULL,
  `source_warehouse_id` int(11) NOT NULL,
  `destination_warehouse_id` int(11) NOT NULL,
  `source_document` varchar(64) DEFAULT NULL,
  `datetime_prepared` datetime DEFAULT NULL,
  `prepared_by` int(11) NOT NULL,
  `notes` longtext,
  `status` int(11) DEFAULT NULL,
  `created_at` timestamp NULL DEFAULT NULL,
  `updated_at` timestamp NULL DEFAULT NULL,
  `deleted_at` timestamp NULL DEFAULT NULL,
  `transaction_number` varchar(32) DEFAULT NULL
) ENGINE=InnoDB DEFAULT CHARSET=latin1 ROW_FORMAT=COMPACT;

--
-- Dumping data for table `returns`
--

INSERT INTO `returns` (`id`, `product_id`, `quantity`, `source_warehouse_id`, `destination_warehouse_id`, `source_document`, `datetime_prepared`, `prepared_by`, `notes`, `status`, `created_at`, `updated_at`, `deleted_at`, `transaction_number`) VALUES
(1, 0, NULL, 0, 5, NULL, '2020-08-14 00:00:00', 1, NULL, 2, '2020-08-14 11:49:42', '2020-08-14 11:51:24', NULL, 'RT0000001'),
(2, 0, NULL, 0, 1, 'DR-001', '2020-09-10 00:00:00', 3, NULL, 1, '2020-09-10 09:35:07', '2020-09-10 09:35:07', NULL, 'RT0000002'),
(3, 0, NULL, 0, 9, NULL, '2020-11-25 00:00:00', 7, NULL, 2, '2020-11-25 10:38:18', '2020-11-25 10:39:10', NULL, 'RT0000003'),
(4, 0, NULL, 0, 9, NULL, '2020-12-14 00:00:00', 7, NULL, 2, '2020-12-14 08:09:29', '2020-12-18 07:50:40', NULL, 'RT0000004'),
(5, 0, NULL, 0, 9, NULL, '2020-12-14 00:00:00', 7, NULL, 3, '2020-12-14 08:09:29', '2020-12-18 07:50:48', NULL, 'RT0000005');

-- --------------------------------------------------------

--
-- Table structure for table `returns_details`
--

CREATE TABLE `returns_details` (
  `id` int(11) NOT NULL,
  `return_id` int(11) DEFAULT NULL,
  `product_id` int(11) DEFAULT NULL,
  `qty` int(11) DEFAULT NULL,
  `created_datetime` timestamp NULL DEFAULT CURRENT_TIMESTAMP
) ENGINE=InnoDB DEFAULT CHARSET=latin1 ROW_FORMAT=COMPACT;

--
-- Dumping data for table `returns_details`
--

INSERT INTO `returns_details` (`id`, `return_id`, `product_id`, `qty`, `created_datetime`) VALUES
(1, 1, 1, 1, '2020-08-14 04:49:42'),
(2, 2, 1, 12, '2020-09-10 02:35:07'),
(3, 2, 2, 6, '2020-09-10 02:35:07'),
(4, 2, 7, 6, '2020-09-10 02:35:07'),
(5, 3, 133, 1, '2020-11-25 03:38:18'),
(6, 4, 102, NULL, '2020-12-14 01:09:29'),
(7, 5, 102, NULL, '2020-12-14 01:09:29');

-- --------------------------------------------------------

--
-- Table structure for table `roles`
--

CREATE TABLE `roles` (
  `id` int(10) UNSIGNED NOT NULL,
  `title` varchar(191) COLLATE utf8mb4_unicode_ci NOT NULL,
  `created_at` timestamp NULL DEFAULT NULL,
  `updated_at` timestamp NULL DEFAULT NULL
) ENGINE=InnoDB DEFAULT CHARSET=utf8mb4 COLLATE=utf8mb4_unicode_ci ROW_FORMAT=COMPACT;

--
-- Dumping data for table `roles`
--

INSERT INTO `roles` (`id`, `title`, `created_at`, `updated_at`) VALUES
(1, 'Administrator', '0000-00-00 00:00:00', '0000-00-00 00:00:00'),
(2, 'Office Staff', '2020-07-17 08:05:30', '2020-07-17 08:05:30'),
(4, 'Operation Manager', '2020-07-17 08:07:44', '2020-07-17 08:07:44'),
(5, 'Promodiser', '2020-07-17 08:11:39', '2020-07-17 08:11:39'),
(6, 'Sales Staff', '2020-07-17 08:12:31', '2020-07-17 08:12:31'),
(7, 'Pull out/Return Staff', '2020-07-17 08:13:27', '2020-07-17 08:13:27');

-- --------------------------------------------------------

--
-- Table structure for table `role_has_permissions`
--

CREATE TABLE `role_has_permissions` (
  `permission_id` int(10) UNSIGNED NOT NULL,
  `role_id` int(10) UNSIGNED NOT NULL
) ENGINE=InnoDB DEFAULT CHARSET=utf8mb4 COLLATE=utf8mb4_unicode_ci ROW_FORMAT=COMPACT;

-- --------------------------------------------------------

--
-- Table structure for table `transactions`
--

CREATE TABLE `transactions` (
  `id` int(11) NOT NULL,
  `transaction_number` varchar(64) DEFAULT NULL,
  `prepared_by` int(11) DEFAULT NULL,
  `transaction_date` date DEFAULT NULL,
  `product_id` int(11) DEFAULT NULL,
  `quantity` int(11) DEFAULT NULL,
  `original_price` decimal(10,2) DEFAULT NULL,
  `discount` decimal(10,2) DEFAULT NULL,
  `amount` decimal(10,2) DEFAULT NULL,
  `warehouse_id` int(11) DEFAULT NULL,
  `insert_datetime` timestamp NULL DEFAULT CURRENT_TIMESTAMP,
  `status` int(11) DEFAULT NULL,
  `approved_by` int(11) DEFAULT NULL,
  `approved_datetime` datetime DEFAULT NULL,
  `approval_notes` text
) ENGINE=InnoDB DEFAULT CHARSET=latin1 ROW_FORMAT=COMPACT;

--
-- Dumping data for table `transactions`
--

INSERT INTO `transactions` (`id`, `transaction_number`, `prepared_by`, `transaction_date`, `product_id`, `quantity`, `original_price`, `discount`, `amount`, `warehouse_id`, `insert_datetime`, `status`, `approved_by`, `approved_datetime`, `approval_notes`) VALUES
(1, 'SI0000001', 1, '2020-09-17', 4, 1, '2399.75', '0.00', '2399.75', 1, '2020-09-17 08:25:47', 1, NULL, NULL, NULL),
(2, 'SI0000002', 2, '2020-09-17', 59, 1, '1999.75', '0.00', '1999.75', 5, '2020-09-17 08:38:01', 1, NULL, NULL, NULL),
(3, 'SI0000003', 7, '2020-10-30', 4, 1, '2399.75', '0.00', '2399.75', 6, '2020-10-30 02:55:39', 2, NULL, NULL, NULL),
(4, 'SI0000004', 7, '2020-10-30', 54, 1, '1799.75', '0.00', '1799.75', 6, '2020-10-30 02:58:42', 2, NULL, NULL, NULL),
(5, 'SI0000005', 7, '2020-11-13', 29, 1, '2299.75', '0.00', '2299.75', 9, '2020-11-13 02:13:55', 2, NULL, NULL, NULL),
(6, 'SI0000006', 7, '2020-11-13', 1, 1, '1299.75', '0.00', '1299.75', 9, '2020-11-13 02:14:14', 2, NULL, NULL, NULL),
(7, 'SI0000007', 7, '2020-11-13', 103, 1, '3099.75', '0.00', '3099.75', 9, '2020-11-13 02:15:44', 2, NULL, NULL, NULL),
(8, 'SI0000008', 7, '2020-11-13', 103, 1, '3099.75', '0.00', '3099.75', 9, '2020-11-13 02:15:59', 2, NULL, NULL, NULL),
(9, 'SI0000009', 7, '2020-11-13', 103, 1, '3099.75', '0.00', '3099.75', 9, '2020-11-13 02:16:15', 2, NULL, NULL, NULL),
(10, 'SI0000010', 7, '2020-11-13', 103, 1, '3099.75', '0.00', '3099.75', 9, '2020-11-13 02:17:04', 2, NULL, NULL, NULL),
(11, 'SI0000011', 7, '2020-11-13', 139, 1, '1999.75', '0.00', '1999.75', 9, '2020-11-13 02:17:20', 2, NULL, NULL, NULL),
(12, 'SI0000012', 7, '2020-11-13', 124, 1, '2899.75', '0.00', '2899.75', 9, '2020-11-13 02:18:28', 2, NULL, NULL, NULL),
(13, 'SI0000013', 7, '2020-11-13', 51, 1, '1499.75', '0.00', '1499.75', 9, '2020-11-13 02:19:24', 2, NULL, NULL, NULL),
(14, 'SI0000014', 7, '2020-11-13', 109, 1, '14999.75', '0.00', '14999.75', 9, '2020-11-13 02:19:51', 10, NULL, NULL, NULL),
(15, 'SI0000015', 7, '2020-11-13', 138, 1, '2495.00', '0.00', '2495.00', 9, '2020-11-13 02:31:03', 2, NULL, NULL, NULL),
(16, 'SI0000016', 7, '2020-11-13', 138, 1, '2495.00', '0.00', '2495.00', 9, '2020-11-13 02:31:20', 2, NULL, NULL, NULL),
(17, 'SI0000017', 7, '2020-11-13', 138, 1, '2495.00', '0.00', '2495.00', 9, '2020-11-13 02:31:23', 10, NULL, NULL, NULL),
(18, 'SI0000018', 7, '2020-11-13', 70, 1, '1449.75', '0.00', '1449.75', 9, '2020-11-13 02:40:15', 2, NULL, NULL, NULL),
(19, 'SI0000019', 7, '2020-11-13', 94, 1, '2599.75', '0.00', '2599.75', 9, '2020-11-13 05:22:16', 2, NULL, NULL, NULL),
(20, 'SI0000020', 7, '2020-11-13', 110, 1, '15999.75', '0.00', '15999.75', 9, '2020-11-13 05:37:52', 2, NULL, NULL, NULL),
(21, 'SI0000021', 7, '2020-11-16', 132, 1, '1799.75', '0.00', '1799.75', 9, '2020-11-16 01:36:48', 2, NULL, NULL, NULL),
(22, 'SI0000022', 7, '2020-11-16', 90, 1, '1299.75', '0.00', '1299.75', 9, '2020-11-16 01:44:24', 2, NULL, NULL, NULL),
(23, 'SI0000023', 7, '2020-11-16', 91, 1, '1299.75', '0.00', '1299.75', 9, '2020-11-16 01:50:05', 2, NULL, NULL, NULL),
(24, 'SI0000024', 7, '2020-11-16', 11, 1, '2899.75', '0.00', '2899.75', 9, '2020-11-16 08:38:55', 2, NULL, NULL, NULL),
(25, 'SI0000025', 7, '2020-11-24', 90, 1, '1299.75', '0.00', '1299.75', 9, '2020-11-24 05:17:17', 2, NULL, NULL, NULL),
(26, 'SI0000026', 7, '2020-11-24', 81, 1, '1299.75', '0.00', '1299.75', 9, '2020-11-24 05:18:51', 2, NULL, NULL, NULL),
(27, 'SI0000027', 7, '2020-11-24', 93, 1, '2179.75', '0.00', '2179.75', 9, '2020-11-24 05:20:26', 2, NULL, NULL, NULL),
(28, 'SI0000028', 7, '2020-11-24', 94, 1, '2599.75', '0.00', '2599.75', 9, '2020-11-24 05:21:35', 2, NULL, NULL, NULL),
(29, 'SI0000029', 7, '2020-11-24', 83, 1, '1399.75', '0.00', '1399.75', 9, '2020-11-24 05:27:12', 2, NULL, NULL, NULL),
(30, 'SI0000030', 7, '2020-11-24', 82, 1, '1399.75', '0.00', '1399.75', 9, '2020-11-24 05:28:11', 2, NULL, NULL, NULL),
(31, 'SI0000031', 7, '2020-11-24', 120, 1, '3149.75', '0.00', '3149.75', 9, '2020-11-24 05:30:03', 2, NULL, NULL, NULL),
(32, 'SI0000032', 7, '2020-11-24', 121, 1, '3149.75', '0.00', '3149.75', 9, '2020-11-24 05:30:34', 2, NULL, NULL, NULL),
(33, 'SI0000033', 7, '2020-11-24', 122, 1, '3299.75', '0.00', '3299.75', 9, '2020-11-24 05:31:26', 2, NULL, NULL, NULL),
(34, 'SI0000034', 7, '2020-11-24', 122, 1, '3299.75', '0.00', '3299.75', 9, '2020-11-24 05:32:38', 2, NULL, NULL, NULL),
(35, 'SI0000035', 7, '2020-11-24', 123, 1, '3299.75', '0.00', '3299.75', 9, '2020-11-24 05:34:06', 2, NULL, NULL, NULL),
(36, 'SI0000036', 7, '2020-11-24', 123, 1, '3299.75', '0.00', '3299.75', 9, '2020-11-24 05:34:38', 2, NULL, NULL, NULL),
(37, 'SI0000037', 7, '2020-11-24', 1, 1, '1299.75', '0.00', '1299.75', 9, '2020-11-24 05:35:46', 2, NULL, NULL, NULL),
(38, 'SI0000038', 7, '2020-11-24', 1, 1, '1299.75', '0.00', '1299.75', 9, '2020-11-24 05:36:20', 2, NULL, NULL, NULL),
(39, 'SI0000039', 7, '2020-11-24', 2, 1, '1599.75', '0.00', '1599.75', 9, '2020-11-24 05:36:53', 2, NULL, NULL, NULL),
(40, 'SI0000040', 7, '2020-11-24', 140, 1, '1999.75', '0.00', '1999.75', 9, '2020-11-24 05:40:45', 2, NULL, NULL, NULL),
(41, 'SI0000041', 7, '2020-11-24', 140, 1, '1999.75', '0.00', '1999.75', 9, '2020-11-24 05:41:25', 2, NULL, NULL, NULL),
(42, 'SI0000042', 7, '2020-11-24', 139, 1, '1999.75', '0.00', '1999.75', 9, '2020-11-24 05:41:53', 2, NULL, NULL, NULL),
(43, 'SI0000043', 7, '2020-11-24', 133, 1, '2299.75', '0.00', '2299.75', 9, '2020-11-24 05:43:01', 2, NULL, NULL, NULL),
(44, 'SI0000044', 7, '2020-11-24', 134, 1, '2299.75', '0.00', '2299.75', 9, '2020-11-24 05:43:34', 2, NULL, NULL, NULL),
(45, 'SI0000045', 7, '2020-11-24', 31, 1, '2499.75', '0.00', '2499.75', 9, '2020-11-24 05:44:36', 2, NULL, NULL, NULL),
(46, 'SI0000046', 7, '2020-11-24', 138, 1, '2495.00', '0.00', '2495.00', 9, '2020-11-24 05:45:40', 2, NULL, NULL, NULL),
(47, 'SI0000047', 7, '2020-11-24', 138, 1, '2495.00', '0.00', '2495.00', 9, '2020-11-24 05:46:09', 2, NULL, NULL, NULL),
(48, 'SI0000048', 7, '2020-11-24', 138, 1, '2495.00', '0.00', '2495.00', 9, '2020-11-24 05:46:26', 2, NULL, NULL, NULL),
(49, 'SI0000049', 7, '2020-11-24', 138, 1, '2495.00', '0.00', '2495.00', 9, '2020-11-24 05:46:46', 2, NULL, NULL, NULL),
(50, 'SI0000050', 7, '2020-11-24', 138, 1, '2495.00', '0.00', '2495.00', 9, '2020-11-24 05:47:02', 2, NULL, NULL, NULL),
(51, 'SI0000051', 7, '2020-11-24', 109, 1, '14999.75', '0.00', '14999.75', 9, '2020-11-24 05:48:51', 2, NULL, NULL, NULL),
(52, 'SI0000052', 7, '2020-11-24', 110, 1, '15999.75', '0.00', '15999.75', 9, '2020-11-24 05:49:21', 2, NULL, NULL, NULL),
(53, 'SI0000053', 7, '2020-11-25', 136, 1, '2499.75', '0.00', '2499.75', 9, '2020-11-25 04:58:50', 2, NULL, NULL, NULL),
(54, 'SI0000054', 7, '2020-11-25', 54, 1, '1799.75', '0.00', '1799.75', 9, '2020-11-25 05:01:02', 2, NULL, NULL, NULL),
(55, 'SI0000055', 7, '2020-11-25', 70, 1, '1449.75', '0.00', '1449.75', 9, '2020-11-25 05:02:18', 2, NULL, NULL, NULL),
(56, 'SI0000056', 7, '2020-11-25', 2, 1, '1599.75', '0.00', '1599.75', 9, '2020-11-25 05:14:07', 2, NULL, NULL, NULL),
(57, 'SI0000057', 7, '2020-11-25', 9, 1, '1499.75', '0.00', '1499.75', 9, '2020-11-25 05:18:54', 10, NULL, NULL, NULL),
(58, 'SI0000058', 7, '2020-11-25', 9, 1, '1499.75', '0.00', '1499.75', 9, '2020-11-25 05:18:54', 10, NULL, NULL, NULL),
(59, 'SI0000059', 7, '2020-11-25', 9, 1, '1499.75', '0.00', '1499.75', 9, '2020-11-25 05:18:54', 10, NULL, NULL, NULL),
(60, 'SI0000060', 7, '2020-11-25', 9, 1, '1499.75', '0.00', '1499.75', 9, '2020-11-25 05:18:55', 10, NULL, NULL, NULL),
(61, 'SI0000061', 7, '2020-11-25', 138, 1, '2495.00', '0.00', '2495.00', 9, '2020-11-25 05:57:59', 2, NULL, NULL, NULL),
(62, 'SI0000062', 7, '2020-11-25', 138, 1, '2495.00', '0.00', '2495.00', 9, '2020-11-25 05:58:53', 2, NULL, NULL, NULL),
(63, 'SI0000063', 7, '2020-11-25', 138, 1, '2495.00', '0.00', '2495.00', 9, '2020-11-25 05:59:13', 2, NULL, NULL, NULL),
(64, 'SI0000064', 7, '2020-11-25', 138, 1, '2495.00', '0.00', '2495.00', 9, '2020-11-25 05:59:29', 2, NULL, NULL, NULL),
(65, 'SI0000065', 7, '2020-11-25', 138, 1, '2495.00', '0.00', '2495.00', 9, '2020-11-25 05:59:46', 2, NULL, NULL, NULL),
(66, 'SI0000066', 7, '2020-11-25', 110, 1, '15999.75', '0.00', '15999.75', 9, '2020-11-25 06:01:06', 2, NULL, NULL, NULL),
(67, 'SI0000067', 7, '2020-11-25', 110, 1, '15999.75', '0.00', '15999.75', 9, '2020-11-25 06:01:29', 2, NULL, NULL, NULL),
(68, 'SI0000068', 7, '2020-11-25', 2, 1, '1599.75', '0.00', '1599.75', 9, '2020-11-25 06:04:29', 2, NULL, NULL, NULL),
(69, 'SI0000069', 7, '2020-11-25', 2, 1, '1599.75', '0.00', '1599.75', 9, '2020-11-25 06:04:49', 2, NULL, NULL, NULL),
(70, 'SI0000070', 7, '2020-11-25', 77, 1, '1149.75', '0.00', '1149.75', 9, '2020-11-25 06:10:18', 2, NULL, NULL, NULL),
(71, 'SI0000071', 7, '2020-11-25', 72, 1, '1649.75', '0.00', '1649.75', 9, '2020-11-25 06:11:37', 2, NULL, NULL, NULL),
(72, 'SI0000072', 7, '2020-11-25', 67, 1, '1449.75', '0.00', '1449.75', 9, '2020-11-25 06:12:26', 2, NULL, NULL, NULL),
(73, 'SI0000073', 7, '2020-11-25', 136, 1, '2499.75', '0.00', '2499.75', 9, '2020-11-25 06:13:26', 2, NULL, NULL, NULL),
(74, 'SI0000074', 7, '2020-11-25', 128, 1, '8999.75', '0.00', '8999.75', 9, '2020-11-25 06:14:31', 2, NULL, NULL, NULL),
(75, 'SI0000075', 7, '2020-11-25', 14, 1, '3099.75', '0.00', '3099.75', 9, '2020-11-25 06:18:25', 2, NULL, NULL, NULL),
(76, 'SI0000076', 7, '2020-11-25', 3, 1, '2199.75', '0.00', '2199.75', 9, '2020-11-25 06:53:28', 2, NULL, NULL, NULL),
(77, 'SI0000077', 7, '2020-11-25', 8, 1, '2199.75', '0.00', '2199.75', 9, '2020-11-25 06:55:21', 2, NULL, NULL, NULL),
(78, 'SI0000078', 7, '2020-11-25', 24, 1, '3199.75', '0.00', '3199.75', 9, '2020-11-25 06:56:26', 2, NULL, NULL, NULL),
(79, 'SI0000079', 7, '2020-11-25', 3, 1, '2199.75', '0.00', '2199.75', 9, '2020-11-25 06:57:11', 2, NULL, NULL, NULL),
(80, 'SI0000080', 7, '2020-12-04', 49, 1, '1499.75', '0.00', '1499.75', 9, '2020-12-04 07:36:50', 2, NULL, NULL, NULL),
(81, 'SI0000081', 7, '2020-12-04', 5, 1, '2179.75', '0.00', '2179.75', 9, '2020-12-04 07:38:21', 2, NULL, NULL, NULL),
(82, 'SI0000082', 7, '2020-12-04', 65, 1, '1349.75', '0.00', '1349.75', 9, '2020-12-04 07:39:23', 2, NULL, NULL, NULL),
(83, 'SI0000083', 7, '2020-12-07', 79, 1, '1299.75', '0.00', '1299.75', 9, '2020-12-07 00:14:35', 2, NULL, NULL, NULL),
(84, 'SI0000084', 7, '2020-12-07', 80, 1, '1299.75', '0.00', '1299.75', 9, '2020-12-07 00:15:25', 2, NULL, NULL, NULL),
(85, 'SI0000085', 7, '2020-12-07', 38, 1, '1499.75', '0.00', '1499.75', 9, '2020-12-07 00:18:27', 2, NULL, NULL, NULL),
(86, 'SI0000086', 7, '2020-12-07', 112, 1, '11749.75', '0.00', '11749.75', 9, '2020-12-07 00:19:28', 2, NULL, NULL, NULL),
(87, 'SI0000087', 7, '2020-12-07', 80, 1, '1299.75', '0.00', '1299.75', 9, '2020-12-07 04:55:46', 2, NULL, NULL, NULL),
(88, 'SI0000088', 7, '2020-12-07', 46, 1, '1749.75', '0.00', '1749.75', 9, '2020-12-07 04:56:51', 2, NULL, NULL, NULL),
(89, 'SI0000089', 7, '2020-12-09', 49, 1, '1499.75', '0.00', '1499.75', 9, '2020-12-09 00:27:39', 2, NULL, NULL, NULL),
(90, 'SI0000090', 7, '2020-12-09', 80, 1, '1299.75', '0.00', '1299.75', 9, '2020-12-09 00:29:07', 2, NULL, NULL, NULL),
(91, 'SI0000091', 7, '2020-12-14', 80, 1, '1299.75', '0.00', '1299.75', 9, '2020-12-14 00:51:32', 10, NULL, NULL, NULL),
(92, 'SI0000092', 7, '2020-12-14', 80, 1, '1299.75', '0.00', '1299.75', 9, '2020-12-14 00:51:32', 2, NULL, NULL, NULL),
(93, 'SI0000093', 7, '2020-12-14', 25, 1, '3299.75', '0.00', '3299.75', 9, '2020-12-14 00:52:59', 2, NULL, NULL, NULL),
(94, 'SI0000094', 7, '2020-12-14', 7, 1, '1999.75', '0.00', '1999.75', 9, '2020-12-14 00:53:59', 2, NULL, NULL, NULL),
(95, 'SI0000095', 7, '2020-12-14', 102, 1, '2399.75', '0.00', '2399.75', 9, '2020-12-14 00:55:10', 2, NULL, NULL, NULL),
(96, 'SI0000096', 7, '2020-12-14', 102, 1, '2399.75', '0.00', '2399.75', 9, '2020-12-14 00:55:10', 2, NULL, NULL, NULL),
(97, 'SI0000097', 7, '2020-12-14', 7, 1, '1999.75', '0.00', '1999.75', 9, '2020-12-14 02:52:25', 2, NULL, NULL, NULL),
(98, 'SI0000098', 7, '2020-12-14', 8, 1, '2199.75', '0.00', '2199.75', 9, '2020-12-14 02:54:01', 2, NULL, NULL, NULL),
(99, 'SI0000099', 7, '2020-12-14', 22, 1, '2799.75', '0.00', '2799.75', 9, '2020-12-14 02:55:19', 2, NULL, NULL, NULL),
(100, 'SI0000100', 7, '2020-12-15', 7, 1, '1999.75', '0.00', '1999.75', 9, '2020-12-15 04:55:29', 2, NULL, NULL, NULL),
(101, 'SI0000101', 7, '2020-12-15', 8, 1, '2199.75', '0.00', '2199.75', 9, '2020-12-15 04:56:20', 2, NULL, NULL, NULL),
(102, 'SI0000102', 7, '2020-12-15', 22, 1, '2799.75', '0.00', '2799.75', 9, '2020-12-15 04:57:13', 2, NULL, NULL, NULL),
(103, 'SI0000103', 7, '2020-12-15', 138, 1, '2495.00', '0.00', '2495.00', 9, '2020-12-15 04:58:19', 2, NULL, NULL, NULL),
(104, 'SI0000104', 7, '2020-12-15', 69, 1, '1449.75', '0.00', '1449.75', 9, '2020-12-15 05:00:05', 2, NULL, NULL, NULL),
(105, 'SI0000105', 7, '2020-12-15', 67, 1, '1449.75', '0.00', '1449.75', 9, '2020-12-15 05:00:43', 2, NULL, NULL, NULL),
(106, 'SI0000106', 1, '2020-12-18', 139, 1, '1999.75', '0.00', '1999.75', 1, '2020-12-18 02:06:45', 2, NULL, NULL, NULL),
(107, 'SI0000107', 1, '2020-12-18', 140, 1, '1999.75', '0.00', '1999.75', 1, '2020-12-18 02:07:23', 2, NULL, NULL, NULL),
(108, 'SI0000108', 7, '2020-12-21', 60, 1, '1999.75', '0.00', '1999.75', 9, '2020-12-21 00:38:21', 2, NULL, NULL, NULL),
(109, 'SI0000109', 7, '2020-12-21', 8, 1, '2199.75', '0.00', '2199.75', 9, '2020-12-21 00:53:42', 2, NULL, NULL, NULL),
(110, 'SI0000110', 7, '2020-12-21', 110, 1, '15999.75', '0.00', '15999.75', 9, '2020-12-21 00:55:16', 2, NULL, NULL, NULL),
(111, 'SI0000111', 7, '2020-12-21', 82, 1, '1399.75', '0.00', '1399.75', 9, '2020-12-21 08:37:36', 2, NULL, NULL, NULL),
(112, 'SI0000112', 7, '2020-12-21', 82, 1, '1399.75', '0.00', '1399.75', 9, '2020-12-21 08:38:11', 2, NULL, NULL, NULL),
(113, 'SI0000113', 7, '2020-12-21', 102, 1, '2399.75', '0.00', '2399.75', 9, '2020-12-21 08:39:36', 2, NULL, NULL, NULL),
(114, 'SI0000114', 7, '2020-12-21', 51, 1, '1499.75', '0.00', '1499.75', 9, '2020-12-21 08:40:41', 2, NULL, NULL, NULL),
(115, 'SI0000115', 7, '2020-12-21', 51, 1, '1499.75', '0.00', '1499.75', 9, '2020-12-21 08:40:41', 2, NULL, NULL, NULL),
(116, 'SI0000116', 7, '2020-12-21', 109, 1, '14999.75', '0.00', '14999.75', 9, '2020-12-21 08:41:50', 2, NULL, NULL, NULL),
(117, 'SI0000117', 7, '2020-12-28', 14, 1, '3099.75', '0.00', '3099.75', 9, '2020-12-28 00:41:46', 2, NULL, NULL, NULL),
(118, 'SI0000118', 7, '2020-12-28', 14, 1, '3099.75', '0.00', '3099.75', 9, '2020-12-28 00:41:46', 2, NULL, NULL, NULL),
(119, 'SI0000119', 7, '2020-12-28', 57, 1, '1799.75', '0.00', '1799.75', 9, '2020-12-28 00:42:54', 2, NULL, NULL, NULL),
(120, 'SI0000120', 7, '2020-12-28', 57, 1, '1799.75', '0.00', '1799.75', 9, '2020-12-28 00:42:54', 2, NULL, NULL, NULL),
(121, 'SI0000121', 7, '2020-12-28', 138, 1, '2495.00', '0.00', '2495.00', 9, '2020-12-28 00:43:47', 2, NULL, NULL, NULL),
(122, 'SI0000122', 7, '2020-12-28', 103, 1, '3099.75', '0.00', '3099.75', 9, '2020-12-28 00:44:47', 2, NULL, NULL, NULL),
(123, 'SI0000123', 7, '2020-12-28', 138, 1, '2495.00', '0.00', '2495.00', 9, '2020-12-28 00:45:33', 2, NULL, NULL, NULL),
(124, 'SI0000124', 7, '2020-12-28', 92, 1, '2179.75', '0.00', '2179.75', 9, '2020-12-28 00:46:48', 2, NULL, NULL, NULL),
(125, 'SI0000125', 7, '2020-12-28', 109, 1, '14999.75', '0.00', '14999.75', 9, '2020-12-28 00:47:57', 2, NULL, NULL, NULL),
(126, 'SI0000126', 7, '2020-12-28', 3, 1, '2199.75', '0.00', '2199.75', 9, '2020-12-28 00:48:51', 2, NULL, NULL, NULL),
(127, 'SI0000127', 7, '2021-01-08', 23, 1, '2999.75', '0.00', '2999.75', 6, '2021-01-08 05:20:21', 2, NULL, NULL, NULL),
(128, 'SI0000128', 7, '2021-01-08', 25, 1, '3299.75', '0.00', '3299.75', 6, '2021-01-08 05:21:05', 2, NULL, NULL, NULL),
(129, 'SI0000129', 7, '2021-01-08', 1, 1, '1299.75', '0.00', '1299.75', 6, '2021-01-08 05:21:59', 2, NULL, NULL, NULL),
(130, 'SI0000130', 7, '2021-01-08', 7, 1, '1999.75', '0.00', '1999.75', 6, '2021-01-08 05:22:48', 2, NULL, NULL, NULL),
(131, 'SI0000131', 7, '2021-01-08', 7, 1, '1999.75', '0.00', '1999.75', 6, '2021-01-08 05:22:48', 10, NULL, NULL, NULL),
(132, 'SI0000132', 7, '2021-01-08', 7, 1, '1999.75', '0.00', '1999.75', 9, '2021-01-08 05:23:30', 2, NULL, NULL, NULL),
(133, 'SI0000133', 7, '2021-01-08', 2, 1, '1599.75', '0.00', '1599.75', 6, '2021-01-08 05:24:37', 2, NULL, NULL, NULL),
(134, 'SI0000134', 7, '2021-01-08', 2, 1, '1599.75', '0.00', '1599.75', 6, '2021-01-08 05:24:58', 2, NULL, NULL, NULL),
(135, 'SI0000135', 7, '2021-01-08', 15, 1, '3349.75', '0.00', '3349.75', 6, '2021-01-08 05:26:08', 2, NULL, NULL, NULL),
(136, 'SI0000136', 7, '2021-01-08', 7, 1, '1999.75', '0.00', '1999.75', 6, '2021-01-08 05:27:15', 2, NULL, NULL, NULL),
(137, 'SI0000137', 7, '2021-01-08', 123, 1, '3299.75', '0.00', '3299.75', 6, '2021-01-08 05:28:32', 2, NULL, NULL, NULL),
(138, 'SI0000138', 7, '2021-01-08', 7, 1, '1999.75', '0.00', '1999.75', 6, '2021-01-08 05:34:15', 2, NULL, NULL, NULL),
(139, 'SI0000139', 7, '2021-01-11', 1, 1, '1299.75', '0.00', '1299.75', 6, '2021-01-11 00:43:58', 2, NULL, NULL, NULL),
(140, 'SI0000140', 7, '2021-01-11', 8, 1, '2199.75', '0.00', '2199.75', 6, '2021-01-11 00:44:56', 2, NULL, NULL, NULL),
(141, 'SI0000141', 7, '2021-01-11', 8, 1, '2199.75', '0.00', '2199.75', 6, '2021-01-11 00:44:56', 10, NULL, NULL, NULL),
(142, 'SI0000142', 7, '2021-01-11', 65, 1, '1349.75', '0.00', '1349.75', 6, '2021-01-11 00:48:58', 2, NULL, NULL, NULL),
(143, 'SI0000143', 7, '2021-01-11', 4, 1, '2399.75', '0.00', '2399.75', 6, '2021-01-11 00:50:17', 2, NULL, NULL, NULL),
(144, 'SI0000144', 7, '2021-01-11', 70, 1, '1449.75', '0.00', '1449.75', 6, '2021-01-11 00:52:34', 2, NULL, NULL, NULL),
(145, 'SI0000145', 7, '2021-01-11', 80, 1, '1299.75', '0.00', '1299.75', 6, '2021-01-11 00:58:33', 2, NULL, NULL, NULL),
(146, 'SI0000146', 7, '2021-01-11', 1, 1, '1299.75', '0.00', '1299.75', 6, '2021-01-11 01:00:12', 2, NULL, NULL, NULL),
(147, 'SI0000147', 7, '2021-01-11', 129, 1, '1299.75', '0.00', '1299.75', 6, '2021-01-11 01:01:29', 2, NULL, NULL, NULL),
(148, 'SI0000148', 7, '2021-01-11', 2, 1, '1599.75', '0.00', '1599.75', 6, '2021-01-11 01:02:35', 2, NULL, NULL, NULL),
(149, 'SI0000149', 7, '2021-01-11', 131, 1, '2699.75', '0.00', '2699.75', 6, '2021-01-11 01:04:19', 10, NULL, NULL, NULL),
(150, 'SI0000150', 7, '2021-01-11', 131, 1, '2699.75', '0.00', '2699.75', 6, '2021-01-11 01:04:19', 2, NULL, NULL, NULL),
(151, 'SI0000151', 7, '2021-01-11', 126, 1, '2599.75', '0.00', '2599.75', 6, '2021-01-11 01:13:50', 2, NULL, NULL, NULL),
(152, 'SI0000152', 7, '2021-01-11', 7, 1, '1999.75', '0.00', '1999.75', 6, '2021-01-11 01:15:03', 10, NULL, NULL, NULL),
(153, 'SI0000153', 7, '2021-01-11', 7, 1, '1999.75', '0.00', '1999.75', 6, '2021-01-11 01:15:03', 2, NULL, NULL, NULL),
(154, 'SI0000154', 7, '2021-01-11', 1, 1, '1299.75', '0.00', '1299.75', 6, '2021-01-11 01:15:56', 2, NULL, NULL, NULL),
(155, 'SI0000155', 7, '2021-01-11', 25, 1, '3299.75', '0.00', '3299.75', 6, '2021-01-11 01:16:52', 2, NULL, NULL, NULL),
(156, 'SI0000156', 7, '2021-01-11', 1, 1, '1299.75', '0.00', '1299.75', 6, '2021-01-11 01:26:41', 2, NULL, NULL, NULL),
(157, 'SI0000157', 7, '2021-01-11', 1, 1, '1299.75', '0.00', '1299.75', 6, '2021-01-11 01:26:59', 2, NULL, NULL, NULL),
(158, 'SI0000158', 7, '2021-01-12', 131, 1, '2699.75', '0.00', '2699.75', 6, '2021-01-12 07:55:41', 2, NULL, NULL, NULL),
(159, 'SI0000159', 7, '2021-01-12', 16, 1, '3349.75', '0.00', '3349.75', 6, '2021-01-12 07:56:52', 2, NULL, NULL, NULL),
(160, 'SI0000160', 7, '2021-01-12', 2, 1, '1599.75', '0.00', '1599.75', 6, '2021-01-12 07:57:47', 2, NULL, NULL, NULL),
(161, 'SI0000161', 7, '2021-01-12', 7, 1, '1999.75', '0.00', '1999.75', 6, '2021-01-12 07:58:29', 2, NULL, NULL, NULL),
(162, 'SI0000162', 7, '2021-01-12', 103, 1, '3099.75', '0.00', '3099.75', 6, '2021-01-12 07:59:27', 2, NULL, NULL, NULL),
(163, 'SI0000163', 7, '2021-01-15', 22, 1, '2799.75', '0.00', '2799.75', 6, '2021-01-15 06:01:16', 2, NULL, NULL, NULL),
(164, 'SI0000164', 7, '2021-01-15', 8, 1, '2199.75', '0.00', '2199.75', 6, '2021-01-15 06:03:04', 2, NULL, NULL, NULL),
(165, 'SI0000165', 7, '2021-01-15', 60, 1, '1999.75', '0.00', '1999.75', 9, '2021-01-15 06:04:14', 10, NULL, NULL, NULL),
(166, 'SI0000166', 7, '2021-01-15', 60, 1, '1999.75', '0.00', '1999.75', 6, '2021-01-15 06:04:53', 2, NULL, NULL, NULL),
(167, 'SI0000167', 7, '2021-01-15', 3, 1, '2199.75', '0.00', '2199.75', 6, '2021-01-15 06:05:53', 2, NULL, NULL, NULL),
(168, 'SI0000168', 7, '2021-01-15', 3, 1, '2199.75', '0.00', '2199.75', 9, '2021-01-15 06:06:52', 10, NULL, NULL, NULL),
(169, 'SI0000169', 7, '2021-01-15', 112, 1, '11749.75', '0.00', '11749.75', 6, '2021-01-15 06:08:21', 2, NULL, NULL, NULL),
(170, 'SI0000170', 7, '2021-01-15', 88, 1, '1199.75', '0.00', '1199.75', 6, '2021-01-15 06:10:18', 2, NULL, NULL, NULL),
(171, 'SI0000171', 7, '2021-01-15', 83, 1, '1399.75', '0.00', '1399.75', 6, '2021-01-15 06:44:42', 2, NULL, NULL, NULL),
(172, 'SI0000172', 7, '2021-01-15', 3, 1, '2199.75', '0.00', '2199.75', 6, '2021-01-15 06:45:56', 2, NULL, NULL, NULL),
(173, 'SI0000173', 7, '2021-01-15', 138, 1, '2495.00', '0.00', '2495.00', 6, '2021-01-15 06:47:06', 2, NULL, NULL, NULL),
(174, 'SI0000174', 7, '2021-01-15', 2, 1, '1599.75', '0.00', '1599.75', 6, '2021-01-15 06:48:38', 2, NULL, NULL, NULL),
(175, 'SI0000175', 7, '2021-01-18', 136, 1, '2499.75', '0.00', '2499.75', 6, '2021-01-18 02:19:59', 2, NULL, NULL, NULL),
(176, 'SI0000176', 7, '2021-01-18', 136, 1, '2499.75', '0.00', '2499.75', 6, '2021-01-18 02:20:17', 2, NULL, NULL, NULL),
(177, 'SI0000177', 7, '2021-01-18', 25, 1, '3299.75', '0.00', '3299.75', 6, '2021-01-18 02:22:12', 2, NULL, NULL, NULL),
(178, 'SI0000178', 7, '2021-01-18', 22, 1, '2799.75', '0.00', '2799.75', 6, '2021-01-18 02:22:51', 2, NULL, NULL, NULL),
(179, 'SI0000179', 7, '2021-01-18', 131, 1, '2699.75', '0.00', '2699.75', 6, '2021-01-18 02:23:50', 2, NULL, NULL, NULL),
(180, 'SI0000180', 7, '2021-01-18', 64, 1, '1349.75', '0.00', '1349.75', 6, '2021-01-18 02:24:44', 2, NULL, NULL, NULL),
(181, 'SI0000181', 7, '2021-01-18', 8, 1, '2199.75', '0.00', '2199.75', 6, '2021-01-18 02:25:43', 2, NULL, NULL, NULL),
(182, 'SI0000182', 7, '2021-01-18', 2, 1, '1599.75', '0.00', '1599.75', 6, '2021-01-18 02:26:31', 2, NULL, NULL, NULL),
(183, 'SI0000183', 7, '2021-01-18', 91, 1, '1299.75', '0.00', '1299.75', 6, '2021-01-18 02:27:51', 2, NULL, NULL, NULL),
(184, 'SI0000184', 7, '2021-01-18', 121, 1, '3149.75', '0.00', '3149.75', 6, '2021-01-18 02:28:51', 2, NULL, NULL, NULL),
(185, 'SI0000185', 7, '2021-01-18', 8, 1, '2199.75', '0.00', '2199.75', 6, '2021-01-18 02:30:02', 2, NULL, NULL, NULL),
(186, 'SI0000186', 7, '2021-01-19', 7, 1, '1999.75', '0.00', '1999.75', 6, '2021-01-19 01:12:32', 2, NULL, NULL, NULL),
(187, 'SI0000187', 7, '2021-01-19', 132, 1, '1799.75', '0.00', '1799.75', 6, '2021-01-19 01:13:25', 2, NULL, NULL, NULL),
(188, 'SI0000188', 7, '2021-01-19', 134, 1, '2299.75', '0.00', '2299.75', 6, '2021-01-19 01:15:11', 2, NULL, NULL, NULL),
(189, 'SI0000189', 7, '2021-01-19', 131, 1, '2699.75', '0.00', '2699.75', 6, '2021-01-19 01:19:00', 2, NULL, NULL, NULL),
(190, 'SI0000190', 7, '2021-01-19', 88, 1, '1199.75', '0.00', '1199.75', 6, '2021-01-19 01:20:52', 2, NULL, NULL, NULL),
(191, 'SI0000191', 7, '2021-01-19', 25, 1, '3299.75', '0.00', '3299.75', 6, '2021-01-19 01:22:32', 2, NULL, NULL, NULL),
(192, 'SI0000192', 7, '2021-01-25', 112, 1, '11749.75', '0.00', '11749.75', 6, '2021-01-25 03:14:31', 2, NULL, NULL, NULL),
(193, 'SI0000193', 7, '2021-01-25', 2, 1, '1599.75', '0.00', '1599.75', 6, '2021-01-25 03:15:45', 2, NULL, NULL, NULL),
(194, 'SI0000194', 7, '2021-01-25', 24, 1, '3199.75', '0.00', '3199.75', 6, '2021-01-25 03:16:49', 2, NULL, NULL, NULL),
(195, 'SI0000195', 7, '2021-01-25', 136, 1, '2499.75', '0.00', '2499.75', 6, '2021-01-25 03:19:54', 2, NULL, NULL, NULL),
(196, 'SI0000196', 7, '2021-01-25', 8, 1, '2199.75', '0.00', '2199.75', 6, '2021-01-25 03:20:59', 2, NULL, NULL, NULL),
(197, 'SI0000197', 7, '2021-01-25', 1, 1, '1299.75', '0.00', '1299.75', 6, '2021-01-25 03:22:01', 2, NULL, NULL, NULL),
(198, 'SI0000198', 7, '2021-01-25', 125, 1, '2899.75', '0.00', '2899.75', 6, '2021-01-25 03:23:07', 2, NULL, NULL, NULL),
(199, 'SI0000199', 7, '2021-01-25', 25, 1, '3299.75', '0.00', '3299.75', 6, '2021-01-25 03:24:22', 2, NULL, NULL, NULL),
(200, 'SI0000200', 7, '2021-01-25', 25, 1, '3299.75', '0.00', '3299.75', 6, '2021-01-25 03:24:47', 2, NULL, NULL, NULL),
(201, 'SI0000201', 7, '2021-01-25', 8, 1, '2199.75', '0.00', '2199.75', 6, '2021-01-25 03:25:44', 2, NULL, NULL, NULL),
(202, 'SI0000202', 7, '2021-01-25', 24, 1, '3199.75', '0.00', '3199.75', 6, '2021-01-25 03:26:39', 2, NULL, NULL, NULL),
(203, 'SI0000203', 7, '2021-01-25', 48, 1, '1749.75', '0.00', '1749.75', 6, '2021-01-25 03:27:45', 2, NULL, NULL, NULL),
(204, 'SI0000204', 7, '2021-01-25', 7, 1, '1999.75', '0.00', '1999.75', 6, '2021-01-25 03:28:42', 2, NULL, NULL, NULL),
(205, 'SI0000205', 7, '2021-01-25', 46, 1, '1749.75', '0.00', '1749.75', 6, '2021-01-25 03:29:48', 2, NULL, NULL, NULL),
(206, 'SI0000206', 7, '2021-01-25', 81, 1, '1299.75', '0.00', '1299.75', 6, '2021-01-25 03:31:00', 2, NULL, NULL, NULL),
(207, 'SI0000207', 7, '2021-01-25', 1, 1, '1299.75', '0.00', '1299.75', 6, '2021-01-25 03:31:57', 2, NULL, NULL, NULL),
(208, 'SI0000208', 7, '2021-01-25', 130, 1, '2499.75', '0.00', '2499.75', 6, '2021-01-25 03:32:54', 2, NULL, NULL, NULL),
(209, 'SI0000209', 7, '2021-01-25', 39, 1, '1499.75', '0.00', '1499.75', 6, '2021-01-25 03:34:19', 2, NULL, NULL, NULL),
(210, 'SI0000210', 7, '2021-01-25', 77, 1, '1149.75', '0.00', '1149.75', 6, '2021-01-25 03:35:29', 2, NULL, NULL, NULL),
(211, 'SI0000211', 7, '2021-01-25', 7, 1, '1999.75', '0.00', '1999.75', 6, '2021-01-25 03:36:47', 2, NULL, NULL, NULL),
(212, 'SI0000212', 7, '2021-01-25', 29, 1, '2299.75', '0.00', '2299.75', 6, '2021-01-25 03:37:59', 2, NULL, NULL, NULL),
(213, 'SI0000213', 7, '2021-01-25', 91, 1, '1299.75', '0.00', '1299.75', 6, '2021-01-25 03:39:14', 2, NULL, NULL, NULL),
(214, 'SI0000214', 7, '2021-01-25', 91, 1, '1299.75', '0.00', '1299.75', 6, '2021-01-25 03:39:32', 2, NULL, NULL, NULL),
(215, 'SI0000215', 7, '2021-01-29', 1, 1, '1299.75', '0.00', '1299.75', 6, '2021-01-29 02:28:30', 2, NULL, NULL, NULL),
(216, 'SI0000216', 7, '2021-01-29', 8, 1, '2199.75', '0.00', '2199.75', 6, '2021-01-29 02:29:29', 2, NULL, NULL, NULL),
(217, 'SI0000217', 7, '2021-01-29', 2, 1, '1599.75', '0.00', '1599.75', 6, '2021-01-29 02:30:19', 2, NULL, NULL, NULL),
(218, 'SI0000218', 7, '2021-01-29', 1, 1, '1299.75', '0.00', '1299.75', 6, '2021-01-29 02:31:02', 2, NULL, NULL, NULL),
(219, 'SI0000219', 7, '2021-01-29', 81, 1, '1299.75', '0.00', '1299.75', 6, '2021-01-29 02:32:08', 2, NULL, NULL, NULL),
(220, 'SI0000220', 7, '2021-01-29', 69, 1, '1449.75', '0.00', '1449.75', 6, '2021-01-29 02:33:19', 2, NULL, NULL, NULL),
(221, 'SI0000221', 7, '2021-01-29', 4, 1, '2399.75', '0.00', '2399.75', 6, '2021-01-29 02:34:15', 2, NULL, NULL, NULL),
(222, 'SI0000222', 7, '2021-01-29', 2, 1, '1599.75', '0.00', '1599.75', 6, '2021-01-29 02:35:09', 2, NULL, NULL, NULL),
(223, 'SI0000223', 7, '2021-01-29', 22, 1, '2799.75', '0.00', '2799.75', 6, '2021-01-29 02:36:11', 2, NULL, NULL, NULL),
(224, 'SI0000224', 7, '2021-01-29', 82, 1, '1399.75', '0.00', '1399.75', 6, '2021-01-29 02:38:30', 2, NULL, NULL, NULL),
(225, 'SI0000225', 7, '2021-01-29', 8, 1, '2199.75', '0.00', '2199.75', 6, '2021-01-29 02:39:31', 2, NULL, NULL, NULL),
(226, 'SI0000226', 7, '2021-02-01', 47, 1, '1749.75', '0.00', '1749.75', 6, '2021-02-01 07:39:26', 1, NULL, NULL, NULL),
(227, 'SI0000227', 7, '2021-02-01', 7, 1, '1999.75', '0.00', '1999.75', 6, '2021-02-01 07:40:24', 2, NULL, NULL, NULL),
(228, 'SI0000228', 7, '2021-02-01', 29, 1, '2299.75', '0.00', '2299.75', 6, '2021-02-01 07:41:52', 2, NULL, NULL, NULL),
(229, 'SI0000229', 7, '2021-02-01', 102, 1, '2399.75', '0.00', '2399.75', 6, '2021-02-01 07:43:01', 2, NULL, NULL, NULL),
(230, 'SI0000230', 7, '2021-02-01', 25, 1, '3299.75', '0.00', '3299.75', 6, '2021-02-01 07:43:50', 2, NULL, NULL, NULL),
(231, 'SI0000231', 7, '2021-02-01', 4, 1, '2399.75', '0.00', '2399.75', 6, '2021-02-01 07:44:44', 2, NULL, NULL, NULL),
(232, 'SI0000232', 7, '2021-02-01', 2, 1, '1599.75', '0.00', '1599.75', 6, '2021-02-01 07:45:49', 2, NULL, NULL, NULL),
(233, 'SI0000233', 7, '2021-02-01', 48, 1, '1749.75', '0.00', '1749.75', 6, '2021-02-01 07:46:53', 2, NULL, NULL, NULL),
(234, 'SI0000234', 7, '2021-02-01', 110, 1, '15999.75', '0.00', '15999.75', 6, '2021-02-01 07:48:28', 2, NULL, NULL, NULL),
(235, 'SI0000235', 7, '2021-02-01', 3, 1, '2199.75', '0.00', '2199.75', 6, '2021-02-01 07:49:36', 2, NULL, NULL, NULL),
(236, 'SI0000236', 7, '2021-02-01', 131, 1, '2699.75', '0.00', '2699.75', 6, '2021-02-01 07:50:31', 2, NULL, NULL, NULL),
(237, 'SI0000237', 7, '2021-02-03', 16, 1, '3349.75', '0.00', '3349.75', 6, '2021-02-03 05:05:23', 2, NULL, NULL, NULL),
(238, 'SI0000238', 7, '2021-02-03', 10, 1, '2899.75', '0.00', '2899.75', 6, '2021-02-03 05:06:16', 2, NULL, NULL, NULL),
(239, 'SI0000239', 7, '2021-02-03', 7, 1, '1999.75', '0.00', '1999.75', 6, '2021-02-03 05:07:49', 2, NULL, NULL, NULL),
(240, 'SI0000240', 7, '2021-02-03', 2, 1, '1599.75', '0.00', '1599.75', 6, '2021-02-03 05:08:29', 2, NULL, NULL, NULL),
(241, 'SI0000241', 7, '2021-02-05', 104, 1, '3399.75', '0.00', '3399.75', 6, '2021-02-05 08:08:45', 2, NULL, NULL, NULL),
(242, 'SI0000242', 7, '2021-02-05', 8, 1, '2199.75', '0.00', '2199.75', 6, '2021-02-05 08:09:45', 2, NULL, NULL, NULL),
(243, 'SI0000243', 7, '2021-02-05', 91, 1, '1299.75', '0.00', '1299.75', 6, '2021-02-05 08:10:56', 2, NULL, NULL, NULL),
(244, 'SI0000244', 7, '2021-02-09', 60, 1, '1999.75', '0.00', '1999.75', 6, '2021-02-09 02:49:00', 2, NULL, NULL, NULL),
(245, 'SI0000245', 7, '2021-02-09', 127, 1, '2599.75', '0.00', '2599.75', 6, '2021-02-09 02:50:15', 2, NULL, NULL, NULL),
(246, 'SI0000246', 7, '2021-02-09', 8, 1, '2199.75', '0.00', '2199.75', 6, '2021-02-09 02:51:12', 2, NULL, NULL, NULL),
(247, 'SI0000247', 7, '2021-02-09', 63, 1, '1349.75', '0.00', '1349.75', 6, '2021-02-09 02:53:46', 2, NULL, NULL, NULL),
(248, 'SI0000248', 7, '2021-02-09', 2, 1, '1599.75', '0.00', '1599.75', 6, '2021-02-09 02:54:37', 2, NULL, NULL, NULL),
(249, 'SI0000249', 7, '2021-02-09', 7, 1, '1999.75', '0.00', '1999.75', 6, '2021-02-09 02:55:21', 2, NULL, NULL, NULL),
(250, 'SI0000250', 7, '2021-02-09', 3, 1, '2199.75', '0.00', '2199.75', 6, '2021-02-09 02:56:12', 2, NULL, NULL, NULL),
(251, 'SI0000251', 7, '2021-02-09', 4, 1, '2399.75', '0.00', '2399.75', 6, '2021-02-09 02:56:50', 2, NULL, NULL, NULL),
(252, 'SI0000252', 7, '2021-02-09', 25, 1, '3299.75', '0.00', '3299.75', 6, '2021-02-09 02:57:43', 2, NULL, NULL, NULL),
(253, 'SI0000253', 7, '2021-02-16', 1, 1, '1299.75', '0.00', '1299.75', 6, '2021-02-16 05:20:23', 2, NULL, NULL, NULL),
(254, 'SI0000254', 7, '2021-02-16', 42, 1, '1499.75', '0.00', '1499.75', 6, '2021-02-16 05:23:41', 2, NULL, NULL, NULL),
(255, 'SI0000255', 7, '2021-02-16', 42, 1, '1499.75', '0.00', '1499.75', 6, '2021-02-16 05:24:14', 2, NULL, NULL, NULL),
(256, 'SI0000256', 7, '2021-02-16', 62, 1, '1349.75', '0.00', '1349.75', 6, '2021-02-16 05:26:14', 2, NULL, NULL, NULL),
(257, 'SI0000257', 7, '2021-02-16', 2, 1, '1599.75', '0.00', '1599.75', 6, '2021-02-16 05:27:22', 2, NULL, NULL, NULL),
(258, 'SI0000258', 7, '2021-02-16', 88, 1, '1199.75', '0.00', '1199.75', 6, '2021-02-16 05:28:45', 2, NULL, NULL, NULL),
(259, 'SI0000259', 7, '2021-02-16', 8, 1, '2199.75', '0.00', '2199.75', 6, '2021-02-16 05:30:33', 2, NULL, NULL, NULL),
(260, 'SI0000260', 7, '2021-02-16', 8, 1, '2199.75', '0.00', '2199.75', 6, '2021-02-16 05:30:50', 2, NULL, NULL, NULL),
(261, 'SI0000261', 7, '2021-02-16', 22, 1, '2799.75', '0.00', '2799.75', 6, '2021-02-16 05:32:14', 2, NULL, NULL, NULL),
(262, 'SI0000262', 7, '2021-02-16', 23, 1, '2999.75', '0.00', '2999.75', 6, '2021-02-16 05:32:58', 2, NULL, NULL, NULL),
(263, 'SI0000263', 7, '2021-02-16', 23, 1, '2999.75', '0.00', '2999.75', 6, '2021-02-16 05:33:30', 2, NULL, NULL, NULL),
(264, 'SI0000264', 7, '2021-02-16', 1, 1, '1299.75', '0.00', '1299.75', 6, '2021-02-16 05:37:39', 2, NULL, NULL, NULL),
(265, 'SI0000265', 7, '2021-02-16', 1, 1, '1299.75', '0.00', '1299.75', 6, '2021-02-16 05:37:55', 2, NULL, NULL, NULL),
(266, 'SI0000266', 7, '2021-02-16', 2, 1, '1599.75', '0.00', '1599.75', 6, '2021-02-16 05:38:37', 2, NULL, NULL, NULL),
(267, 'SI0000267', 7, '2021-02-16', 91, 1, '1299.75', '0.00', '1299.75', 6, '2021-02-16 05:39:57', 2, NULL, NULL, NULL),
(268, 'SI0000268', 7, '2021-02-16', 140, 1, '1999.75', '0.00', '1999.75', 6, '2021-02-16 05:41:40', 2, NULL, NULL, NULL),
(269, 'SI0000269', 7, '2021-02-16', 69, 1, '1449.75', '0.00', '1449.75', 6, '2021-02-16 05:44:21', 2, NULL, NULL, NULL);

-- --------------------------------------------------------

--
-- Table structure for table `users`
--

CREATE TABLE `users` (
  `id` int(10) UNSIGNED NOT NULL,
  `role_id` int(11) DEFAULT NULL,
  `name` varchar(191) COLLATE utf8mb4_unicode_ci NOT NULL,
  `email` varchar(191) COLLATE utf8mb4_unicode_ci NOT NULL,
  `password` varchar(191) COLLATE utf8mb4_unicode_ci NOT NULL,
  `remember_token` varchar(100) COLLATE utf8mb4_unicode_ci DEFAULT NULL,
  `created_at` timestamp NULL DEFAULT NULL,
  `updated_at` timestamp NULL DEFAULT NULL,
  `status` int(11) DEFAULT NULL
) ENGINE=InnoDB DEFAULT CHARSET=utf8mb4 COLLATE=utf8mb4_unicode_ci ROW_FORMAT=COMPACT;

--
-- Dumping data for table `users`
--

INSERT INTO `users` (`id`, `role_id`, `name`, `email`, `password`, `remember_token`, `created_at`, `updated_at`, `status`) VALUES
(1, 1, 'Admin', 'admin@inventory.local', '$2y$10$QiGe.RhssaSXyYzddndYeOPU/vtglGd1U62l9gIJjxqGGXWuQ8htG', 'JVNWernMpoN4II2c0UReenblQLIpRVvKeGZOZtGChNISQRyIE2oEa1ltMPGo', '2020-07-03 10:22:06', '2021-02-21 20:05:17', 1),
(2, 2, 'Fernan Sim', 'nbe.fernan@gmail.com', '$2y$10$ODqrvehjMMejWdW9hSB6AODBqFZJfVbUJX5TSaABsVvT6oiJUkWyG', 'audACTTLEfxTPluFoiQ9paxnjDlrlrg7WRUdHBEOUrMaD7ooPO44Lfalm0Uv', '2020-07-17 08:08:13', '2020-07-17 08:08:13', 1),
(3, 6, 'Aileen Caluya', 'nbe.aileen1126@gmail.com', '$2y$10$YEJgjPvAFyVNO7Y3ayBN6.77lMQ2qsdaQuGkfvhEkw38shC7tx/LK', 'CmCt0jrGabbRquLjwmSWjSdOCIrYPOtwIPv8NJ7XxChZeeM0ue1JfeIHAPW1', '2020-07-17 08:14:20', '2020-09-01 10:01:32', 1),
(4, 7, 'Robert Calabroso', 'nberobertc@gmail.com', '$2y$10$sw.eqDYMMExhn84IoKu2G.8LpVj5gB4ipQPYlDkwvpGMYvWYYltG6', NULL, '2020-07-17 08:19:06', '2020-07-17 08:19:06', 1),
(5, 4, 'Lorelei June Fandino', 'lollipop_go@yahoo.com', '$2y$10$oKLZiYKZyIXamyA152eCXOB300rWv3i.SsDBHOFESwwDDD.6R/hE.', NULL, '2020-07-17 08:21:36', '2020-07-17 08:21:36', 1),
(6, 5, 'ODYSSEUS TALION', 'odysseustalion12@gmail.com', '$2y$10$RnCMFOF3ss1My25NNdA.y.TYRYt6n8rZjLmYflhcTzyFwi0vQxJWm', 'z5Qers4MnxNOUaxrbcZoAzFhVt11kcpytHRpn3iWOJA3V8tBlIgxNWuktYdR', '2020-07-17 14:23:23', '2020-09-17 10:28:52', 1),
(7, 6, 'ALISA ESTIPONA', 'lxl.alisaestipona@gmail.com', '$2y$10$1RmG.nkQcL9mBlqwH40Veu1XYoykzs.RbpyT/efkEovHY4WNqTYEK', 'MwOpExDuMLnor7DpImn2TG37LHYeGhmwpMdiu68VbnhQ8th5K2X6DgdsWPW0', '2020-10-30 09:18:43', '2020-10-30 09:18:43', 1),
(8, 5, 'JOHN LATIDO', 'johnlatido@gmail.com', '$2y$10$.An7Zy06xY6z1kX.ocJwNuIrcFxvR7elEnypPNcJ9bEx6az0O3Oc6', NULL, '2020-11-10 09:08:23', '2020-11-10 09:08:23', 1);

-- --------------------------------------------------------

--
-- Table structure for table `users_logs`
--

CREATE TABLE `users_logs` (
  `id` int(10) UNSIGNED NOT NULL,
  `user_id` int(11) NOT NULL,
  `action` varchar(191) COLLATE utf8mb4_unicode_ci NOT NULL,
  `action_model` varchar(191) COLLATE utf8mb4_unicode_ci DEFAULT NULL,
  `action_id` int(11) DEFAULT NULL,
  `created_at` timestamp NULL DEFAULT NULL,
  `updated_at` timestamp NULL DEFAULT NULL
) ENGINE=InnoDB DEFAULT CHARSET=utf8mb4 COLLATE=utf8mb4_unicode_ci ROW_FORMAT=COMPACT;

--
-- Dumping data for table `users_logs`
--

INSERT INTO `users_logs` (`id`, `user_id`, `action`, `action_model`, `action_id`, `created_at`, `updated_at`) VALUES
(1, 1, 'updated', 'users', 1, '2020-07-15 08:26:47', '2020-07-15 08:26:47'),
(2, 1, 'created', 'users', 2, '2020-07-17 08:08:13', '2020-07-17 08:08:13'),
(3, 1, 'created', 'users', 3, '2020-07-17 08:14:20', '2020-07-17 08:14:20'),
(4, 1, 'created', 'users', 4, '2020-07-17 08:19:06', '2020-07-17 08:19:06'),
(5, 1, 'created', 'approvers', 1, '2020-07-17 08:20:13', '2020-07-17 08:20:13'),
(6, 1, 'created', 'approvers', 2, '2020-07-17 08:20:15', '2020-07-17 08:20:15'),
(7, 1, 'created', 'users', 5, '2020-07-17 08:21:36', '2020-07-17 08:21:36'),
(8, 1, 'created', 'approvers', 3, '2020-07-17 08:22:21', '2020-07-17 08:22:21'),
(9, 1, 'created', 'approvers', 4, '2020-07-17 08:22:40', '2020-07-17 08:22:40'),
(10, 1, 'created', 'approvers', 5, '2020-07-17 08:22:48', '2020-07-17 08:22:48'),
(11, 1, 'created', 'approvers', 6, '2020-07-17 08:23:09', '2020-07-17 08:23:09'),
(12, 1, 'created', 'approvers', 7, '2020-07-17 08:25:44', '2020-07-17 08:25:44'),
(13, 1, 'deleted', 'approvers', 2, '2020-07-17 08:25:57', '2020-07-17 08:25:57'),
(14, 1, 'created', 'approvers', 8, '2020-07-17 08:26:22', '2020-07-17 08:26:22'),
(15, 1, 'deleted', 'approvers', 8, '2020-07-17 08:26:27', '2020-07-17 08:26:27'),
(16, 1, 'created', 'approvers', 9, '2020-07-17 08:26:34', '2020-07-17 08:26:34'),
(17, 1, 'created', 'warehouselist', 1, '2020-07-17 08:32:56', '2020-07-17 08:32:56'),
(18, 1, 'created', 'warehouselist', 2, '2020-07-17 09:30:00', '2020-07-17 09:30:00'),
(19, 1, 'created', 'warehouselist', 3, '2020-07-17 09:31:01', '2020-07-17 09:31:01'),
(20, 1, 'created', 'warehouselist', 4, '2020-07-17 09:32:12', '2020-07-17 09:32:12'),
(21, 1, 'created', 'warehouselist', 5, '2020-07-17 10:01:47', '2020-07-17 10:01:47'),
(22, 1, 'created', 'warehouselist', 6, '2020-07-17 10:02:41', '2020-07-17 10:02:41'),
(23, 1, 'updated', 'warehouselist', 6, '2020-07-17 10:03:13', '2020-07-17 10:03:13'),
(24, 1, 'updated', 'warehouselist', 6, '2020-07-17 10:03:35', '2020-07-17 10:03:35'),
(25, 1, 'created', 'warehouselist', 7, '2020-07-17 10:10:10', '2020-07-17 10:10:10'),
(26, 1, 'created', 'productcategories', 1, '2020-07-17 10:11:57', '2020-07-17 10:11:57'),
(27, 1, 'created', 'productcategories', 2, '2020-07-17 10:12:21', '2020-07-17 10:12:21'),
(28, 1, 'created', 'productcategories', 3, '2020-07-17 10:12:37', '2020-07-17 10:12:37'),
(29, 1, 'created', 'productcategories', 4, '2020-07-17 10:13:16', '2020-07-17 10:13:16'),
(30, 1, 'created', 'productcategories', 5, '2020-07-17 10:13:40', '2020-07-17 10:13:40'),
(31, 1, 'created', 'productcategories', 6, '2020-07-17 10:13:59', '2020-07-17 10:13:59'),
(32, 1, 'created', 'productcategories', 7, '2020-07-17 10:14:18', '2020-07-17 10:14:18'),
(33, 1, 'created', 'productcategories', 8, '2020-07-17 10:14:51', '2020-07-17 10:14:51'),
(34, 1, 'updated', 'productcategories', 6, '2020-07-17 10:15:00', '2020-07-17 10:15:00'),
(35, 1, 'updated', 'productcategories', 6, '2020-07-17 10:15:08', '2020-07-17 10:15:08'),
(36, 1, 'updated', 'productcategories', 3, '2020-07-17 10:15:18', '2020-07-17 10:15:18'),
(37, 1, 'updated', 'productcategories', 7, '2020-07-17 10:15:25', '2020-07-17 10:15:25'),
(38, 1, 'updated', 'productcategories', 2, '2020-07-17 10:15:30', '2020-07-17 10:15:30'),
(39, 1, 'updated', 'productcategories', 4, '2020-07-17 10:15:38', '2020-07-17 10:15:38'),
(40, 1, 'updated', 'productcategories', 5, '2020-07-17 10:15:44', '2020-07-17 10:15:44'),
(41, 1, 'updated', 'productcategories', 1, '2020-07-17 10:15:49', '2020-07-17 10:15:49'),
(42, 1, 'created', 'productcategories', 9, '2020-07-17 10:18:18', '2020-07-17 10:18:18'),
(43, 1, 'created', 'productcategories', 10, '2020-07-17 10:19:04', '2020-07-17 10:19:04'),
(44, 1, 'created', 'productlist', 1, '2020-07-17 10:24:47', '2020-07-17 10:24:47'),
(45, 1, 'created', 'productlist', 2, '2020-07-17 10:26:54', '2020-07-17 10:26:54'),
(46, 1, 'created', 'productlist', 3, '2020-07-17 10:28:10', '2020-07-17 10:28:10'),
(47, 1, 'created', 'productlist', 4, '2020-07-17 10:29:24', '2020-07-17 10:29:24'),
(48, 1, 'created', 'productlist', 5, '2020-07-17 10:34:43', '2020-07-17 10:34:43'),
(49, 1, 'created', 'productlist', 6, '2020-07-17 10:36:39', '2020-07-17 10:36:39'),
(50, 1, 'updated', 'users', 1, '2020-07-17 10:54:35', '2020-07-17 10:54:35'),
(51, 1, 'created', 'inventoryadjustments', 1, '2020-07-17 11:00:33', '2020-07-17 11:00:33'),
(52, 1, 'created', 'inventoryadjustments', 1, '2020-07-17 11:00:33', '2020-07-17 11:00:33'),
(53, 1, 'updated', 'users', 1, '2020-07-17 11:02:34', '2020-07-17 11:02:34'),
(54, 2, 'updated', 'inventoryadjustments', 1, '2020-07-17 11:04:01', '2020-07-17 11:04:01'),
(55, 2, 'updated', 'users', 2, '2020-07-17 11:04:11', '2020-07-17 11:04:11'),
(56, 1, 'created', 'approvers', 10, '2020-07-17 11:04:46', '2020-07-17 11:04:46'),
(57, 1, 'deleted', 'approvers', 4, '2020-07-17 11:04:48', '2020-07-17 11:04:48'),
(58, 1, 'created', 'deliveries', 1, '2020-07-17 12:31:43', '2020-07-17 12:31:43'),
(59, 1, 'created', 'deliveries', 1, '2020-07-17 12:31:43', '2020-07-17 12:31:43'),
(60, 1, 'created', 'delivery_details', 1, '2020-07-17 12:31:43', '2020-07-17 12:31:43'),
(61, 1, 'created', 'approvers', 11, '2020-07-17 12:33:05', '2020-07-17 12:33:05'),
(62, 1, 'updated', 'users', 1, '2020-07-17 12:33:30', '2020-07-17 12:33:30'),
(63, 1, 'created', 'approvers', 12, '2020-07-17 12:35:01', '2020-07-17 12:35:01'),
(64, 1, 'updated', 'users', 1, '2020-07-17 12:35:05', '2020-07-17 12:35:05'),
(65, 2, 'created', 'inventoryadjustments', 2, '2020-07-17 12:38:06', '2020-07-17 12:38:06'),
(66, 2, 'created', 'inventoryadjustments', 2, '2020-07-17 12:38:06', '2020-07-17 12:38:06'),
(67, 2, 'updated', 'users', 2, '2020-07-17 12:38:20', '2020-07-17 12:38:20'),
(68, 1, 'updated', 'users', 1, '2020-07-17 13:12:44', '2020-07-17 13:12:44'),
(69, 2, 'updated', 'inventoryadjustments', 2, '2020-07-17 13:51:08', '2020-07-17 13:51:08'),
(70, 2, 'updated', 'users', 2, '2020-07-17 14:20:17', '2020-07-17 14:20:17'),
(71, 1, 'created', 'users', 6, '2020-07-17 14:23:23', '2020-07-17 14:23:23'),
(72, 1, 'updated', 'users', 1, '2020-07-17 14:23:30', '2020-07-17 14:23:30'),
(73, 2, 'updated', 'users', 2, '2020-07-17 14:23:54', '2020-07-17 14:23:54'),
(74, 6, 'updated', 'users', 6, '2020-07-17 14:25:27', '2020-07-17 14:25:27'),
(75, 2, 'updated', 'users', 2, '2020-07-17 15:11:28', '2020-07-17 15:11:28'),
(76, 1, 'updated', 'users', 1, '2020-07-17 15:41:33', '2020-07-17 15:41:33'),
(77, 2, 'updated', 'users', 2, '2020-07-17 15:41:46', '2020-07-17 15:41:46'),
(78, 1, 'updated', 'users', 1, '2020-07-20 12:02:21', '2020-07-20 12:02:21'),
(79, 1, 'updated', 'users', 1, '2020-07-20 12:06:16', '2020-07-20 12:06:16'),
(80, 1, 'updated', 'users', 1, '2020-07-20 12:06:32', '2020-07-20 12:06:32'),
(81, 2, 'updated', 'users', 2, '2020-07-20 12:08:34', '2020-07-20 12:08:34'),
(82, 6, 'updated', 'users', 6, '2020-07-20 12:10:33', '2020-07-20 12:10:33'),
(83, 1, 'updated', 'users', 6, '2020-07-20 12:11:08', '2020-07-20 12:11:08'),
(84, 1, 'updated', 'users', 1, '2020-07-27 09:59:53', '2020-07-27 09:59:53'),
(85, 1, 'created', 'returns', 1, '2020-08-14 11:49:42', '2020-08-14 11:49:42'),
(86, 1, 'created', 'returns', 1, '2020-08-14 11:49:42', '2020-08-14 11:49:42'),
(87, 1, 'created', 'returns_details', 1, '2020-08-14 11:49:42', '2020-08-14 11:49:42'),
(88, 1, 'created', 'approvers', 13, '2020-08-14 11:50:54', '2020-08-14 11:50:54'),
(89, 1, 'updated', 'returns', 1, '2020-08-14 11:51:24', '2020-08-14 11:51:24'),
(90, 1, 'updated', 'users', 1, '2020-08-14 12:01:50', '2020-08-14 12:01:50'),
(91, 1, 'updated', 'users', 1, '2020-08-19 08:22:57', '2020-08-19 08:22:57'),
(92, 1, 'updated', 'users', 6, '2020-08-19 08:52:54', '2020-08-19 08:52:54'),
(93, 1, 'updated', 'users', 1, '2020-08-19 08:52:56', '2020-08-19 08:52:56'),
(94, 6, 'updated', 'users', 6, '2020-08-19 08:54:04', '2020-08-19 08:54:04'),
(95, 6, 'updated', 'users', 6, '2020-08-19 08:54:21', '2020-08-19 08:54:21'),
(96, 1, 'created', 'approvers', 14, '2020-08-19 08:55:13', '2020-08-19 08:55:13'),
(97, 1, 'updated', 'users', 1, '2020-08-19 08:55:15', '2020-08-19 08:55:15'),
(98, 6, 'updated', 'users', 6, '2020-08-19 08:55:29', '2020-08-19 08:55:29'),
(99, 1, 'updated', 'users', 1, '2020-08-19 08:56:26', '2020-08-19 08:56:26'),
(100, 6, 'updated', 'users', 6, '2020-08-19 08:56:43', '2020-08-19 08:56:43'),
(101, 6, 'updated', 'users', 6, '2020-08-19 08:56:51', '2020-08-19 08:56:51'),
(102, 1, 'updated', 'users', 1, '2020-08-19 08:58:04', '2020-08-19 08:58:04'),
(103, 6, 'updated', 'users', 6, '2020-08-19 08:58:52', '2020-08-19 08:58:52'),
(104, 1, 'updated', 'users', 1, '2020-08-20 12:17:11', '2020-08-20 12:17:11'),
(105, 1, 'updated', 'users', 6, '2020-08-20 12:18:04', '2020-08-20 12:18:04'),
(106, 1, 'updated', 'users', 1, '2020-08-20 12:18:07', '2020-08-20 12:18:07'),
(107, 6, 'updated', 'users', 6, '2020-08-20 12:18:32', '2020-08-20 12:18:32'),
(108, 1, 'updated', 'users', 1, '2020-08-20 12:19:08', '2020-08-20 12:19:08'),
(109, 6, 'updated', 'users', 6, '2020-08-20 12:19:49', '2020-08-20 12:19:49'),
(110, 1, 'updated', 'users', 3, '2020-09-01 10:01:32', '2020-09-01 10:01:32'),
(111, 2, 'updated', 'users', 2, '2020-09-02 10:10:38', '2020-09-02 10:10:38'),
(112, 1, 'updated', 'users', 1, '2020-09-02 10:11:54', '2020-09-02 10:11:54'),
(113, 2, 'created', 'productlist', 7, '2020-09-02 10:29:08', '2020-09-02 10:29:08'),
(114, 2, 'created', 'productlist', 8, '2020-09-02 10:30:25', '2020-09-02 10:30:25'),
(115, 2, 'created', 'productlist', 9, '2020-09-02 10:31:20', '2020-09-02 10:31:20'),
(116, 2, 'created', 'productlist', 10, '2020-09-02 10:32:53', '2020-09-02 10:32:53'),
(117, 2, 'created', 'productlist', 11, '2020-09-02 10:33:26', '2020-09-02 10:33:26'),
(118, 2, 'created', 'productlist', 12, '2020-09-02 10:34:39', '2020-09-02 10:34:39'),
(119, 2, 'updated', 'productlist', 10, '2020-09-02 10:34:48', '2020-09-02 10:34:48'),
(120, 2, 'updated', 'productlist', 11, '2020-09-02 10:34:58', '2020-09-02 10:34:58'),
(121, 2, 'created', 'productlist', 13, '2020-09-02 10:36:27', '2020-09-02 10:36:27'),
(122, 2, 'created', 'productlist', 14, '2020-09-02 10:38:35', '2020-09-02 10:38:35'),
(123, 2, 'created', 'productlist', 15, '2020-09-02 10:39:33', '2020-09-02 10:39:33'),
(124, 2, 'created', 'productlist', 16, '2020-09-02 10:40:26', '2020-09-02 10:40:26'),
(125, 2, 'created', 'productlist', 17, '2020-09-02 10:41:19', '2020-09-02 10:41:19'),
(126, 2, 'created', 'productlist', 18, '2020-09-02 10:44:42', '2020-09-02 10:44:42'),
(127, 3, 'updated', 'users', 3, '2020-09-02 11:46:43', '2020-09-02 11:46:43'),
(128, 1, 'updated', 'users', 6, '2020-09-02 13:47:21', '2020-09-02 13:47:21'),
(129, 1, 'updated', 'users', 1, '2020-09-02 13:47:26', '2020-09-02 13:47:26'),
(130, 3, 'updated', 'users', 3, '2020-09-02 13:48:59', '2020-09-02 13:48:59'),
(131, 3, 'updated', 'users', 3, '2020-09-02 13:50:43', '2020-09-02 13:50:43'),
(132, 6, 'updated', 'users', 6, '2020-09-02 13:51:39', '2020-09-02 13:51:39'),
(133, 2, 'updated', 'users', 2, '2020-09-02 13:52:13', '2020-09-02 13:52:13'),
(134, 1, 'updated', 'users', 1, '2020-09-02 13:59:23', '2020-09-02 13:59:23'),
(135, 2, 'updated', 'users', 2, '2020-09-02 14:17:07', '2020-09-02 14:17:07'),
(136, 1, 'created', 'approvers', 15, '2020-09-02 14:19:45', '2020-09-02 14:19:45'),
(137, 1, 'updated', 'users', 1, '2020-09-02 14:19:58', '2020-09-02 14:19:58'),
(138, 2, 'updated', 'users', 2, '2020-09-02 14:20:36', '2020-09-02 14:20:36'),
(139, 1, 'updated', 'users', 1, '2020-09-02 14:21:19', '2020-09-02 14:21:19'),
(140, 1, 'updated', 'users', 1, '2020-09-02 15:08:24', '2020-09-02 15:08:24'),
(141, 2, 'updated', 'users', 2, '2020-09-02 15:09:10', '2020-09-02 15:09:10'),
(142, 1, 'updated', 'users', 1, '2020-09-02 15:12:09', '2020-09-02 15:12:09'),
(143, 2, 'updated', 'users', 2, '2020-09-02 15:12:30', '2020-09-02 15:12:30'),
(144, 2, 'updated', 'users', 2, '2020-09-02 15:13:26', '2020-09-02 15:13:26'),
(145, 1, 'updated', 'users', 1, '2020-09-02 15:21:18', '2020-09-02 15:21:18'),
(146, 2, 'updated', 'warehouselist', 6, '2020-09-03 09:28:18', '2020-09-03 09:28:18'),
(147, 2, 'updated', 'users', 2, '2020-09-03 09:29:00', '2020-09-03 09:29:00'),
(148, 2, 'updated', 'users', 2, '2020-09-03 09:29:26', '2020-09-03 09:29:26'),
(149, 1, 'updated', 'warehouselist', 6, '2020-09-03 09:30:54', '2020-09-03 09:30:54'),
(150, 1, 'updated', 'users', 1, '2020-09-03 09:30:57', '2020-09-03 09:30:57'),
(151, 1, 'updated', 'warehouselist', 5, '2020-09-03 09:33:30', '2020-09-03 09:33:30'),
(152, 2, 'updated', 'users', 2, '2020-09-03 09:33:35', '2020-09-03 09:33:35'),
(153, 2, 'updated', 'users', 2, '2020-09-03 12:44:12', '2020-09-03 12:44:12'),
(154, 1, 'updated', 'productlist', 2, '2020-09-03 12:47:56', '2020-09-03 12:47:56'),
(155, 1, 'updated', 'productlist', 5, '2020-09-03 12:48:01', '2020-09-03 12:48:01'),
(156, 1, 'updated', 'warehouselist', 1, '2020-09-09 13:02:51', '2020-09-09 13:02:51'),
(157, 3, 'created', 'returns', 2, '2020-09-10 09:35:07', '2020-09-10 09:35:07'),
(158, 3, 'created', 'returns', 2, '2020-09-10 09:35:07', '2020-09-10 09:35:07'),
(159, 3, 'created', 'returns_details', 2, '2020-09-10 09:35:07', '2020-09-10 09:35:07'),
(160, 3, 'created', 'returns_details', 3, '2020-09-10 09:35:07', '2020-09-10 09:35:07'),
(161, 3, 'created', 'returns_details', 4, '2020-09-10 09:35:07', '2020-09-10 09:35:07'),
(162, 3, 'created', 'deliveries', 2, '2020-09-10 14:34:13', '2020-09-10 14:34:13'),
(163, 3, 'created', 'deliveries', 2, '2020-09-10 14:34:13', '2020-09-10 14:34:13'),
(164, 3, 'created', 'delivery_details', 2, '2020-09-10 14:34:13', '2020-09-10 14:34:13'),
(165, 3, 'created', 'delivery_details', 3, '2020-09-10 14:34:13', '2020-09-10 14:34:13'),
(166, 3, 'created', 'delivery_details', 4, '2020-09-10 14:34:13', '2020-09-10 14:34:13'),
(167, 3, 'created', 'delivery_details', 5, '2020-09-10 14:34:13', '2020-09-10 14:34:13'),
(168, 3, 'updated', 'users', 3, '2020-09-10 16:24:55', '2020-09-10 16:24:55'),
(169, 1, 'updated', 'productlist', 1, '2020-09-11 10:48:34', '2020-09-11 10:48:34'),
(170, 1, 'updated', 'productlist', 2, '2020-09-11 10:48:56', '2020-09-11 10:48:56'),
(171, 1, 'created', 'productlist', 19, '2020-09-11 10:50:34', '2020-09-11 10:50:34'),
(172, 1, 'updated', 'productlist', 7, '2020-09-11 10:51:12', '2020-09-11 10:51:12'),
(173, 1, 'created', 'productlist', 20, '2020-09-11 10:52:36', '2020-09-11 10:52:36'),
(174, 1, 'created', 'productlist', 21, '2020-09-11 12:22:44', '2020-09-11 12:22:44'),
(175, 1, 'created', 'productlist', 22, '2020-09-11 12:25:20', '2020-09-11 12:25:20'),
(176, 1, 'created', 'productlist', 23, '2020-09-11 12:26:06', '2020-09-11 12:26:06'),
(177, 1, 'created', 'productlist', 24, '2020-09-11 12:26:42', '2020-09-11 12:26:42'),
(178, 1, 'created', 'productlist', 25, '2020-09-11 12:30:15', '2020-09-11 12:30:15'),
(179, 1, 'created', 'productlist', 26, '2020-09-11 12:31:01', '2020-09-11 12:31:01'),
(180, 1, 'created', 'productlist', 27, '2020-09-11 12:32:22', '2020-09-11 12:32:22'),
(181, 1, 'created', 'productlist', 28, '2020-09-11 12:34:20', '2020-09-11 12:34:20'),
(182, 1, 'created', 'productlist', 29, '2020-09-11 12:35:26', '2020-09-11 12:35:26'),
(183, 1, 'created', 'productlist', 30, '2020-09-11 12:36:11', '2020-09-11 12:36:11'),
(184, 1, 'created', 'productlist', 31, '2020-09-11 12:36:52', '2020-09-11 12:36:52'),
(185, 1, 'created', 'productlist', 32, '2020-09-11 12:38:40', '2020-09-11 12:38:40'),
(186, 1, 'created', 'productlist', 33, '2020-09-11 12:39:40', '2020-09-11 12:39:40'),
(187, 1, 'created', 'productlist', 34, '2020-09-11 12:40:22', '2020-09-11 12:40:22'),
(188, 1, 'created', 'productlist', 35, '2020-09-11 12:40:57', '2020-09-11 12:40:57'),
(189, 1, 'created', 'productlist', 36, '2020-09-11 12:42:09', '2020-09-11 12:42:09'),
(190, 1, 'created', 'productlist', 37, '2020-09-11 12:42:27', '2020-09-11 12:42:27'),
(191, 1, 'created', 'productlist', 38, '2020-09-11 12:43:00', '2020-09-11 12:43:00'),
(192, 1, 'created', 'productlist', 39, '2020-09-11 12:43:31', '2020-09-11 12:43:31'),
(193, 1, 'created', 'productlist', 40, '2020-09-11 12:44:02', '2020-09-11 12:44:02'),
(194, 1, 'created', 'productlist', 41, '2020-09-11 12:44:29', '2020-09-11 12:44:29'),
(195, 1, 'created', 'productlist', 42, '2020-09-11 12:45:05', '2020-09-11 12:45:05'),
(196, 1, 'created', 'productlist', 43, '2020-09-11 12:45:53', '2020-09-11 12:45:53'),
(197, 1, 'created', 'productlist', 44, '2020-09-11 12:46:43', '2020-09-11 12:46:43'),
(198, 1, 'created', 'productlist', 45, '2020-09-11 12:47:19', '2020-09-11 12:47:19'),
(199, 1, 'created', 'productlist', 46, '2020-09-11 12:48:05', '2020-09-11 12:48:05'),
(200, 1, 'created', 'productlist', 47, '2020-09-11 12:48:35', '2020-09-11 12:48:35'),
(201, 1, 'created', 'productlist', 48, '2020-09-11 12:49:03', '2020-09-11 12:49:03'),
(202, 1, 'created', 'productlist', 49, '2020-09-11 12:49:36', '2020-09-11 12:49:36'),
(203, 1, 'created', 'productlist', 50, '2020-09-11 12:50:15', '2020-09-11 12:50:15'),
(204, 1, 'created', 'productlist', 51, '2020-09-11 12:50:43', '2020-09-11 12:50:43'),
(205, 1, 'created', 'productlist', 52, '2020-09-11 12:51:10', '2020-09-11 12:51:10'),
(206, 1, 'created', 'productlist', 53, '2020-09-11 12:51:44', '2020-09-11 12:51:44'),
(207, 1, 'created', 'productlist', 54, '2020-09-11 12:52:20', '2020-09-11 12:52:20'),
(208, 1, 'created', 'productlist', 55, '2020-09-11 12:52:49', '2020-09-11 12:52:49'),
(209, 1, 'created', 'productlist', 56, '2020-09-11 12:53:28', '2020-09-11 12:53:28'),
(210, 1, 'created', 'productlist', 57, '2020-09-11 12:53:56', '2020-09-11 12:53:56'),
(211, 1, 'created', 'productlist', 58, '2020-09-11 12:54:20', '2020-09-11 12:54:20'),
(212, 1, 'created', 'productlist', 59, '2020-09-11 12:54:45', '2020-09-11 12:54:45'),
(213, 1, 'created', 'productlist', 60, '2020-09-11 12:55:11', '2020-09-11 12:55:11'),
(214, 1, 'created', 'productlist', 61, '2020-09-11 12:55:38', '2020-09-11 12:55:38'),
(215, 1, 'created', 'productlist', 62, '2020-09-11 12:56:10', '2020-09-11 12:56:10'),
(216, 1, 'created', 'productlist', 63, '2020-09-11 12:56:37', '2020-09-11 12:56:37'),
(217, 1, 'created', 'productlist', 64, '2020-09-11 12:57:01', '2020-09-11 12:57:01'),
(218, 1, 'created', 'productlist', 65, '2020-09-11 12:57:40', '2020-09-11 12:57:40'),
(219, 1, 'created', 'productlist', 66, '2020-09-11 12:58:10', '2020-09-11 12:58:10'),
(220, 1, 'created', 'productlist', 67, '2020-09-11 12:58:33', '2020-09-11 12:58:33'),
(221, 1, 'created', 'productlist', 68, '2020-09-11 12:58:39', '2020-09-11 12:58:39'),
(222, 1, 'created', 'productlist', 69, '2020-09-11 12:59:09', '2020-09-11 12:59:09'),
(223, 1, 'created', 'productlist', 70, '2020-09-11 12:59:46', '2020-09-11 12:59:46'),
(224, 1, 'created', 'productlist', 71, '2020-09-11 13:00:21', '2020-09-11 13:00:21'),
(225, 1, 'created', 'productlist', 72, '2020-09-11 13:00:51', '2020-09-11 13:00:51'),
(226, 1, 'created', 'productlist', 73, '2020-09-11 13:01:32', '2020-09-11 13:01:32'),
(227, 1, 'created', 'productlist', 74, '2020-09-11 13:02:08', '2020-09-11 13:02:08'),
(228, 1, 'created', 'productlist', 75, '2020-09-11 13:02:38', '2020-09-11 13:02:38'),
(229, 1, 'created', 'productlist', 76, '2020-09-11 13:04:02', '2020-09-11 13:04:02'),
(230, 1, 'created', 'productlist', 77, '2020-09-11 13:04:35', '2020-09-11 13:04:35'),
(231, 1, 'created', 'productlist', 78, '2020-09-11 13:05:12', '2020-09-11 13:05:12'),
(232, 1, 'created', 'productlist', 79, '2020-09-11 13:05:48', '2020-09-11 13:05:48'),
(233, 1, 'created', 'productlist', 80, '2020-09-11 13:06:45', '2020-09-11 13:06:45'),
(234, 1, 'created', 'productlist', 81, '2020-09-11 13:07:11', '2020-09-11 13:07:11'),
(235, 1, 'created', 'productlist', 82, '2020-09-11 13:07:44', '2020-09-11 13:07:44'),
(236, 1, 'created', 'productlist', 83, '2020-09-11 13:08:29', '2020-09-11 13:08:29'),
(237, 1, 'created', 'productlist', 84, '2020-09-11 13:09:11', '2020-09-11 13:09:11'),
(238, 1, 'created', 'productlist', 85, '2020-09-11 13:09:38', '2020-09-11 13:09:38'),
(239, 1, 'created', 'productlist', 86, '2020-09-11 13:10:33', '2020-09-11 13:10:33'),
(240, 1, 'created', 'productlist', 87, '2020-09-11 13:11:04', '2020-09-11 13:11:04'),
(241, 1, 'created', 'productlist', 88, '2020-09-11 13:12:26', '2020-09-11 13:12:26'),
(242, 1, 'created', 'productlist', 89, '2020-09-11 13:13:55', '2020-09-11 13:13:55'),
(243, 1, 'created', 'productlist', 90, '2020-09-11 13:14:44', '2020-09-11 13:14:44'),
(244, 1, 'created', 'productlist', 91, '2020-09-11 13:15:46', '2020-09-11 13:15:46'),
(245, 1, 'updated', 'productlist', 5, '2020-09-11 13:16:41', '2020-09-11 13:16:41'),
(246, 1, 'created', 'productlist', 92, '2020-09-11 13:18:50', '2020-09-11 13:18:50'),
(247, 1, 'created', 'productlist', 93, '2020-09-11 13:19:22', '2020-09-11 13:19:22'),
(248, 1, 'updated', 'productlist', 6, '2020-09-11 13:20:25', '2020-09-11 13:20:25'),
(249, 1, 'created', 'productlist', 94, '2020-09-11 13:20:56', '2020-09-11 13:20:56'),
(250, 1, 'created', 'productlist', 95, '2020-09-11 13:21:41', '2020-09-11 13:21:41'),
(251, 1, 'created', 'productlist', 96, '2020-09-11 13:22:04', '2020-09-11 13:22:04'),
(252, 1, 'created', 'productlist', 97, '2020-09-11 13:22:32', '2020-09-11 13:22:32'),
(253, 1, 'created', 'productlist', 98, '2020-09-11 13:23:03', '2020-09-11 13:23:03'),
(254, 1, 'created', 'productlist', 99, '2020-09-11 13:23:45', '2020-09-11 13:23:45'),
(255, 1, 'created', 'productlist', 100, '2020-09-11 13:24:11', '2020-09-11 13:24:11'),
(256, 1, 'updated', 'productlist', 10, '2020-09-11 13:24:29', '2020-09-11 13:24:29'),
(257, 1, 'created', 'productlist', 101, '2020-09-11 13:26:44', '2020-09-11 13:26:44'),
(258, 1, 'updated', 'productlist', 11, '2020-09-11 13:27:28', '2020-09-11 13:27:28'),
(259, 1, 'updated', 'productlist', 8, '2020-09-11 13:30:31', '2020-09-11 13:30:31'),
(260, 1, 'updated', 'productlist', 12, '2020-09-11 13:31:25', '2020-09-11 13:31:25'),
(261, 1, 'updated', 'productlist', 13, '2020-09-11 13:37:42', '2020-09-11 13:37:42'),
(262, 1, 'updated', 'productlist', 14, '2020-09-11 13:38:08', '2020-09-11 13:38:08'),
(263, 1, 'updated', 'productlist', 15, '2020-09-11 13:38:47', '2020-09-11 13:38:47'),
(264, 1, 'updated', 'productlist', 16, '2020-09-11 13:39:17', '2020-09-11 13:39:17'),
(265, 1, 'created', 'productlist', 102, '2020-09-11 13:40:31', '2020-09-11 13:40:31'),
(266, 1, 'created', 'productlist', 103, '2020-09-11 13:41:15', '2020-09-11 13:41:15'),
(267, 1, 'created', 'productlist', 104, '2020-09-11 13:41:57', '2020-09-11 13:41:57'),
(268, 1, 'created', 'productlist', 105, '2020-09-11 13:42:54', '2020-09-11 13:42:54'),
(269, 1, 'created', 'productlist', 106, '2020-09-11 13:43:51', '2020-09-11 13:43:51'),
(270, 1, 'created', 'productlist', 107, '2020-09-11 13:44:24', '2020-09-11 13:44:24'),
(271, 1, 'created', 'productlist', 108, '2020-09-11 13:44:59', '2020-09-11 13:44:59'),
(272, 1, 'created', 'productlist', 109, '2020-09-11 13:45:27', '2020-09-11 13:45:27'),
(273, 1, 'created', 'productlist', 110, '2020-09-11 13:45:58', '2020-09-11 13:45:58'),
(274, 1, 'created', 'productlist', 111, '2020-09-11 13:46:25', '2020-09-11 13:46:25'),
(275, 1, 'created', 'productlist', 112, '2020-09-11 13:47:22', '2020-09-11 13:47:22'),
(276, 1, 'created', 'productlist', 113, '2020-09-11 13:52:08', '2020-09-11 13:52:08'),
(277, 1, 'created', 'productlist', 114, '2020-09-11 13:52:36', '2020-09-11 13:52:36'),
(278, 1, 'created', 'productlist', 115, '2020-09-11 13:53:02', '2020-09-11 13:53:02'),
(279, 1, 'created', 'productlist', 116, '2020-09-11 13:53:47', '2020-09-11 13:53:47'),
(280, 1, 'created', 'productlist', 117, '2020-09-11 13:54:29', '2020-09-11 13:54:29'),
(281, 1, 'created', 'productlist', 118, '2020-09-11 13:55:11', '2020-09-11 13:55:11'),
(282, 1, 'created', 'productlist', 119, '2020-09-11 13:55:50', '2020-09-11 13:55:50'),
(283, 1, 'updated', 'productlist', 3, '2020-09-11 13:56:21', '2020-09-11 13:56:21'),
(284, 1, 'updated', 'productlist', 4, '2020-09-11 13:56:56', '2020-09-11 13:56:56'),
(285, 1, 'updated', 'productlist', 9, '2020-09-11 13:57:32', '2020-09-11 13:57:32'),
(286, 1, 'updated', 'productlist', 4, '2020-09-11 13:57:56', '2020-09-11 13:57:56'),
(287, 1, 'updated', 'productlist', 17, '2020-09-11 13:58:38', '2020-09-11 13:58:38'),
(288, 1, 'updated', 'productlist', 18, '2020-09-11 13:58:49', '2020-09-11 13:58:49'),
(289, 1, 'created', 'productlist', 120, '2020-09-11 14:00:20', '2020-09-11 14:00:20'),
(290, 1, 'created', 'productlist', 121, '2020-09-11 14:01:07', '2020-09-11 14:01:07'),
(291, 1, 'created', 'productlist', 122, '2020-09-11 14:02:05', '2020-09-11 14:02:05'),
(292, 1, 'created', 'productlist', 123, '2020-09-11 14:02:41', '2020-09-11 14:02:41'),
(293, 3, 'updated', 'users', 3, '2020-09-11 15:48:02', '2020-09-11 15:48:02'),
(294, 1, 'updated', 'warehouselist', 6, '2020-09-11 15:49:20', '2020-09-11 15:49:20'),
(295, 1, 'updated', 'warehouselist', 6, '2020-09-11 15:52:34', '2020-09-11 15:52:34'),
(296, 1, 'updated', 'users', 1, '2020-09-11 16:18:01', '2020-09-11 16:18:01'),
(297, 1, 'updated', 'productlist', 19, '2020-09-16 08:54:59', '2020-09-16 08:54:59'),
(298, 1, 'updated', 'productlist', 20, '2020-09-16 08:55:37', '2020-09-16 08:55:37'),
(299, 1, 'updated', 'productlist', 21, '2020-09-16 08:55:55', '2020-09-16 08:55:55'),
(300, 1, 'updated', 'productlist', 22, '2020-09-16 08:56:37', '2020-09-16 08:56:37'),
(301, 1, 'updated', 'productlist', 23, '2020-09-16 08:56:53', '2020-09-16 08:56:53'),
(302, 1, 'updated', 'productlist', 24, '2020-09-16 08:57:20', '2020-09-16 08:57:20'),
(303, 1, 'updated', 'productlist', 25, '2020-09-16 08:57:36', '2020-09-16 08:57:36'),
(304, 1, 'updated', 'productlist', 26, '2020-09-16 08:57:56', '2020-09-16 08:57:56'),
(305, 1, 'updated', 'productlist', 27, '2020-09-16 08:58:10', '2020-09-16 08:58:10'),
(306, 1, 'updated', 'productlist', 28, '2020-09-16 08:58:48', '2020-09-16 08:58:48'),
(307, 1, 'updated', 'productlist', 29, '2020-09-16 08:59:05', '2020-09-16 08:59:05'),
(308, 1, 'updated', 'productlist', 30, '2020-09-16 08:59:22', '2020-09-16 08:59:22'),
(309, 1, 'updated', 'productlist', 31, '2020-09-16 08:59:35', '2020-09-16 08:59:35'),
(310, 1, 'updated', 'productlist', 32, '2020-09-16 08:59:51', '2020-09-16 08:59:51'),
(311, 1, 'updated', 'productlist', 33, '2020-09-16 09:00:37', '2020-09-16 09:00:37'),
(312, 1, 'updated', 'productlist', 34, '2020-09-16 09:00:52', '2020-09-16 09:00:52'),
(313, 1, 'updated', 'productlist', 35, '2020-09-16 09:01:26', '2020-09-16 09:01:26'),
(314, 1, 'updated', 'productlist', 37, '2020-09-16 09:02:37', '2020-09-16 09:02:37'),
(315, 1, 'updated', 'productlist', 36, '2020-09-16 09:02:55', '2020-09-16 09:02:55'),
(316, 1, 'updated', 'productlist', 38, '2020-09-16 09:03:45', '2020-09-16 09:03:45'),
(317, 1, 'updated', 'productlist', 39, '2020-09-16 09:04:02', '2020-09-16 09:04:02'),
(318, 1, 'updated', 'productlist', 40, '2020-09-16 09:04:27', '2020-09-16 09:04:27'),
(319, 1, 'updated', 'productlist', 41, '2020-09-16 09:06:01', '2020-09-16 09:06:01'),
(320, 1, 'updated', 'productlist', 42, '2020-09-16 09:06:26', '2020-09-16 09:06:26'),
(321, 1, 'updated', 'productlist', 43, '2020-09-16 09:06:44', '2020-09-16 09:06:44'),
(322, 1, 'updated', 'productlist', 44, '2020-09-16 09:07:01', '2020-09-16 09:07:01'),
(323, 1, 'updated', 'productlist', 45, '2020-09-16 09:07:16', '2020-09-16 09:07:16'),
(324, 1, 'updated', 'productlist', 46, '2020-09-16 09:07:30', '2020-09-16 09:07:30'),
(325, 1, 'updated', 'productlist', 47, '2020-09-16 09:07:49', '2020-09-16 09:07:49'),
(326, 1, 'updated', 'productlist', 48, '2020-09-16 09:09:47', '2020-09-16 09:09:47'),
(327, 1, 'updated', 'productlist', 49, '2020-09-16 09:10:09', '2020-09-16 09:10:09'),
(328, 1, 'updated', 'productlist', 50, '2020-09-16 09:10:26', '2020-09-16 09:10:26'),
(329, 1, 'updated', 'productlist', 51, '2020-09-16 09:10:46', '2020-09-16 09:10:46'),
(330, 1, 'updated', 'productlist', 52, '2020-09-16 09:11:11', '2020-09-16 09:11:11'),
(331, 1, 'updated', 'productlist', 53, '2020-09-16 09:11:26', '2020-09-16 09:11:26'),
(332, 1, 'updated', 'productlist', 54, '2020-09-16 09:11:37', '2020-09-16 09:11:37'),
(333, 1, 'updated', 'productlist', 55, '2020-09-16 09:11:49', '2020-09-16 09:11:49'),
(334, 1, 'updated', 'productlist', 56, '2020-09-16 09:12:03', '2020-09-16 09:12:03'),
(335, 1, 'updated', 'productlist', 57, '2020-09-16 09:12:26', '2020-09-16 09:12:26'),
(336, 1, 'updated', 'productlist', 58, '2020-09-16 09:12:39', '2020-09-16 09:12:39'),
(337, 1, 'updated', 'productlist', 59, '2020-09-16 09:12:52', '2020-09-16 09:12:52'),
(338, 1, 'updated', 'productlist', 60, '2020-09-16 09:13:08', '2020-09-16 09:13:08'),
(339, 1, 'updated', 'productlist', 61, '2020-09-16 09:13:19', '2020-09-16 09:13:19'),
(340, 1, 'updated', 'productlist', 62, '2020-09-16 09:13:35', '2020-09-16 09:13:35'),
(341, 1, 'updated', 'productlist', 63, '2020-09-16 09:13:50', '2020-09-16 09:13:50'),
(342, 1, 'updated', 'productlist', 64, '2020-09-16 09:14:01', '2020-09-16 09:14:01'),
(343, 1, 'updated', 'productlist', 65, '2020-09-16 09:14:12', '2020-09-16 09:14:12'),
(344, 1, 'updated', 'productlist', 66, '2020-09-16 09:14:23', '2020-09-16 09:14:23'),
(345, 1, 'updated', 'productlist', 67, '2020-09-16 09:14:40', '2020-09-16 09:14:40'),
(346, 1, 'updated', 'productlist', 68, '2020-09-16 09:15:15', '2020-09-16 09:15:15'),
(347, 1, 'updated', 'productlist', 69, '2020-09-16 09:15:38', '2020-09-16 09:15:38'),
(348, 1, 'updated', 'productlist', 70, '2020-09-16 09:15:51', '2020-09-16 09:15:51'),
(349, 1, 'updated', 'productlist', 71, '2020-09-16 09:16:10', '2020-09-16 09:16:10'),
(350, 1, 'updated', 'productlist', 72, '2020-09-16 09:16:31', '2020-09-16 09:16:31'),
(351, 1, 'updated', 'productlist', 73, '2020-09-16 09:16:45', '2020-09-16 09:16:45'),
(352, 1, 'updated', 'productlist', 74, '2020-09-16 09:17:01', '2020-09-16 09:17:01'),
(353, 1, 'updated', 'productlist', 75, '2020-09-16 09:17:14', '2020-09-16 09:17:14'),
(354, 1, 'updated', 'productlist', 76, '2020-09-16 09:17:30', '2020-09-16 09:17:30'),
(355, 1, 'updated', 'productlist', 77, '2020-09-16 09:17:42', '2020-09-16 09:17:42'),
(356, 1, 'updated', 'productlist', 78, '2020-09-16 09:17:55', '2020-09-16 09:17:55'),
(357, 1, 'updated', 'productlist', 79, '2020-09-16 09:18:16', '2020-09-16 09:18:16'),
(358, 1, 'updated', 'productlist', 80, '2020-09-16 09:18:29', '2020-09-16 09:18:29'),
(359, 1, 'updated', 'productlist', 81, '2020-09-16 09:18:52', '2020-09-16 09:18:52'),
(360, 1, 'updated', 'productlist', 82, '2020-09-16 09:19:09', '2020-09-16 09:19:09'),
(361, 1, 'updated', 'productlist', 83, '2020-09-16 09:19:23', '2020-09-16 09:19:23'),
(362, 1, 'updated', 'productlist', 84, '2020-09-16 09:19:33', '2020-09-16 09:19:33'),
(363, 1, 'updated', 'productlist', 85, '2020-09-16 09:19:45', '2020-09-16 09:19:45'),
(364, 1, 'updated', 'productlist', 86, '2020-09-16 09:19:56', '2020-09-16 09:19:56'),
(365, 1, 'updated', 'productlist', 87, '2020-09-16 09:20:15', '2020-09-16 09:20:15'),
(366, 1, 'updated', 'productlist', 88, '2020-09-16 09:20:28', '2020-09-16 09:20:28'),
(367, 1, 'updated', 'productlist', 89, '2020-09-16 09:20:39', '2020-09-16 09:20:39'),
(368, 1, 'updated', 'productlist', 90, '2020-09-16 09:20:56', '2020-09-16 09:20:56'),
(369, 1, 'updated', 'productlist', 91, '2020-09-16 09:21:17', '2020-09-16 09:21:17'),
(370, 1, 'updated', 'productlist', 92, '2020-09-16 09:21:36', '2020-09-16 09:21:36'),
(371, 1, 'updated', 'productlist', 93, '2020-09-16 09:21:49', '2020-09-16 09:21:49'),
(372, 1, 'updated', 'productlist', 94, '2020-09-16 09:22:00', '2020-09-16 09:22:00'),
(373, 1, 'updated', 'productlist', 95, '2020-09-16 09:22:28', '2020-09-16 09:22:28'),
(374, 1, 'updated', 'productlist', 96, '2020-09-16 09:22:44', '2020-09-16 09:22:44'),
(375, 1, 'updated', 'productlist', 97, '2020-09-16 09:23:04', '2020-09-16 09:23:04'),
(376, 1, 'updated', 'productlist', 98, '2020-09-16 09:23:26', '2020-09-16 09:23:26'),
(377, 1, 'updated', 'productlist', 101, '2020-09-16 09:24:10', '2020-09-16 09:24:10'),
(378, 1, 'updated', 'productlist', 102, '2020-09-16 09:24:35', '2020-09-16 09:24:35'),
(379, 1, 'updated', 'productlist', 103, '2020-09-16 09:24:53', '2020-09-16 09:24:53'),
(380, 1, 'updated', 'productlist', 104, '2020-09-16 09:25:04', '2020-09-16 09:25:04'),
(381, 1, 'updated', 'productlist', 105, '2020-09-16 09:25:19', '2020-09-16 09:25:19'),
(382, 1, 'updated', 'productlist', 105, '2020-09-16 09:25:30', '2020-09-16 09:25:30'),
(383, 1, 'updated', 'productlist', 106, '2020-09-16 09:25:49', '2020-09-16 09:25:49'),
(384, 1, 'updated', 'productlist', 107, '2020-09-16 09:26:08', '2020-09-16 09:26:08'),
(385, 1, 'updated', 'productlist', 108, '2020-09-16 09:26:21', '2020-09-16 09:26:21'),
(386, 1, 'updated', 'productlist', 109, '2020-09-16 09:26:35', '2020-09-16 09:26:35'),
(387, 1, 'updated', 'productlist', 110, '2020-09-16 09:26:49', '2020-09-16 09:26:49'),
(388, 1, 'updated', 'productlist', 111, '2020-09-16 09:27:02', '2020-09-16 09:27:02'),
(389, 1, 'updated', 'productlist', 112, '2020-09-16 09:27:14', '2020-09-16 09:27:14'),
(390, 1, 'updated', 'productlist', 113, '2020-09-16 09:27:27', '2020-09-16 09:27:27'),
(391, 1, 'updated', 'productlist', 114, '2020-09-16 09:27:49', '2020-09-16 09:27:49'),
(392, 1, 'updated', 'productlist', 115, '2020-09-16 09:28:02', '2020-09-16 09:28:02'),
(393, 1, 'updated', 'productlist', 116, '2020-09-16 09:28:25', '2020-09-16 09:28:25'),
(394, 1, 'updated', 'productlist', 117, '2020-09-16 09:29:08', '2020-09-16 09:29:08'),
(395, 1, 'updated', 'productlist', 118, '2020-09-16 09:29:23', '2020-09-16 09:29:23'),
(396, 1, 'updated', 'productlist', 119, '2020-09-16 09:29:41', '2020-09-16 09:29:41'),
(397, 1, 'updated', 'productlist', 120, '2020-09-16 09:30:13', '2020-09-16 09:30:13'),
(398, 1, 'updated', 'productlist', 121, '2020-09-16 09:30:35', '2020-09-16 09:30:35'),
(399, 1, 'updated', 'productlist', 122, '2020-09-16 09:30:53', '2020-09-16 09:30:53'),
(400, 1, 'updated', 'productlist', 123, '2020-09-16 09:31:05', '2020-09-16 09:31:05'),
(401, 1, 'created', 'inventoryadjustments', 3, '2020-09-16 09:34:02', '2020-09-16 09:34:02'),
(402, 1, 'created', 'inventoryadjustments', 3, '2020-09-16 09:34:02', '2020-09-16 09:34:02'),
(403, 1, 'updated', 'inventoryadjustments', 3, '2020-09-16 09:34:29', '2020-09-16 09:34:29'),
(404, 1, 'updated', 'users', 1, '2020-09-16 09:36:39', '2020-09-16 09:36:39'),
(405, 1, 'created', 'inventoryadjustments', 4, '2020-09-16 09:50:50', '2020-09-16 09:50:50'),
(406, 1, 'created', 'inventoryadjustments', 4, '2020-09-16 09:50:50', '2020-09-16 09:50:50'),
(407, 1, 'created', 'inventoryadjustments', 5, '2020-09-16 10:06:48', '2020-09-16 10:06:48'),
(408, 1, 'created', 'inventoryadjustments', 5, '2020-09-16 10:06:48', '2020-09-16 10:06:48'),
(409, 1, 'created', 'inventoryadjustments', 6, '2020-09-16 10:10:04', '2020-09-16 10:10:04'),
(410, 1, 'created', 'inventoryadjustments', 6, '2020-09-16 10:10:04', '2020-09-16 10:10:04'),
(411, 1, 'updated', 'inventoryadjustments', 4, '2020-09-16 10:10:19', '2020-09-16 10:10:19'),
(412, 1, 'updated', 'inventoryadjustments', 5, '2020-09-16 10:10:31', '2020-09-16 10:10:31'),
(413, 1, 'updated', 'inventoryadjustments', 6, '2020-09-16 10:11:11', '2020-09-16 10:11:11'),
(414, 1, 'created', 'inventoryadjustments', 7, '2020-09-16 10:11:38', '2020-09-16 10:11:38'),
(415, 1, 'created', 'inventoryadjustments', 7, '2020-09-16 10:11:38', '2020-09-16 10:11:38'),
(416, 1, 'updated', 'inventoryadjustments', 7, '2020-09-16 10:11:47', '2020-09-16 10:11:47'),
(417, 1, 'created', 'inventoryadjustments', 8, '2020-09-16 10:13:40', '2020-09-16 10:13:40'),
(418, 1, 'created', 'inventoryadjustments', 8, '2020-09-16 10:13:40', '2020-09-16 10:13:40'),
(419, 1, 'updated', 'inventoryadjustments', 8, '2020-09-16 10:13:50', '2020-09-16 10:13:50'),
(420, 1, 'updated', 'deliveries', 2, '2020-09-16 10:14:48', '2020-09-16 10:14:48'),
(421, 1, 'updated', 'delivery_details', 2, '2020-09-16 10:14:48', '2020-09-16 10:14:48'),
(422, 1, 'updated', 'delivery_details', 3, '2020-09-16 10:14:48', '2020-09-16 10:14:48'),
(423, 1, 'updated', 'delivery_details', 4, '2020-09-16 10:14:48', '2020-09-16 10:14:48'),
(424, 1, 'updated', 'delivery_details', 5, '2020-09-16 10:14:48', '2020-09-16 10:14:48'),
(425, 1, 'updated', 'deliveries', 1, '2020-09-16 10:15:02', '2020-09-16 10:15:02'),
(426, 1, 'updated', 'delivery_details', 1, '2020-09-16 10:15:02', '2020-09-16 10:15:02'),
(427, 3, 'updated', 'users', 3, '2020-09-16 10:53:15', '2020-09-16 10:53:15'),
(428, 3, 'created', 'receiving', 1, '2020-09-17 08:54:12', '2020-09-17 08:54:12'),
(429, 3, 'created', 'receiving', 1, '2020-09-17 08:54:12', '2020-09-17 08:54:12'),
(430, 3, 'created', 'receiving_details', 1, '2020-09-17 08:54:12', '2020-09-17 08:54:12'),
(431, 3, 'created', 'receiving_details', 2, '2020-09-17 08:54:12', '2020-09-17 08:54:12'),
(432, 3, 'created', 'receiving_details', 3, '2020-09-17 08:54:12', '2020-09-17 08:54:12'),
(433, 3, 'created', 'receiving_details', 4, '2020-09-17 08:54:12', '2020-09-17 08:54:12'),
(434, 2, 'updated', 'users', 2, '2020-09-17 10:25:20', '2020-09-17 10:25:20'),
(435, 1, 'updated', 'users', 6, '2020-09-17 10:28:52', '2020-09-17 10:28:52'),
(436, 1, 'updated', 'users', 1, '2020-09-17 10:28:55', '2020-09-17 10:28:55'),
(437, 1, 'created', 'transactions', 1, '2020-09-17 15:25:47', '2020-09-17 15:25:47'),
(438, 1, 'created', 'transactions', 1, '2020-09-17 15:25:47', '2020-09-17 15:25:47'),
(439, 2, 'created', 'transactions', 2, '2020-09-17 15:38:01', '2020-09-17 15:38:01'),
(440, 2, 'created', 'transactions', 2, '2020-09-17 15:38:01', '2020-09-17 15:38:01'),
(441, 3, 'updated', 'users', 3, '2020-09-24 10:58:59', '2020-09-24 10:58:59'),
(442, 1, 'created', 'users', 7, '2020-10-30 09:18:43', '2020-10-30 09:18:43'),
(443, 1, 'updated', 'warehouselist', 6, '2020-10-30 09:20:23', '2020-10-30 09:20:23'),
(444, 1, 'updated', 'productlist', 4, '2020-10-30 09:54:34', '2020-10-30 09:54:34'),
(445, 1, 'updated', 'productlist', 4, '2020-10-30 09:54:43', '2020-10-30 09:54:43'),
(446, 7, 'created', 'transactions', 3, '2020-10-30 09:55:39', '2020-10-30 09:55:39'),
(447, 7, 'created', 'transactions', 3, '2020-10-30 09:55:39', '2020-10-30 09:55:39'),
(448, 1, 'updated', 'productlist', 54, '2020-10-30 09:57:52', '2020-10-30 09:57:52'),
(449, 7, 'created', 'transactions', 4, '2020-10-30 09:58:42', '2020-10-30 09:58:42'),
(450, 7, 'created', 'transactions', 4, '2020-10-30 09:58:42', '2020-10-30 09:58:42'),
(451, 1, 'updated', 'transactions', 4, '2020-10-30 09:59:25', '2020-10-30 09:59:25'),
(452, 1, 'updated', 'transactions', 3, '2020-10-30 09:59:33', '2020-10-30 09:59:33'),
(453, 1, 'updated', 'users', 1, '2020-10-30 10:11:53', '2020-10-30 10:11:53'),
(454, 1, 'created', 'deliveries', 3, '2020-10-30 10:27:51', '2020-10-30 10:27:51'),
(455, 1, 'created', 'deliveries', 3, '2020-10-30 10:27:51', '2020-10-30 10:27:51'),
(456, 1, 'created', 'delivery_details', 6, '2020-10-30 10:27:51', '2020-10-30 10:27:51'),
(457, 1, 'created', 'delivery_details', 7, '2020-10-30 10:27:51', '2020-10-30 10:27:51'),
(458, 1, 'updated', 'deliveries', 3, '2020-10-30 10:33:05', '2020-10-30 10:33:05'),
(459, 1, 'updated', 'delivery_details', 6, '2020-10-30 10:33:05', '2020-10-30 10:33:05'),
(460, 1, 'updated', 'delivery_details', 7, '2020-10-30 10:33:05', '2020-10-30 10:33:05'),
(461, 1, 'created', 'receiving', 2, '2020-10-30 10:37:48', '2020-10-30 10:37:48'),
(462, 1, 'created', 'receiving', 2, '2020-10-30 10:37:48', '2020-10-30 10:37:48'),
(463, 1, 'created', 'receiving_details', 5, '2020-10-30 10:37:48', '2020-10-30 10:37:48'),
(464, 1, 'created', 'receiving_details', 6, '2020-10-30 10:37:48', '2020-10-30 10:37:48'),
(465, 1, 'updated', 'users', 1, '2020-10-30 10:40:14', '2020-10-30 10:40:14'),
(466, 1, 'updated', 'users', 1, '2020-10-30 10:42:05', '2020-10-30 10:42:05'),
(467, 1, 'created', 'receiving', 3, '2020-10-30 10:45:26', '2020-10-30 10:45:26'),
(468, 1, 'created', 'receiving', 3, '2020-10-30 10:45:26', '2020-10-30 10:45:26'),
(469, 1, 'created', 'receiving_details', 7, '2020-10-30 10:45:26', '2020-10-30 10:45:26'),
(470, 1, 'created', 'receiving_details', 8, '2020-10-30 10:45:26', '2020-10-30 10:45:26'),
(471, 1, 'updated', 'users', 1, '2020-10-30 10:47:58', '2020-10-30 10:47:58'),
(472, 1, 'created', 'approvers', 16, '2020-10-30 10:49:24', '2020-10-30 10:49:24'),
(473, 1, 'updated', 'users', 1, '2020-10-30 10:49:27', '2020-10-30 10:49:27'),
(474, 1, 'updated', 'users', 1, '2020-10-30 10:49:56', '2020-10-30 10:49:56'),
(475, 1, 'updated', 'receiving', 3, '2020-10-30 12:09:41', '2020-10-30 12:09:41'),
(476, 1, 'updated', 'deliveries', 3, '2020-10-30 12:09:41', '2020-10-30 12:09:41'),
(477, 1, 'updated', 'users', 1, '2020-10-30 12:22:03', '2020-10-30 12:22:03'),
(478, 1, 'updated', 'users', 1, '2020-10-30 12:23:31', '2020-10-30 12:23:31'),
(479, 7, 'created', 'replenishments', 1, '2020-10-30 12:26:36', '2020-10-30 12:26:36'),
(480, 7, 'created', 'replenishments', 1, '2020-10-30 12:26:36', '2020-10-30 12:26:36'),
(481, 7, 'created', 'replenishments_details', 1, '2020-10-30 12:26:36', '2020-10-30 12:26:36'),
(482, 7, 'created', 'replenishments_details', 2, '2020-10-30 12:26:36', '2020-10-30 12:26:36'),
(483, 7, 'updated', 'users', 7, '2020-10-30 12:27:38', '2020-10-30 12:27:38'),
(484, 1, 'created', 'deliveries', 4, '2020-10-30 12:29:19', '2020-10-30 12:29:19'),
(485, 1, 'created', 'deliveries', 4, '2020-10-30 12:29:19', '2020-10-30 12:29:19'),
(486, 1, 'created', 'delivery_details', 8, '2020-10-30 12:29:19', '2020-10-30 12:29:19'),
(487, 1, 'created', 'delivery_details', 9, '2020-10-30 12:29:19', '2020-10-30 12:29:19'),
(488, 1, 'updated', 'deliveries', 4, '2020-10-30 12:30:04', '2020-10-30 12:30:04'),
(489, 1, 'updated', 'delivery_details', 8, '2020-10-30 12:30:04', '2020-10-30 12:30:04'),
(490, 1, 'updated', 'delivery_details', 9, '2020-10-30 12:30:04', '2020-10-30 12:30:04'),
(491, 1, 'updated', 'users', 1, '2020-10-30 12:31:46', '2020-10-30 12:31:46'),
(492, 7, 'created', 'receiving', 4, '2020-10-30 12:33:47', '2020-10-30 12:33:47'),
(493, 7, 'created', 'receiving', 4, '2020-10-30 12:33:47', '2020-10-30 12:33:47'),
(494, 7, 'created', 'receiving_details', 9, '2020-10-30 12:33:47', '2020-10-30 12:33:47'),
(495, 7, 'created', 'receiving_details', 10, '2020-10-30 12:33:47', '2020-10-30 12:33:47'),
(496, 7, 'updated', 'users', 7, '2020-10-30 12:33:59', '2020-10-30 12:33:59'),
(497, 1, 'updated', 'receiving', 4, '2020-10-30 12:34:59', '2020-10-30 12:34:59'),
(498, 3, 'updated', 'users', 3, '2020-11-05 12:26:35', '2020-11-05 12:26:35'),
(499, 1, 'created', 'warehouselist', 8, '2020-11-06 08:30:25', '2020-11-06 08:30:25'),
(500, 1, 'created', 'inventoryadjustments', 9, '2020-11-06 09:10:03', '2020-11-06 09:10:03'),
(501, 1, 'created', 'inventoryadjustments', 9, '2020-11-06 09:10:03', '2020-11-06 09:10:03'),
(502, 1, 'updated', 'inventoryadjustments', 9, '2020-11-06 09:10:20', '2020-11-06 09:10:20'),
(503, 1, 'updated', 'warehouselist', 8, '2020-11-06 09:12:44', '2020-11-06 09:12:44'),
(504, 1, 'created', 'warehouselist', 9, '2020-11-10 08:59:36', '2020-11-10 08:59:36'),
(505, 1, 'created', 'users', 8, '2020-11-10 09:08:23', '2020-11-10 09:08:23'),
(506, 7, 'created', 'deliveries', 5, '2020-11-11 10:03:00', '2020-11-11 10:03:00'),
(507, 7, 'created', 'deliveries', 5, '2020-11-11 10:03:00', '2020-11-11 10:03:00'),
(508, 7, 'created', 'delivery_details', 10, '2020-11-11 10:03:00', '2020-11-11 10:03:00'),
(509, 7, 'created', 'delivery_details', 11, '2020-11-11 10:03:00', '2020-11-11 10:03:00'),
(510, 7, 'created', 'delivery_details', 12, '2020-11-11 10:03:00', '2020-11-11 10:03:00'),
(511, 7, 'created', 'delivery_details', 13, '2020-11-11 10:03:00', '2020-11-11 10:03:00'),
(512, 7, 'created', 'delivery_details', 14, '2020-11-11 10:03:00', '2020-11-11 10:03:00'),
(513, 7, 'created', 'delivery_details', 15, '2020-11-11 10:03:00', '2020-11-11 10:03:00'),
(514, 7, 'created', 'delivery_details', 16, '2020-11-11 10:03:00', '2020-11-11 10:03:00'),
(515, 7, 'created', 'delivery_details', 17, '2020-11-11 10:03:01', '2020-11-11 10:03:01'),
(516, 7, 'created', 'delivery_details', 18, '2020-11-11 10:03:01', '2020-11-11 10:03:01'),
(517, 7, 'created', 'delivery_details', 19, '2020-11-11 10:03:01', '2020-11-11 10:03:01'),
(518, 7, 'created', 'deliveries', 6, '2020-11-11 10:24:48', '2020-11-11 10:24:48'),
(519, 7, 'created', 'deliveries', 6, '2020-11-11 10:24:48', '2020-11-11 10:24:48'),
(520, 7, 'created', 'delivery_details', 20, '2020-11-11 10:24:48', '2020-11-11 10:24:48'),
(521, 7, 'created', 'delivery_details', 21, '2020-11-11 10:24:48', '2020-11-11 10:24:48'),
(522, 7, 'created', 'delivery_details', 22, '2020-11-11 10:24:48', '2020-11-11 10:24:48'),
(523, 7, 'created', 'delivery_details', 23, '2020-11-11 10:24:48', '2020-11-11 10:24:48'),
(524, 7, 'created', 'delivery_details', 24, '2020-11-11 10:24:48', '2020-11-11 10:24:48'),
(525, 7, 'created', 'deliveries', 7, '2020-11-11 10:29:56', '2020-11-11 10:29:56'),
(526, 7, 'created', 'deliveries', 7, '2020-11-11 10:29:56', '2020-11-11 10:29:56'),
(527, 7, 'created', 'delivery_details', 25, '2020-11-11 10:29:56', '2020-11-11 10:29:56'),
(528, 7, 'created', 'delivery_details', 26, '2020-11-11 10:29:56', '2020-11-11 10:29:56'),
(529, 7, 'created', 'delivery_details', 27, '2020-11-11 10:29:56', '2020-11-11 10:29:56'),
(530, 7, 'created', 'delivery_details', 28, '2020-11-11 10:29:56', '2020-11-11 10:29:56'),
(531, 7, 'created', 'deliveries', 8, '2020-11-11 10:42:20', '2020-11-11 10:42:20'),
(532, 7, 'created', 'deliveries', 8, '2020-11-11 10:42:20', '2020-11-11 10:42:20'),
(533, 7, 'created', 'delivery_details', 29, '2020-11-11 10:42:20', '2020-11-11 10:42:20'),
(534, 7, 'created', 'delivery_details', 30, '2020-11-11 10:42:20', '2020-11-11 10:42:20'),
(535, 7, 'created', 'delivery_details', 31, '2020-11-11 10:42:20', '2020-11-11 10:42:20'),
(536, 7, 'created', 'delivery_details', 32, '2020-11-11 10:42:20', '2020-11-11 10:42:20'),
(537, 7, 'created', 'delivery_details', 33, '2020-11-11 10:42:20', '2020-11-11 10:42:20'),
(538, 7, 'created', 'delivery_details', 34, '2020-11-11 10:42:20', '2020-11-11 10:42:20'),
(539, 7, 'created', 'delivery_details', 35, '2020-11-11 10:42:20', '2020-11-11 10:42:20'),
(540, 7, 'created', 'delivery_details', 36, '2020-11-11 10:42:20', '2020-11-11 10:42:20'),
(541, 7, 'created', 'delivery_details', 37, '2020-11-11 10:42:20', '2020-11-11 10:42:20'),
(542, 7, 'created', 'delivery_details', 38, '2020-11-11 10:42:20', '2020-11-11 10:42:20'),
(543, 7, 'created', 'delivery_details', 39, '2020-11-11 10:42:20', '2020-11-11 10:42:20'),
(544, 7, 'created', 'delivery_details', 40, '2020-11-11 10:42:20', '2020-11-11 10:42:20'),
(545, 7, 'created', 'deliveries', 9, '2020-11-11 10:49:07', '2020-11-11 10:49:07'),
(546, 7, 'created', 'deliveries', 9, '2020-11-11 10:49:07', '2020-11-11 10:49:07'),
(547, 7, 'created', 'delivery_details', 41, '2020-11-11 10:49:07', '2020-11-11 10:49:07'),
(548, 7, 'created', 'delivery_details', 42, '2020-11-11 10:49:07', '2020-11-11 10:49:07'),
(549, 7, 'created', 'delivery_details', 43, '2020-11-11 10:49:07', '2020-11-11 10:49:07'),
(550, 7, 'created', 'delivery_details', 44, '2020-11-11 10:49:07', '2020-11-11 10:49:07'),
(551, 7, 'created', 'delivery_details', 45, '2020-11-11 10:49:07', '2020-11-11 10:49:07'),
(552, 7, 'created', 'delivery_details', 46, '2020-11-11 10:49:07', '2020-11-11 10:49:07'),
(553, 7, 'created', 'delivery_details', 47, '2020-11-11 10:49:07', '2020-11-11 10:49:07'),
(554, 7, 'created', 'delivery_details', 48, '2020-11-11 10:49:07', '2020-11-11 10:49:07'),
(555, 7, 'created', 'delivery_details', 49, '2020-11-11 10:49:07', '2020-11-11 10:49:07'),
(556, 7, 'created', 'delivery_details', 50, '2020-11-11 10:49:07', '2020-11-11 10:49:07'),
(557, 7, 'created', 'delivery_details', 51, '2020-11-11 10:49:07', '2020-11-11 10:49:07'),
(558, 7, 'created', 'delivery_details', 52, '2020-11-11 10:49:07', '2020-11-11 10:49:07'),
(559, 7, 'created', 'deliveries', 10, '2020-11-11 12:03:25', '2020-11-11 12:03:25'),
(560, 7, 'created', 'deliveries', 10, '2020-11-11 12:03:25', '2020-11-11 12:03:25'),
(561, 7, 'created', 'delivery_details', 53, '2020-11-11 12:03:25', '2020-11-11 12:03:25'),
(562, 7, 'created', 'delivery_details', 54, '2020-11-11 12:03:25', '2020-11-11 12:03:25'),
(563, 7, 'created', 'delivery_details', 55, '2020-11-11 12:03:25', '2020-11-11 12:03:25'),
(564, 7, 'created', 'delivery_details', 56, '2020-11-11 12:03:25', '2020-11-11 12:03:25'),
(565, 7, 'created', 'delivery_details', 57, '2020-11-11 12:03:25', '2020-11-11 12:03:25'),
(566, 7, 'created', 'delivery_details', 58, '2020-11-11 12:03:25', '2020-11-11 12:03:25'),
(567, 7, 'created', 'delivery_details', 59, '2020-11-11 12:03:25', '2020-11-11 12:03:25'),
(568, 7, 'created', 'delivery_details', 60, '2020-11-11 12:03:25', '2020-11-11 12:03:25'),
(569, 7, 'created', 'delivery_details', 61, '2020-11-11 12:03:25', '2020-11-11 12:03:25'),
(570, 7, 'created', 'delivery_details', 62, '2020-11-11 12:03:25', '2020-11-11 12:03:25'),
(571, 7, 'created', 'deliveries', 11, '2020-11-11 12:08:44', '2020-11-11 12:08:44'),
(572, 7, 'created', 'deliveries', 11, '2020-11-11 12:08:44', '2020-11-11 12:08:44'),
(573, 7, 'created', 'delivery_details', 63, '2020-11-11 12:08:44', '2020-11-11 12:08:44'),
(574, 7, 'created', 'delivery_details', 64, '2020-11-11 12:08:44', '2020-11-11 12:08:44'),
(575, 7, 'created', 'delivery_details', 65, '2020-11-11 12:08:44', '2020-11-11 12:08:44'),
(576, 7, 'created', 'delivery_details', 66, '2020-11-11 12:08:44', '2020-11-11 12:08:44'),
(577, 7, 'created', 'delivery_details', 67, '2020-11-11 12:08:44', '2020-11-11 12:08:44'),
(578, 7, 'created', 'delivery_details', 68, '2020-11-11 12:08:44', '2020-11-11 12:08:44'),
(579, 7, 'created', 'delivery_details', 69, '2020-11-11 12:08:44', '2020-11-11 12:08:44'),
(580, 7, 'created', 'deliveries', 12, '2020-11-11 12:14:25', '2020-11-11 12:14:25'),
(581, 7, 'created', 'deliveries', 12, '2020-11-11 12:14:25', '2020-11-11 12:14:25'),
(582, 7, 'created', 'delivery_details', 70, '2020-11-11 12:14:25', '2020-11-11 12:14:25'),
(583, 7, 'created', 'delivery_details', 71, '2020-11-11 12:14:25', '2020-11-11 12:14:25'),
(584, 7, 'created', 'delivery_details', 72, '2020-11-11 12:14:25', '2020-11-11 12:14:25'),
(585, 7, 'created', 'delivery_details', 73, '2020-11-11 12:14:25', '2020-11-11 12:14:25'),
(586, 7, 'created', 'delivery_details', 74, '2020-11-11 12:14:25', '2020-11-11 12:14:25'),
(587, 7, 'created', 'delivery_details', 75, '2020-11-11 12:14:25', '2020-11-11 12:14:25'),
(588, 7, 'created', 'delivery_details', 76, '2020-11-11 12:14:25', '2020-11-11 12:14:25'),
(589, 7, 'created', 'deliveries', 13, '2020-11-11 12:14:44', '2020-11-11 12:14:44'),
(590, 7, 'created', 'deliveries', 13, '2020-11-11 12:14:44', '2020-11-11 12:14:44'),
(591, 7, 'created', 'deliveries', 14, '2020-11-11 12:18:04', '2020-11-11 12:18:04'),
(592, 7, 'created', 'deliveries', 14, '2020-11-11 12:18:04', '2020-11-11 12:18:04'),
(593, 7, 'created', 'delivery_details', 77, '2020-11-11 12:18:04', '2020-11-11 12:18:04'),
(594, 7, 'created', 'delivery_details', 78, '2020-11-11 12:18:04', '2020-11-11 12:18:04');
INSERT INTO `users_logs` (`id`, `user_id`, `action`, `action_model`, `action_id`, `created_at`, `updated_at`) VALUES
(595, 7, 'created', 'delivery_details', 79, '2020-11-11 12:18:04', '2020-11-11 12:18:04'),
(596, 7, 'created', 'delivery_details', 80, '2020-11-11 12:18:04', '2020-11-11 12:18:04'),
(597, 7, 'created', 'delivery_details', 81, '2020-11-11 12:18:04', '2020-11-11 12:18:04'),
(598, 7, 'created', 'deliveries', 15, '2020-11-11 12:18:51', '2020-11-11 12:18:51'),
(599, 7, 'created', 'deliveries', 15, '2020-11-11 12:18:51', '2020-11-11 12:18:51'),
(600, 2, 'updated', 'users', 2, '2020-11-11 14:13:58', '2020-11-11 14:13:58'),
(601, 1, 'created', 'productlist', 124, '2020-11-13 07:24:23', '2020-11-13 07:24:23'),
(602, 1, 'created', 'productlist', 125, '2020-11-13 07:25:11', '2020-11-13 07:25:11'),
(603, 1, 'created', 'productlist', 126, '2020-11-13 07:26:01', '2020-11-13 07:26:01'),
(604, 1, 'created', 'productlist', 127, '2020-11-13 07:26:30', '2020-11-13 07:26:30'),
(605, 1, 'created', 'inventoryadjustments', 10, '2020-11-13 07:28:21', '2020-11-13 07:28:21'),
(606, 1, 'created', 'inventoryadjustments', 10, '2020-11-13 07:28:21', '2020-11-13 07:28:21'),
(607, 1, 'updated', 'productlist', 126, '2020-11-13 07:29:18', '2020-11-13 07:29:18'),
(608, 1, 'created', 'productlist', 128, '2020-11-13 07:30:40', '2020-11-13 07:30:40'),
(609, 1, 'created', 'productlist', 129, '2020-11-13 07:31:32', '2020-11-13 07:31:32'),
(610, 1, 'created', 'productlist', 130, '2020-11-13 07:32:27', '2020-11-13 07:32:27'),
(611, 1, 'created', 'productlist', 131, '2020-11-13 07:33:04', '2020-11-13 07:33:04'),
(612, 1, 'created', 'productlist', 132, '2020-11-13 07:33:49', '2020-11-13 07:33:49'),
(613, 1, 'created', 'productlist', 133, '2020-11-13 07:34:56', '2020-11-13 07:34:56'),
(614, 1, 'created', 'productlist', 134, '2020-11-13 07:35:34', '2020-11-13 07:35:34'),
(615, 1, 'created', 'productlist', 135, '2020-11-13 07:36:02', '2020-11-13 07:36:02'),
(616, 1, 'created', 'productlist', 136, '2020-11-13 07:36:43', '2020-11-13 07:36:43'),
(617, 1, 'created', 'productlist', 137, '2020-11-13 07:37:19', '2020-11-13 07:37:19'),
(618, 7, 'created', 'deliveries', 16, '2020-11-13 08:01:58', '2020-11-13 08:01:58'),
(619, 7, 'created', 'deliveries', 16, '2020-11-13 08:01:58', '2020-11-13 08:01:58'),
(620, 7, 'created', 'delivery_details', 82, '2020-11-13 08:01:58', '2020-11-13 08:01:58'),
(621, 7, 'created', 'deliveries', 17, '2020-11-13 08:03:18', '2020-11-13 08:03:18'),
(622, 7, 'created', 'deliveries', 17, '2020-11-13 08:03:18', '2020-11-13 08:03:18'),
(623, 7, 'created', 'delivery_details', 83, '2020-11-13 08:03:18', '2020-11-13 08:03:18'),
(624, 7, 'created', 'deliveries', 18, '2020-11-13 08:05:39', '2020-11-13 08:05:39'),
(625, 7, 'created', 'deliveries', 18, '2020-11-13 08:05:39', '2020-11-13 08:05:39'),
(626, 7, 'created', 'delivery_details', 84, '2020-11-13 08:05:39', '2020-11-13 08:05:39'),
(627, 7, 'created', 'delivery_details', 85, '2020-11-13 08:05:39', '2020-11-13 08:05:39'),
(628, 7, 'created', 'delivery_details', 86, '2020-11-13 08:05:39', '2020-11-13 08:05:39'),
(629, 7, 'created', 'deliveries', 19, '2020-11-13 08:09:03', '2020-11-13 08:09:03'),
(630, 7, 'created', 'deliveries', 19, '2020-11-13 08:09:03', '2020-11-13 08:09:03'),
(631, 7, 'created', 'delivery_details', 87, '2020-11-13 08:09:03', '2020-11-13 08:09:03'),
(632, 7, 'created', 'delivery_details', 88, '2020-11-13 08:09:03', '2020-11-13 08:09:03'),
(633, 7, 'created', 'delivery_details', 89, '2020-11-13 08:09:03', '2020-11-13 08:09:03'),
(634, 7, 'created', 'delivery_details', 90, '2020-11-13 08:09:03', '2020-11-13 08:09:03'),
(635, 7, 'created', 'deliveries', 20, '2020-11-13 08:11:21', '2020-11-13 08:11:21'),
(636, 7, 'created', 'deliveries', 20, '2020-11-13 08:11:21', '2020-11-13 08:11:21'),
(637, 7, 'created', 'delivery_details', 91, '2020-11-13 08:11:21', '2020-11-13 08:11:21'),
(638, 7, 'created', 'delivery_details', 92, '2020-11-13 08:11:21', '2020-11-13 08:11:21'),
(639, 7, 'created', 'delivery_details', 93, '2020-11-13 08:11:21', '2020-11-13 08:11:21'),
(640, 7, 'created', 'delivery_details', 94, '2020-11-13 08:11:21', '2020-11-13 08:11:21'),
(641, 1, 'created', 'productlist', 138, '2020-11-13 08:14:33', '2020-11-13 08:14:33'),
(642, 1, 'created', 'productlist', 139, '2020-11-13 08:15:25', '2020-11-13 08:15:25'),
(643, 1, 'created', 'productlist', 140, '2020-11-13 08:15:53', '2020-11-13 08:15:53'),
(644, 7, 'created', 'deliveries', 21, '2020-11-13 08:34:51', '2020-11-13 08:34:51'),
(645, 7, 'created', 'deliveries', 21, '2020-11-13 08:34:51', '2020-11-13 08:34:51'),
(646, 7, 'created', 'delivery_details', 95, '2020-11-13 08:34:51', '2020-11-13 08:34:51'),
(647, 7, 'created', 'deliveries', 22, '2020-11-13 08:36:41', '2020-11-13 08:36:41'),
(648, 7, 'created', 'deliveries', 22, '2020-11-13 08:36:41', '2020-11-13 08:36:41'),
(649, 7, 'created', 'delivery_details', 96, '2020-11-13 08:36:41', '2020-11-13 08:36:41'),
(650, 7, 'created', 'delivery_details', 97, '2020-11-13 08:36:41', '2020-11-13 08:36:41'),
(651, 1, 'updated', 'deliveries', 22, '2020-11-13 08:37:54', '2020-11-13 08:37:54'),
(652, 1, 'updated', 'delivery_details', 96, '2020-11-13 08:37:54', '2020-11-13 08:37:54'),
(653, 1, 'updated', 'delivery_details', 97, '2020-11-13 08:37:54', '2020-11-13 08:37:54'),
(654, 1, 'updated', 'deliveries', 21, '2020-11-13 08:38:18', '2020-11-13 08:38:18'),
(655, 1, 'updated', 'delivery_details', 95, '2020-11-13 08:38:18', '2020-11-13 08:38:18'),
(656, 1, 'updated', 'deliveries', 20, '2020-11-13 08:38:35', '2020-11-13 08:38:35'),
(657, 1, 'updated', 'delivery_details', 91, '2020-11-13 08:38:35', '2020-11-13 08:38:35'),
(658, 1, 'updated', 'delivery_details', 92, '2020-11-13 08:38:35', '2020-11-13 08:38:35'),
(659, 1, 'updated', 'delivery_details', 93, '2020-11-13 08:38:35', '2020-11-13 08:38:35'),
(660, 1, 'updated', 'delivery_details', 94, '2020-11-13 08:38:35', '2020-11-13 08:38:35'),
(661, 1, 'updated', 'deliveries', 19, '2020-11-13 08:38:47', '2020-11-13 08:38:47'),
(662, 1, 'updated', 'delivery_details', 87, '2020-11-13 08:38:47', '2020-11-13 08:38:47'),
(663, 1, 'updated', 'delivery_details', 88, '2020-11-13 08:38:47', '2020-11-13 08:38:47'),
(664, 1, 'updated', 'delivery_details', 89, '2020-11-13 08:38:47', '2020-11-13 08:38:47'),
(665, 1, 'updated', 'delivery_details', 90, '2020-11-13 08:38:47', '2020-11-13 08:38:47'),
(666, 1, 'updated', 'deliveries', 18, '2020-11-13 08:38:58', '2020-11-13 08:38:58'),
(667, 1, 'updated', 'delivery_details', 84, '2020-11-13 08:38:58', '2020-11-13 08:38:58'),
(668, 1, 'updated', 'delivery_details', 85, '2020-11-13 08:38:58', '2020-11-13 08:38:58'),
(669, 1, 'updated', 'delivery_details', 86, '2020-11-13 08:38:58', '2020-11-13 08:38:58'),
(670, 1, 'updated', 'deliveries', 17, '2020-11-13 08:39:05', '2020-11-13 08:39:05'),
(671, 1, 'updated', 'delivery_details', 83, '2020-11-13 08:39:05', '2020-11-13 08:39:05'),
(672, 1, 'updated', 'deliveries', 14, '2020-11-13 08:39:22', '2020-11-13 08:39:22'),
(673, 1, 'updated', 'delivery_details', 77, '2020-11-13 08:39:22', '2020-11-13 08:39:22'),
(674, 1, 'updated', 'delivery_details', 78, '2020-11-13 08:39:22', '2020-11-13 08:39:22'),
(675, 1, 'updated', 'delivery_details', 79, '2020-11-13 08:39:22', '2020-11-13 08:39:22'),
(676, 1, 'updated', 'delivery_details', 80, '2020-11-13 08:39:22', '2020-11-13 08:39:22'),
(677, 1, 'updated', 'delivery_details', 81, '2020-11-13 08:39:22', '2020-11-13 08:39:22'),
(678, 1, 'updated', 'deliveries', 16, '2020-11-13 08:39:34', '2020-11-13 08:39:34'),
(679, 1, 'updated', 'delivery_details', 82, '2020-11-13 08:39:34', '2020-11-13 08:39:34'),
(680, 1, 'updated', 'deliveries', 12, '2020-11-13 08:39:54', '2020-11-13 08:39:54'),
(681, 1, 'updated', 'delivery_details', 70, '2020-11-13 08:39:54', '2020-11-13 08:39:54'),
(682, 1, 'updated', 'delivery_details', 71, '2020-11-13 08:39:54', '2020-11-13 08:39:54'),
(683, 1, 'updated', 'delivery_details', 72, '2020-11-13 08:39:54', '2020-11-13 08:39:54'),
(684, 1, 'updated', 'delivery_details', 73, '2020-11-13 08:39:54', '2020-11-13 08:39:54'),
(685, 1, 'updated', 'delivery_details', 74, '2020-11-13 08:39:54', '2020-11-13 08:39:54'),
(686, 1, 'updated', 'delivery_details', 75, '2020-11-13 08:39:54', '2020-11-13 08:39:54'),
(687, 1, 'updated', 'delivery_details', 76, '2020-11-13 08:39:54', '2020-11-13 08:39:54'),
(688, 1, 'updated', 'deliveries', 11, '2020-11-13 08:40:28', '2020-11-13 08:40:28'),
(689, 1, 'updated', 'delivery_details', 63, '2020-11-13 08:40:28', '2020-11-13 08:40:28'),
(690, 1, 'updated', 'delivery_details', 64, '2020-11-13 08:40:28', '2020-11-13 08:40:28'),
(691, 1, 'updated', 'delivery_details', 65, '2020-11-13 08:40:28', '2020-11-13 08:40:28'),
(692, 1, 'updated', 'delivery_details', 66, '2020-11-13 08:40:28', '2020-11-13 08:40:28'),
(693, 1, 'updated', 'delivery_details', 67, '2020-11-13 08:40:28', '2020-11-13 08:40:28'),
(694, 1, 'updated', 'delivery_details', 68, '2020-11-13 08:40:28', '2020-11-13 08:40:28'),
(695, 1, 'updated', 'delivery_details', 69, '2020-11-13 08:40:28', '2020-11-13 08:40:28'),
(696, 1, 'updated', 'deliveries', 10, '2020-11-13 08:41:00', '2020-11-13 08:41:00'),
(697, 1, 'updated', 'delivery_details', 53, '2020-11-13 08:41:00', '2020-11-13 08:41:00'),
(698, 1, 'updated', 'delivery_details', 54, '2020-11-13 08:41:00', '2020-11-13 08:41:00'),
(699, 1, 'updated', 'delivery_details', 55, '2020-11-13 08:41:00', '2020-11-13 08:41:00'),
(700, 1, 'updated', 'delivery_details', 56, '2020-11-13 08:41:00', '2020-11-13 08:41:00'),
(701, 1, 'updated', 'delivery_details', 57, '2020-11-13 08:41:00', '2020-11-13 08:41:00'),
(702, 1, 'updated', 'delivery_details', 58, '2020-11-13 08:41:00', '2020-11-13 08:41:00'),
(703, 1, 'updated', 'delivery_details', 59, '2020-11-13 08:41:00', '2020-11-13 08:41:00'),
(704, 1, 'updated', 'delivery_details', 60, '2020-11-13 08:41:00', '2020-11-13 08:41:00'),
(705, 1, 'updated', 'delivery_details', 61, '2020-11-13 08:41:00', '2020-11-13 08:41:00'),
(706, 1, 'updated', 'delivery_details', 62, '2020-11-13 08:41:00', '2020-11-13 08:41:00'),
(707, 1, 'updated', 'deliveries', 7, '2020-11-13 08:41:19', '2020-11-13 08:41:19'),
(708, 1, 'updated', 'delivery_details', 25, '2020-11-13 08:41:19', '2020-11-13 08:41:19'),
(709, 1, 'updated', 'delivery_details', 26, '2020-11-13 08:41:19', '2020-11-13 08:41:19'),
(710, 1, 'updated', 'delivery_details', 27, '2020-11-13 08:41:19', '2020-11-13 08:41:19'),
(711, 1, 'updated', 'delivery_details', 28, '2020-11-13 08:41:19', '2020-11-13 08:41:19'),
(712, 1, 'updated', 'deliveries', 9, '2020-11-13 08:41:57', '2020-11-13 08:41:57'),
(713, 1, 'updated', 'delivery_details', 41, '2020-11-13 08:41:57', '2020-11-13 08:41:57'),
(714, 1, 'updated', 'delivery_details', 42, '2020-11-13 08:41:57', '2020-11-13 08:41:57'),
(715, 1, 'updated', 'delivery_details', 43, '2020-11-13 08:41:57', '2020-11-13 08:41:57'),
(716, 1, 'updated', 'delivery_details', 44, '2020-11-13 08:41:57', '2020-11-13 08:41:57'),
(717, 1, 'updated', 'delivery_details', 45, '2020-11-13 08:41:57', '2020-11-13 08:41:57'),
(718, 1, 'updated', 'delivery_details', 46, '2020-11-13 08:41:57', '2020-11-13 08:41:57'),
(719, 1, 'updated', 'delivery_details', 47, '2020-11-13 08:41:57', '2020-11-13 08:41:57'),
(720, 1, 'updated', 'delivery_details', 48, '2020-11-13 08:41:57', '2020-11-13 08:41:57'),
(721, 1, 'updated', 'delivery_details', 49, '2020-11-13 08:41:57', '2020-11-13 08:41:57'),
(722, 1, 'updated', 'delivery_details', 50, '2020-11-13 08:41:57', '2020-11-13 08:41:57'),
(723, 1, 'updated', 'delivery_details', 51, '2020-11-13 08:41:57', '2020-11-13 08:41:57'),
(724, 1, 'updated', 'delivery_details', 52, '2020-11-13 08:41:57', '2020-11-13 08:41:57'),
(725, 1, 'updated', 'deliveries', 8, '2020-11-13 08:42:30', '2020-11-13 08:42:30'),
(726, 1, 'updated', 'delivery_details', 29, '2020-11-13 08:42:30', '2020-11-13 08:42:30'),
(727, 1, 'updated', 'delivery_details', 30, '2020-11-13 08:42:30', '2020-11-13 08:42:30'),
(728, 1, 'updated', 'delivery_details', 31, '2020-11-13 08:42:30', '2020-11-13 08:42:30'),
(729, 1, 'updated', 'delivery_details', 32, '2020-11-13 08:42:30', '2020-11-13 08:42:30'),
(730, 1, 'updated', 'delivery_details', 33, '2020-11-13 08:42:30', '2020-11-13 08:42:30'),
(731, 1, 'updated', 'delivery_details', 34, '2020-11-13 08:42:30', '2020-11-13 08:42:30'),
(732, 1, 'updated', 'delivery_details', 35, '2020-11-13 08:42:30', '2020-11-13 08:42:30'),
(733, 1, 'updated', 'delivery_details', 36, '2020-11-13 08:42:30', '2020-11-13 08:42:30'),
(734, 1, 'updated', 'delivery_details', 37, '2020-11-13 08:42:30', '2020-11-13 08:42:30'),
(735, 1, 'updated', 'delivery_details', 38, '2020-11-13 08:42:30', '2020-11-13 08:42:30'),
(736, 1, 'updated', 'delivery_details', 39, '2020-11-13 08:42:30', '2020-11-13 08:42:30'),
(737, 1, 'updated', 'delivery_details', 40, '2020-11-13 08:42:30', '2020-11-13 08:42:30'),
(738, 1, 'updated', 'deliveries', 6, '2020-11-13 08:42:56', '2020-11-13 08:42:56'),
(739, 1, 'updated', 'delivery_details', 20, '2020-11-13 08:42:56', '2020-11-13 08:42:56'),
(740, 1, 'updated', 'delivery_details', 21, '2020-11-13 08:42:56', '2020-11-13 08:42:56'),
(741, 1, 'updated', 'delivery_details', 22, '2020-11-13 08:42:56', '2020-11-13 08:42:56'),
(742, 1, 'updated', 'delivery_details', 23, '2020-11-13 08:42:56', '2020-11-13 08:42:56'),
(743, 1, 'updated', 'delivery_details', 24, '2020-11-13 08:42:56', '2020-11-13 08:42:56'),
(744, 1, 'updated', 'deliveries', 5, '2020-11-13 08:43:33', '2020-11-13 08:43:33'),
(745, 1, 'updated', 'delivery_details', 10, '2020-11-13 08:43:33', '2020-11-13 08:43:33'),
(746, 1, 'updated', 'delivery_details', 11, '2020-11-13 08:43:33', '2020-11-13 08:43:33'),
(747, 1, 'updated', 'delivery_details', 12, '2020-11-13 08:43:33', '2020-11-13 08:43:33'),
(748, 1, 'updated', 'delivery_details', 13, '2020-11-13 08:43:33', '2020-11-13 08:43:33'),
(749, 1, 'updated', 'delivery_details', 14, '2020-11-13 08:43:33', '2020-11-13 08:43:33'),
(750, 1, 'updated', 'delivery_details', 15, '2020-11-13 08:43:33', '2020-11-13 08:43:33'),
(751, 1, 'updated', 'delivery_details', 16, '2020-11-13 08:43:33', '2020-11-13 08:43:33'),
(752, 1, 'updated', 'delivery_details', 17, '2020-11-13 08:43:33', '2020-11-13 08:43:33'),
(753, 1, 'updated', 'delivery_details', 18, '2020-11-13 08:43:33', '2020-11-13 08:43:33'),
(754, 1, 'updated', 'delivery_details', 19, '2020-11-13 08:43:33', '2020-11-13 08:43:33'),
(755, 1, 'updated', 'warehouselist', 9, '2020-11-13 08:45:50', '2020-11-13 08:45:50'),
(756, 1, 'created', 'approvers', 17, '2020-11-13 08:46:50', '2020-11-13 08:46:50'),
(757, 7, 'created', 'receiving', 5, '2020-11-13 08:48:41', '2020-11-13 08:48:41'),
(758, 7, 'created', 'receiving', 5, '2020-11-13 08:48:41', '2020-11-13 08:48:41'),
(759, 7, 'created', 'receiving_details', 11, '2020-11-13 08:48:41', '2020-11-13 08:48:41'),
(760, 7, 'created', 'receiving_details', 12, '2020-11-13 08:48:41', '2020-11-13 08:48:41'),
(761, 7, 'created', 'receiving', 6, '2020-11-13 08:50:22', '2020-11-13 08:50:22'),
(762, 7, 'created', 'receiving', 6, '2020-11-13 08:50:22', '2020-11-13 08:50:22'),
(763, 7, 'created', 'receiving_details', 13, '2020-11-13 08:50:22', '2020-11-13 08:50:22'),
(764, 7, 'created', 'receiving', 7, '2020-11-13 08:50:52', '2020-11-13 08:50:52'),
(765, 7, 'created', 'receiving', 7, '2020-11-13 08:50:52', '2020-11-13 08:50:52'),
(766, 7, 'created', 'receiving_details', 14, '2020-11-13 08:50:52', '2020-11-13 08:50:52'),
(767, 7, 'created', 'receiving_details', 15, '2020-11-13 08:50:52', '2020-11-13 08:50:52'),
(768, 7, 'created', 'receiving_details', 16, '2020-11-13 08:50:52', '2020-11-13 08:50:52'),
(769, 7, 'created', 'receiving_details', 17, '2020-11-13 08:50:52', '2020-11-13 08:50:52'),
(770, 7, 'created', 'receiving', 8, '2020-11-13 08:52:08', '2020-11-13 08:52:08'),
(771, 7, 'created', 'receiving', 8, '2020-11-13 08:52:08', '2020-11-13 08:52:08'),
(772, 7, 'created', 'receiving_details', 18, '2020-11-13 08:52:08', '2020-11-13 08:52:08'),
(773, 7, 'created', 'receiving_details', 19, '2020-11-13 08:52:08', '2020-11-13 08:52:08'),
(774, 7, 'created', 'receiving_details', 20, '2020-11-13 08:52:08', '2020-11-13 08:52:08'),
(775, 7, 'created', 'receiving_details', 21, '2020-11-13 08:52:08', '2020-11-13 08:52:08'),
(776, 7, 'created', 'receiving', 9, '2020-11-13 08:52:29', '2020-11-13 08:52:29'),
(777, 7, 'created', 'receiving', 9, '2020-11-13 08:52:29', '2020-11-13 08:52:29'),
(778, 7, 'created', 'receiving_details', 22, '2020-11-13 08:52:29', '2020-11-13 08:52:29'),
(779, 7, 'created', 'receiving_details', 23, '2020-11-13 08:52:29', '2020-11-13 08:52:29'),
(780, 7, 'created', 'receiving_details', 24, '2020-11-13 08:52:29', '2020-11-13 08:52:29'),
(781, 7, 'created', 'receiving', 10, '2020-11-13 08:53:26', '2020-11-13 08:53:26'),
(782, 7, 'created', 'receiving', 10, '2020-11-13 08:53:26', '2020-11-13 08:53:26'),
(783, 7, 'created', 'receiving_details', 25, '2020-11-13 08:53:26', '2020-11-13 08:53:26'),
(784, 7, 'created', 'receiving_details', 26, '2020-11-13 08:53:26', '2020-11-13 08:53:26'),
(785, 7, 'created', 'receiving_details', 27, '2020-11-13 08:53:26', '2020-11-13 08:53:26'),
(786, 7, 'created', 'receiving_details', 28, '2020-11-13 08:53:26', '2020-11-13 08:53:26'),
(787, 7, 'created', 'receiving', 11, '2020-11-13 08:53:52', '2020-11-13 08:53:52'),
(788, 7, 'created', 'receiving', 11, '2020-11-13 08:53:52', '2020-11-13 08:53:52'),
(789, 7, 'created', 'receiving_details', 29, '2020-11-13 08:53:52', '2020-11-13 08:53:52'),
(790, 7, 'created', 'receiving_details', 30, '2020-11-13 08:53:52', '2020-11-13 08:53:52'),
(791, 7, 'created', 'receiving_details', 31, '2020-11-13 08:53:52', '2020-11-13 08:53:52'),
(792, 7, 'created', 'receiving_details', 32, '2020-11-13 08:53:52', '2020-11-13 08:53:52'),
(793, 7, 'created', 'receiving', 12, '2020-11-13 08:54:04', '2020-11-13 08:54:04'),
(794, 7, 'created', 'receiving', 12, '2020-11-13 08:54:04', '2020-11-13 08:54:04'),
(795, 7, 'created', 'receiving_details', 33, '2020-11-13 08:54:04', '2020-11-13 08:54:04'),
(796, 7, 'created', 'receiving_details', 34, '2020-11-13 08:54:04', '2020-11-13 08:54:04'),
(797, 7, 'created', 'receiving_details', 35, '2020-11-13 08:54:04', '2020-11-13 08:54:04'),
(798, 7, 'created', 'receiving', 13, '2020-11-13 08:54:31', '2020-11-13 08:54:31'),
(799, 7, 'created', 'receiving', 13, '2020-11-13 08:54:31', '2020-11-13 08:54:31'),
(800, 7, 'created', 'receiving_details', 36, '2020-11-13 08:54:31', '2020-11-13 08:54:31'),
(801, 7, 'created', 'receiving', 14, '2020-11-13 08:54:55', '2020-11-13 08:54:55'),
(802, 7, 'created', 'receiving', 14, '2020-11-13 08:54:55', '2020-11-13 08:54:55'),
(803, 7, 'created', 'receiving_details', 37, '2020-11-13 08:54:55', '2020-11-13 08:54:55'),
(804, 7, 'created', 'receiving', 15, '2020-11-13 08:55:07', '2020-11-13 08:55:07'),
(805, 7, 'created', 'receiving', 15, '2020-11-13 08:55:07', '2020-11-13 08:55:07'),
(806, 7, 'created', 'receiving_details', 38, '2020-11-13 08:55:07', '2020-11-13 08:55:07'),
(807, 7, 'created', 'receiving', 16, '2020-11-13 08:55:27', '2020-11-13 08:55:27'),
(808, 7, 'created', 'receiving', 16, '2020-11-13 08:55:27', '2020-11-13 08:55:27'),
(809, 7, 'created', 'receiving_details', 39, '2020-11-13 08:55:27', '2020-11-13 08:55:27'),
(810, 7, 'created', 'receiving', 17, '2020-11-13 08:55:47', '2020-11-13 08:55:47'),
(811, 7, 'created', 'receiving', 17, '2020-11-13 08:55:47', '2020-11-13 08:55:47'),
(812, 7, 'created', 'receiving_details', 40, '2020-11-13 08:55:47', '2020-11-13 08:55:47'),
(813, 7, 'created', 'receiving_details', 41, '2020-11-13 08:55:47', '2020-11-13 08:55:47'),
(814, 7, 'created', 'receiving_details', 42, '2020-11-13 08:55:47', '2020-11-13 08:55:47'),
(815, 7, 'created', 'receiving_details', 43, '2020-11-13 08:55:47', '2020-11-13 08:55:47'),
(816, 7, 'created', 'receiving_details', 44, '2020-11-13 08:55:47', '2020-11-13 08:55:47'),
(817, 7, 'created', 'receiving', 18, '2020-11-13 08:56:05', '2020-11-13 08:56:05'),
(818, 7, 'created', 'receiving', 18, '2020-11-13 08:56:05', '2020-11-13 08:56:05'),
(819, 7, 'created', 'receiving_details', 45, '2020-11-13 08:56:05', '2020-11-13 08:56:05'),
(820, 7, 'created', 'receiving_details', 46, '2020-11-13 08:56:05', '2020-11-13 08:56:05'),
(821, 7, 'created', 'receiving_details', 47, '2020-11-13 08:56:05', '2020-11-13 08:56:05'),
(822, 7, 'created', 'receiving_details', 48, '2020-11-13 08:56:05', '2020-11-13 08:56:05'),
(823, 7, 'created', 'receiving_details', 49, '2020-11-13 08:56:05', '2020-11-13 08:56:05'),
(824, 7, 'created', 'receiving_details', 50, '2020-11-13 08:56:05', '2020-11-13 08:56:05'),
(825, 7, 'created', 'receiving_details', 51, '2020-11-13 08:56:05', '2020-11-13 08:56:05'),
(826, 7, 'created', 'receiving', 19, '2020-11-13 08:56:22', '2020-11-13 08:56:22'),
(827, 7, 'created', 'receiving', 19, '2020-11-13 08:56:22', '2020-11-13 08:56:22'),
(828, 7, 'created', 'receiving_details', 52, '2020-11-13 08:56:22', '2020-11-13 08:56:22'),
(829, 7, 'created', 'receiving_details', 53, '2020-11-13 08:56:22', '2020-11-13 08:56:22'),
(830, 7, 'created', 'receiving_details', 54, '2020-11-13 08:56:22', '2020-11-13 08:56:22'),
(831, 7, 'created', 'receiving_details', 55, '2020-11-13 08:56:22', '2020-11-13 08:56:22'),
(832, 7, 'created', 'receiving_details', 56, '2020-11-13 08:56:22', '2020-11-13 08:56:22'),
(833, 7, 'created', 'receiving_details', 57, '2020-11-13 08:56:22', '2020-11-13 08:56:22'),
(834, 7, 'created', 'receiving_details', 58, '2020-11-13 08:56:22', '2020-11-13 08:56:22'),
(835, 7, 'created', 'receiving', 20, '2020-11-13 08:56:35', '2020-11-13 08:56:35'),
(836, 7, 'created', 'receiving', 20, '2020-11-13 08:56:35', '2020-11-13 08:56:35'),
(837, 7, 'created', 'receiving_details', 59, '2020-11-13 08:56:35', '2020-11-13 08:56:35'),
(838, 7, 'created', 'receiving_details', 60, '2020-11-13 08:56:35', '2020-11-13 08:56:35'),
(839, 7, 'created', 'receiving_details', 61, '2020-11-13 08:56:35', '2020-11-13 08:56:35'),
(840, 7, 'created', 'receiving_details', 62, '2020-11-13 08:56:35', '2020-11-13 08:56:35'),
(841, 7, 'created', 'receiving_details', 63, '2020-11-13 08:56:35', '2020-11-13 08:56:35'),
(842, 7, 'created', 'receiving_details', 64, '2020-11-13 08:56:35', '2020-11-13 08:56:35'),
(843, 7, 'created', 'receiving_details', 65, '2020-11-13 08:56:35', '2020-11-13 08:56:35'),
(844, 7, 'created', 'receiving', 21, '2020-11-13 08:56:49', '2020-11-13 08:56:49'),
(845, 7, 'created', 'receiving', 21, '2020-11-13 08:56:49', '2020-11-13 08:56:49'),
(846, 7, 'created', 'receiving_details', 66, '2020-11-13 08:56:49', '2020-11-13 08:56:49'),
(847, 7, 'created', 'receiving_details', 67, '2020-11-13 08:56:49', '2020-11-13 08:56:49'),
(848, 7, 'created', 'receiving_details', 68, '2020-11-13 08:56:49', '2020-11-13 08:56:49'),
(849, 7, 'created', 'receiving_details', 69, '2020-11-13 08:56:49', '2020-11-13 08:56:49'),
(850, 7, 'created', 'receiving_details', 70, '2020-11-13 08:56:49', '2020-11-13 08:56:49'),
(851, 7, 'created', 'receiving_details', 71, '2020-11-13 08:56:49', '2020-11-13 08:56:49'),
(852, 7, 'created', 'receiving_details', 72, '2020-11-13 08:56:49', '2020-11-13 08:56:49'),
(853, 7, 'created', 'receiving', 22, '2020-11-13 08:57:06', '2020-11-13 08:57:06'),
(854, 7, 'created', 'receiving', 22, '2020-11-13 08:57:06', '2020-11-13 08:57:06'),
(855, 7, 'created', 'receiving_details', 73, '2020-11-13 08:57:06', '2020-11-13 08:57:06'),
(856, 7, 'created', 'receiving_details', 74, '2020-11-13 08:57:06', '2020-11-13 08:57:06'),
(857, 7, 'created', 'receiving_details', 75, '2020-11-13 08:57:06', '2020-11-13 08:57:06'),
(858, 7, 'created', 'receiving_details', 76, '2020-11-13 08:57:06', '2020-11-13 08:57:06'),
(859, 7, 'created', 'receiving_details', 77, '2020-11-13 08:57:06', '2020-11-13 08:57:06'),
(860, 7, 'created', 'receiving_details', 78, '2020-11-13 08:57:06', '2020-11-13 08:57:06'),
(861, 7, 'created', 'receiving_details', 79, '2020-11-13 08:57:06', '2020-11-13 08:57:06'),
(862, 7, 'updated', 'users', 7, '2020-11-13 09:11:56', '2020-11-13 09:11:56'),
(863, 7, 'created', 'transactions', 5, '2020-11-13 09:13:55', '2020-11-13 09:13:55'),
(864, 7, 'created', 'transactions', 5, '2020-11-13 09:13:55', '2020-11-13 09:13:55'),
(865, 7, 'created', 'transactions', 6, '2020-11-13 09:14:14', '2020-11-13 09:14:14'),
(866, 7, 'created', 'transactions', 6, '2020-11-13 09:14:14', '2020-11-13 09:14:14'),
(867, 7, 'created', 'transactions', 7, '2020-11-13 09:15:44', '2020-11-13 09:15:44'),
(868, 7, 'created', 'transactions', 7, '2020-11-13 09:15:44', '2020-11-13 09:15:44'),
(869, 7, 'created', 'transactions', 8, '2020-11-13 09:15:59', '2020-11-13 09:15:59'),
(870, 7, 'created', 'transactions', 8, '2020-11-13 09:15:59', '2020-11-13 09:15:59'),
(871, 7, 'created', 'transactions', 9, '2020-11-13 09:16:15', '2020-11-13 09:16:15'),
(872, 7, 'created', 'transactions', 9, '2020-11-13 09:16:15', '2020-11-13 09:16:15'),
(873, 7, 'created', 'transactions', 10, '2020-11-13 09:17:04', '2020-11-13 09:17:04'),
(874, 7, 'created', 'transactions', 10, '2020-11-13 09:17:04', '2020-11-13 09:17:04'),
(875, 7, 'created', 'transactions', 11, '2020-11-13 09:17:20', '2020-11-13 09:17:20'),
(876, 7, 'created', 'transactions', 11, '2020-11-13 09:17:20', '2020-11-13 09:17:20'),
(877, 7, 'created', 'transactions', 12, '2020-11-13 09:18:28', '2020-11-13 09:18:28'),
(878, 7, 'created', 'transactions', 12, '2020-11-13 09:18:28', '2020-11-13 09:18:28'),
(879, 7, 'created', 'transactions', 13, '2020-11-13 09:19:24', '2020-11-13 09:19:24'),
(880, 7, 'created', 'transactions', 13, '2020-11-13 09:19:24', '2020-11-13 09:19:24'),
(881, 7, 'created', 'transactions', 14, '2020-11-13 09:19:51', '2020-11-13 09:19:51'),
(882, 7, 'created', 'transactions', 14, '2020-11-13 09:19:51', '2020-11-13 09:19:51'),
(883, 7, 'created', 'transactions', 15, '2020-11-13 09:31:03', '2020-11-13 09:31:03'),
(884, 7, 'created', 'transactions', 15, '2020-11-13 09:31:03', '2020-11-13 09:31:03'),
(885, 7, 'created', 'transactions', 16, '2020-11-13 09:31:20', '2020-11-13 09:31:20'),
(886, 7, 'created', 'transactions', 16, '2020-11-13 09:31:20', '2020-11-13 09:31:20'),
(887, 7, 'created', 'transactions', 17, '2020-11-13 09:31:23', '2020-11-13 09:31:23'),
(888, 7, 'created', 'transactions', 17, '2020-11-13 09:31:23', '2020-11-13 09:31:23'),
(889, 7, 'created', 'transactions', 18, '2020-11-13 09:40:15', '2020-11-13 09:40:15'),
(890, 7, 'created', 'transactions', 18, '2020-11-13 09:40:15', '2020-11-13 09:40:15'),
(891, 3, 'updated', 'users', 3, '2020-11-13 09:48:20', '2020-11-13 09:48:20'),
(892, 7, 'updated', 'receiving', 22, '2020-11-13 09:51:28', '2020-11-13 09:51:28'),
(893, 7, 'updated', 'deliveries', 11, '2020-11-13 09:51:28', '2020-11-13 09:51:28'),
(894, 7, 'updated', 'receiving', 21, '2020-11-13 09:51:38', '2020-11-13 09:51:38'),
(895, 7, 'updated', 'deliveries', 12, '2020-11-13 09:51:38', '2020-11-13 09:51:38'),
(896, 7, 'updated', 'receiving', 20, '2020-11-13 09:51:46', '2020-11-13 09:51:46'),
(897, 7, 'updated', 'deliveries', 12, '2020-11-13 09:51:47', '2020-11-13 09:51:47'),
(898, 7, 'updated', 'receiving', 19, '2020-11-13 09:52:01', '2020-11-13 09:52:01'),
(899, 7, 'updated', 'deliveries', 12, '2020-11-13 09:52:01', '2020-11-13 09:52:01'),
(900, 7, 'updated', 'receiving', 18, '2020-11-13 09:52:24', '2020-11-13 09:52:24'),
(901, 7, 'updated', 'deliveries', 12, '2020-11-13 09:52:24', '2020-11-13 09:52:24'),
(902, 7, 'updated', 'receiving', 17, '2020-11-13 09:52:35', '2020-11-13 09:52:35'),
(903, 7, 'updated', 'deliveries', 14, '2020-11-13 09:52:35', '2020-11-13 09:52:35'),
(904, 7, 'updated', 'receiving', 16, '2020-11-13 09:52:47', '2020-11-13 09:52:47'),
(905, 7, 'updated', 'deliveries', 16, '2020-11-13 09:52:47', '2020-11-13 09:52:47'),
(906, 7, 'updated', 'receiving', 15, '2020-11-13 09:52:59', '2020-11-13 09:52:59'),
(907, 7, 'updated', 'deliveries', 17, '2020-11-13 09:52:59', '2020-11-13 09:52:59'),
(908, 7, 'updated', 'receiving', 14, '2020-11-13 09:53:14', '2020-11-13 09:53:14'),
(909, 7, 'updated', 'deliveries', 17, '2020-11-13 09:53:14', '2020-11-13 09:53:14'),
(910, 7, 'updated', 'receiving', 13, '2020-11-13 09:53:28', '2020-11-13 09:53:28'),
(911, 7, 'updated', 'deliveries', 17, '2020-11-13 09:53:28', '2020-11-13 09:53:28'),
(912, 7, 'updated', 'receiving', 12, '2020-11-13 09:53:47', '2020-11-13 09:53:47'),
(913, 7, 'updated', 'deliveries', 18, '2020-11-13 09:53:47', '2020-11-13 09:53:47'),
(914, 7, 'updated', 'receiving', 11, '2020-11-13 09:54:05', '2020-11-13 09:54:05'),
(915, 7, 'updated', 'deliveries', 19, '2020-11-13 09:54:05', '2020-11-13 09:54:05'),
(916, 7, 'updated', 'receiving', 10, '2020-11-13 09:54:21', '2020-11-13 09:54:21'),
(917, 7, 'updated', 'deliveries', 20, '2020-11-13 09:54:21', '2020-11-13 09:54:21'),
(918, 7, 'updated', 'receiving', 9, '2020-11-13 09:54:37', '2020-11-13 09:54:37'),
(919, 7, 'updated', 'deliveries', 18, '2020-11-13 09:54:37', '2020-11-13 09:54:37'),
(920, 7, 'updated', 'receiving', 8, '2020-11-13 09:54:52', '2020-11-13 09:54:52'),
(921, 7, 'updated', 'deliveries', 19, '2020-11-13 09:54:52', '2020-11-13 09:54:52'),
(922, 7, 'updated', 'receiving', 7, '2020-11-13 09:55:05', '2020-11-13 09:55:05'),
(923, 7, 'updated', 'deliveries', 20, '2020-11-13 09:55:05', '2020-11-13 09:55:05'),
(924, 7, 'updated', 'receiving', 6, '2020-11-13 09:55:26', '2020-11-13 09:55:26'),
(925, 7, 'updated', 'deliveries', 21, '2020-11-13 09:55:26', '2020-11-13 09:55:26'),
(926, 7, 'updated', 'receiving', 6, '2020-11-13 09:55:26', '2020-11-13 09:55:26'),
(927, 7, 'updated', 'deliveries', 21, '2020-11-13 09:55:26', '2020-11-13 09:55:26'),
(928, 7, 'updated', 'receiving', 5, '2020-11-13 09:55:40', '2020-11-13 09:55:40'),
(929, 7, 'updated', 'deliveries', 22, '2020-11-13 09:55:40', '2020-11-13 09:55:40'),
(930, 1, 'created', 'approvers', 18, '2020-11-13 10:01:34', '2020-11-13 10:01:34'),
(931, 3, 'updated', 'transactions', 9, '2020-11-13 10:09:07', '2020-11-13 10:09:07'),
(932, 3, 'updated', 'transactions', 10, '2020-11-13 10:09:23', '2020-11-13 10:09:23'),
(933, 3, 'updated', 'transactions', 8, '2020-11-13 10:10:07', '2020-11-13 10:10:07'),
(934, 3, 'updated', 'transactions', 7, '2020-11-13 10:10:20', '2020-11-13 10:10:20'),
(935, 3, 'updated', 'transactions', 11, '2020-11-13 10:12:37', '2020-11-13 10:12:37'),
(936, 3, 'updated', 'transactions', 12, '2020-11-13 10:12:48', '2020-11-13 10:12:48'),
(937, 3, 'updated', 'transactions', 13, '2020-11-13 10:13:30', '2020-11-13 10:13:30'),
(938, 3, 'updated', 'transactions', 15, '2020-11-13 10:16:43', '2020-11-13 10:16:43'),
(939, 3, 'updated', 'transactions', 16, '2020-11-13 10:16:55', '2020-11-13 10:16:55'),
(940, 3, 'updated', 'transactions', 17, '2020-11-13 10:18:03', '2020-11-13 10:18:03'),
(941, 3, 'updated', 'transactions', 18, '2020-11-13 10:18:29', '2020-11-13 10:18:29'),
(942, 3, 'updated', 'transactions', 5, '2020-11-13 10:19:01', '2020-11-13 10:19:01'),
(943, 3, 'updated', 'transactions', 6, '2020-11-13 10:19:19', '2020-11-13 10:19:19'),
(944, 3, 'updated', 'users', 3, '2020-11-13 10:53:14', '2020-11-13 10:53:14'),
(945, 3, 'updated', 'users', 3, '2020-11-13 12:09:57', '2020-11-13 12:09:57'),
(946, 3, 'updated', 'transactions', 14, '2020-11-13 12:10:31', '2020-11-13 12:10:31'),
(947, 7, 'created', 'transactions', 19, '2020-11-13 12:22:16', '2020-11-13 12:22:16'),
(948, 7, 'created', 'transactions', 19, '2020-11-13 12:22:16', '2020-11-13 12:22:16'),
(949, 7, 'updated', 'transactions', 19, '2020-11-13 12:22:44', '2020-11-13 12:22:44'),
(950, 7, 'created', 'transactions', 20, '2020-11-13 12:37:52', '2020-11-13 12:37:52'),
(951, 7, 'created', 'transactions', 20, '2020-11-13 12:37:52', '2020-11-13 12:37:52'),
(952, 7, 'updated', 'transactions', 20, '2020-11-13 12:38:42', '2020-11-13 12:38:42'),
(953, 7, 'created', 'transactions', 21, '2020-11-16 08:36:48', '2020-11-16 08:36:48'),
(954, 7, 'created', 'transactions', 21, '2020-11-16 08:36:48', '2020-11-16 08:36:48'),
(955, 7, 'created', 'transactions', 22, '2020-11-16 08:44:24', '2020-11-16 08:44:24'),
(956, 7, 'created', 'transactions', 22, '2020-11-16 08:44:24', '2020-11-16 08:44:24'),
(957, 1, 'updated', 'productlist', 91, '2020-11-16 08:47:32', '2020-11-16 08:47:32'),
(958, 1, 'updated', 'productlist', 91, '2020-11-16 08:49:10', '2020-11-16 08:49:10'),
(959, 7, 'created', 'transactions', 23, '2020-11-16 08:50:05', '2020-11-16 08:50:05'),
(960, 7, 'created', 'transactions', 23, '2020-11-16 08:50:05', '2020-11-16 08:50:05'),
(961, 7, 'updated', 'transactions', 23, '2020-11-16 08:51:12', '2020-11-16 08:51:12'),
(962, 7, 'updated', 'transactions', 21, '2020-11-16 08:52:00', '2020-11-16 08:52:00'),
(963, 7, 'created', 'transactions', 24, '2020-11-16 15:38:55', '2020-11-16 15:38:55'),
(964, 7, 'created', 'transactions', 24, '2020-11-16 15:38:55', '2020-11-16 15:38:55'),
(965, 7, 'updated', 'transactions', 24, '2020-11-16 15:39:16', '2020-11-16 15:39:16'),
(966, 1, 'updated', 'users', 1, '2020-11-20 15:42:27', '2020-11-20 15:42:27'),
(967, 7, 'updated', 'transactions', 22, '2020-11-24 12:15:10', '2020-11-24 12:15:10'),
(968, 7, 'created', 'transactions', 25, '2020-11-24 12:17:17', '2020-11-24 12:17:17'),
(969, 7, 'created', 'transactions', 25, '2020-11-24 12:17:17', '2020-11-24 12:17:17'),
(970, 7, 'created', 'transactions', 26, '2020-11-24 12:18:51', '2020-11-24 12:18:51'),
(971, 7, 'created', 'transactions', 26, '2020-11-24 12:18:51', '2020-11-24 12:18:51'),
(972, 7, 'created', 'transactions', 27, '2020-11-24 12:20:26', '2020-11-24 12:20:26'),
(973, 7, 'created', 'transactions', 27, '2020-11-24 12:20:26', '2020-11-24 12:20:26'),
(974, 7, 'created', 'transactions', 28, '2020-11-24 12:21:35', '2020-11-24 12:21:35'),
(975, 7, 'created', 'transactions', 28, '2020-11-24 12:21:35', '2020-11-24 12:21:35'),
(976, 1, 'updated', 'users', 1, '2020-11-24 12:25:38', '2020-11-24 12:25:38'),
(977, 7, 'created', 'transactions', 29, '2020-11-24 12:27:12', '2020-11-24 12:27:12'),
(978, 7, 'created', 'transactions', 29, '2020-11-24 12:27:12', '2020-11-24 12:27:12'),
(979, 7, 'created', 'transactions', 30, '2020-11-24 12:28:11', '2020-11-24 12:28:11'),
(980, 7, 'created', 'transactions', 30, '2020-11-24 12:28:11', '2020-11-24 12:28:11'),
(981, 1, 'updated', 'users', 1, '2020-11-24 12:28:12', '2020-11-24 12:28:12'),
(982, 7, 'created', 'transactions', 31, '2020-11-24 12:30:03', '2020-11-24 12:30:03'),
(983, 7, 'created', 'transactions', 31, '2020-11-24 12:30:03', '2020-11-24 12:30:03'),
(984, 7, 'created', 'transactions', 32, '2020-11-24 12:30:34', '2020-11-24 12:30:34'),
(985, 7, 'created', 'transactions', 32, '2020-11-24 12:30:34', '2020-11-24 12:30:34'),
(986, 7, 'created', 'transactions', 33, '2020-11-24 12:31:26', '2020-11-24 12:31:26'),
(987, 7, 'created', 'transactions', 33, '2020-11-24 12:31:26', '2020-11-24 12:31:26'),
(988, 7, 'created', 'transactions', 34, '2020-11-24 12:32:38', '2020-11-24 12:32:38'),
(989, 7, 'created', 'transactions', 34, '2020-11-24 12:32:38', '2020-11-24 12:32:38'),
(990, 7, 'created', 'transactions', 35, '2020-11-24 12:34:06', '2020-11-24 12:34:06'),
(991, 7, 'created', 'transactions', 35, '2020-11-24 12:34:06', '2020-11-24 12:34:06'),
(992, 7, 'created', 'transactions', 36, '2020-11-24 12:34:38', '2020-11-24 12:34:38'),
(993, 7, 'created', 'transactions', 36, '2020-11-24 12:34:38', '2020-11-24 12:34:38'),
(994, 7, 'created', 'transactions', 37, '2020-11-24 12:35:46', '2020-11-24 12:35:46'),
(995, 7, 'created', 'transactions', 37, '2020-11-24 12:35:46', '2020-11-24 12:35:46'),
(996, 7, 'created', 'transactions', 38, '2020-11-24 12:36:20', '2020-11-24 12:36:20'),
(997, 7, 'created', 'transactions', 38, '2020-11-24 12:36:20', '2020-11-24 12:36:20'),
(998, 7, 'created', 'transactions', 39, '2020-11-24 12:36:53', '2020-11-24 12:36:53'),
(999, 7, 'created', 'transactions', 39, '2020-11-24 12:36:53', '2020-11-24 12:36:53'),
(1000, 7, 'created', 'transactions', 40, '2020-11-24 12:40:45', '2020-11-24 12:40:45'),
(1001, 7, 'created', 'transactions', 40, '2020-11-24 12:40:45', '2020-11-24 12:40:45'),
(1002, 7, 'created', 'transactions', 41, '2020-11-24 12:41:25', '2020-11-24 12:41:25'),
(1003, 7, 'created', 'transactions', 41, '2020-11-24 12:41:25', '2020-11-24 12:41:25'),
(1004, 7, 'created', 'transactions', 42, '2020-11-24 12:41:53', '2020-11-24 12:41:53'),
(1005, 7, 'created', 'transactions', 42, '2020-11-24 12:41:53', '2020-11-24 12:41:53'),
(1006, 7, 'created', 'transactions', 43, '2020-11-24 12:43:01', '2020-11-24 12:43:01'),
(1007, 7, 'created', 'transactions', 43, '2020-11-24 12:43:01', '2020-11-24 12:43:01'),
(1008, 7, 'created', 'transactions', 44, '2020-11-24 12:43:34', '2020-11-24 12:43:34'),
(1009, 7, 'created', 'transactions', 44, '2020-11-24 12:43:34', '2020-11-24 12:43:34'),
(1010, 7, 'created', 'transactions', 45, '2020-11-24 12:44:36', '2020-11-24 12:44:36'),
(1011, 7, 'created', 'transactions', 45, '2020-11-24 12:44:36', '2020-11-24 12:44:36'),
(1012, 7, 'created', 'transactions', 46, '2020-11-24 12:45:40', '2020-11-24 12:45:40'),
(1013, 7, 'created', 'transactions', 46, '2020-11-24 12:45:40', '2020-11-24 12:45:40'),
(1014, 7, 'created', 'transactions', 47, '2020-11-24 12:46:09', '2020-11-24 12:46:09'),
(1015, 7, 'created', 'transactions', 47, '2020-11-24 12:46:09', '2020-11-24 12:46:09'),
(1016, 7, 'created', 'transactions', 48, '2020-11-24 12:46:26', '2020-11-24 12:46:26'),
(1017, 7, 'created', 'transactions', 48, '2020-11-24 12:46:26', '2020-11-24 12:46:26'),
(1018, 7, 'created', 'transactions', 49, '2020-11-24 12:46:46', '2020-11-24 12:46:46'),
(1019, 7, 'created', 'transactions', 49, '2020-11-24 12:46:46', '2020-11-24 12:46:46'),
(1020, 7, 'created', 'transactions', 50, '2020-11-24 12:47:02', '2020-11-24 12:47:02'),
(1021, 7, 'created', 'transactions', 50, '2020-11-24 12:47:02', '2020-11-24 12:47:02'),
(1022, 7, 'created', 'transactions', 51, '2020-11-24 12:48:51', '2020-11-24 12:48:51'),
(1023, 7, 'created', 'transactions', 51, '2020-11-24 12:48:51', '2020-11-24 12:48:51'),
(1024, 7, 'created', 'transactions', 52, '2020-11-24 12:49:21', '2020-11-24 12:49:21'),
(1025, 7, 'created', 'transactions', 52, '2020-11-24 12:49:21', '2020-11-24 12:49:21'),
(1026, 7, 'updated', 'transactions', 52, '2020-11-24 12:51:25', '2020-11-24 12:51:25'),
(1027, 7, 'updated', 'transactions', 51, '2020-11-24 12:51:34', '2020-11-24 12:51:34'),
(1028, 7, 'updated', 'transactions', 50, '2020-11-24 12:52:28', '2020-11-24 12:52:28'),
(1029, 7, 'updated', 'transactions', 49, '2020-11-24 12:52:39', '2020-11-24 12:52:39'),
(1030, 7, 'updated', 'transactions', 48, '2020-11-24 12:52:49', '2020-11-24 12:52:49'),
(1031, 7, 'updated', 'transactions', 47, '2020-11-24 12:52:57', '2020-11-24 12:52:57'),
(1032, 7, 'updated', 'transactions', 46, '2020-11-24 12:53:09', '2020-11-24 12:53:09'),
(1033, 7, 'updated', 'transactions', 45, '2020-11-24 12:53:23', '2020-11-24 12:53:23'),
(1034, 7, 'updated', 'transactions', 44, '2020-11-24 12:53:45', '2020-11-24 12:53:45'),
(1035, 7, 'updated', 'transactions', 43, '2020-11-24 12:53:55', '2020-11-24 12:53:55'),
(1036, 7, 'updated', 'transactions', 42, '2020-11-24 12:54:25', '2020-11-24 12:54:25'),
(1037, 7, 'updated', 'transactions', 41, '2020-11-24 12:54:39', '2020-11-24 12:54:39'),
(1038, 7, 'updated', 'transactions', 40, '2020-11-24 12:54:53', '2020-11-24 12:54:53'),
(1039, 7, 'updated', 'transactions', 39, '2020-11-24 12:55:23', '2020-11-24 12:55:23'),
(1040, 7, 'updated', 'transactions', 38, '2020-11-24 12:55:37', '2020-11-24 12:55:37'),
(1041, 7, 'updated', 'transactions', 37, '2020-11-24 12:55:47', '2020-11-24 12:55:47'),
(1042, 7, 'updated', 'transactions', 36, '2020-11-24 12:56:08', '2020-11-24 12:56:08'),
(1043, 7, 'updated', 'transactions', 35, '2020-11-24 12:56:21', '2020-11-24 12:56:21'),
(1044, 7, 'updated', 'transactions', 34, '2020-11-24 12:56:31', '2020-11-24 12:56:31'),
(1045, 7, 'updated', 'transactions', 33, '2020-11-24 12:56:40', '2020-11-24 12:56:40'),
(1046, 7, 'updated', 'transactions', 32, '2020-11-24 12:57:05', '2020-11-24 12:57:05'),
(1047, 7, 'updated', 'transactions', 32, '2020-11-24 12:57:05', '2020-11-24 12:57:05'),
(1048, 7, 'updated', 'transactions', 31, '2020-11-24 12:57:16', '2020-11-24 12:57:16'),
(1049, 7, 'updated', 'transactions', 30, '2020-11-24 12:57:36', '2020-11-24 12:57:36'),
(1050, 7, 'updated', 'transactions', 29, '2020-11-24 12:57:48', '2020-11-24 12:57:48'),
(1051, 7, 'updated', 'transactions', 28, '2020-11-24 12:58:23', '2020-11-24 12:58:23'),
(1052, 7, 'updated', 'transactions', 28, '2020-11-24 12:58:23', '2020-11-24 12:58:23'),
(1053, 7, 'updated', 'transactions', 27, '2020-11-24 12:58:38', '2020-11-24 12:58:38'),
(1054, 7, 'updated', 'transactions', 26, '2020-11-24 12:59:00', '2020-11-24 12:59:00'),
(1055, 7, 'updated', 'transactions', 25, '2020-11-24 12:59:12', '2020-11-24 12:59:12'),
(1056, 7, 'created', 'receiving', 23, '2020-11-24 13:08:11', '2020-11-24 13:08:11'),
(1057, 7, 'created', 'receiving', 23, '2020-11-24 13:08:11', '2020-11-24 13:08:11'),
(1058, 7, 'created', 'receiving_details', 80, '2020-11-24 13:08:11', '2020-11-24 13:08:11'),
(1059, 7, 'created', 'receiving_details', 81, '2020-11-24 13:08:11', '2020-11-24 13:08:11'),
(1060, 7, 'created', 'receiving_details', 82, '2020-11-24 13:08:11', '2020-11-24 13:08:11'),
(1061, 7, 'created', 'receiving_details', 83, '2020-11-24 13:08:11', '2020-11-24 13:08:11'),
(1062, 7, 'created', 'receiving_details', 84, '2020-11-24 13:08:11', '2020-11-24 13:08:11'),
(1063, 7, 'created', 'receiving_details', 85, '2020-11-24 13:08:11', '2020-11-24 13:08:11'),
(1064, 7, 'created', 'receiving_details', 86, '2020-11-24 13:08:11', '2020-11-24 13:08:11'),
(1065, 7, 'created', 'receiving_details', 87, '2020-11-24 13:08:11', '2020-11-24 13:08:11'),
(1066, 7, 'created', 'receiving_details', 88, '2020-11-24 13:08:11', '2020-11-24 13:08:11'),
(1067, 7, 'created', 'receiving_details', 89, '2020-11-24 13:08:11', '2020-11-24 13:08:11'),
(1068, 7, 'created', 'receiving', 24, '2020-11-24 13:08:37', '2020-11-24 13:08:37'),
(1069, 7, 'created', 'receiving', 24, '2020-11-24 13:08:37', '2020-11-24 13:08:37'),
(1070, 7, 'created', 'receiving_details', 90, '2020-11-24 13:08:37', '2020-11-24 13:08:37'),
(1071, 7, 'created', 'receiving_details', 91, '2020-11-24 13:08:37', '2020-11-24 13:08:37'),
(1072, 7, 'created', 'receiving_details', 92, '2020-11-24 13:08:37', '2020-11-24 13:08:37'),
(1073, 7, 'created', 'receiving_details', 93, '2020-11-24 13:08:37', '2020-11-24 13:08:37'),
(1074, 7, 'created', 'receiving_details', 94, '2020-11-24 13:08:37', '2020-11-24 13:08:37'),
(1075, 7, 'created', 'receiving_details', 95, '2020-11-24 13:08:37', '2020-11-24 13:08:37'),
(1076, 7, 'created', 'receiving_details', 96, '2020-11-24 13:08:37', '2020-11-24 13:08:37'),
(1077, 7, 'created', 'receiving_details', 97, '2020-11-24 13:08:37', '2020-11-24 13:08:37'),
(1078, 7, 'created', 'receiving_details', 98, '2020-11-24 13:08:37', '2020-11-24 13:08:37'),
(1079, 7, 'created', 'receiving_details', 99, '2020-11-24 13:08:37', '2020-11-24 13:08:37'),
(1080, 7, 'updated', 'receiving', 23, '2020-11-24 13:12:00', '2020-11-24 13:12:00'),
(1081, 7, 'created', 'receiving', 25, '2020-11-24 13:12:34', '2020-11-24 13:12:34'),
(1082, 7, 'created', 'receiving', 25, '2020-11-24 13:12:34', '2020-11-24 13:12:34'),
(1083, 7, 'created', 'receiving_details', 100, '2020-11-24 13:12:34', '2020-11-24 13:12:34'),
(1084, 7, 'created', 'receiving_details', 101, '2020-11-24 13:12:34', '2020-11-24 13:12:34'),
(1085, 7, 'created', 'receiving_details', 102, '2020-11-24 13:12:34', '2020-11-24 13:12:34'),
(1086, 7, 'created', 'receiving_details', 103, '2020-11-24 13:12:34', '2020-11-24 13:12:34'),
(1087, 7, 'created', 'receiving_details', 104, '2020-11-24 13:12:34', '2020-11-24 13:12:34'),
(1088, 7, 'created', 'receiving', 26, '2020-11-24 13:12:48', '2020-11-24 13:12:48'),
(1089, 7, 'created', 'receiving', 26, '2020-11-24 13:12:48', '2020-11-24 13:12:48'),
(1090, 7, 'created', 'receiving_details', 105, '2020-11-24 13:12:48', '2020-11-24 13:12:48'),
(1091, 7, 'created', 'receiving_details', 106, '2020-11-24 13:12:48', '2020-11-24 13:12:48'),
(1092, 7, 'created', 'receiving_details', 107, '2020-11-24 13:12:48', '2020-11-24 13:12:48'),
(1093, 7, 'created', 'receiving_details', 108, '2020-11-24 13:12:48', '2020-11-24 13:12:48'),
(1094, 7, 'created', 'receiving', 27, '2020-11-24 13:13:08', '2020-11-24 13:13:08'),
(1095, 7, 'created', 'receiving', 27, '2020-11-24 13:13:08', '2020-11-24 13:13:08'),
(1096, 7, 'created', 'receiving_details', 109, '2020-11-24 13:13:08', '2020-11-24 13:13:08'),
(1097, 7, 'created', 'receiving_details', 110, '2020-11-24 13:13:08', '2020-11-24 13:13:08'),
(1098, 7, 'created', 'receiving_details', 111, '2020-11-24 13:13:08', '2020-11-24 13:13:08'),
(1099, 7, 'created', 'receiving_details', 112, '2020-11-24 13:13:08', '2020-11-24 13:13:08'),
(1100, 7, 'created', 'receiving_details', 113, '2020-11-24 13:13:08', '2020-11-24 13:13:08'),
(1101, 7, 'created', 'receiving_details', 114, '2020-11-24 13:13:08', '2020-11-24 13:13:08'),
(1102, 7, 'created', 'receiving_details', 115, '2020-11-24 13:13:08', '2020-11-24 13:13:08'),
(1103, 7, 'created', 'receiving_details', 116, '2020-11-24 13:13:08', '2020-11-24 13:13:08'),
(1104, 7, 'created', 'receiving_details', 117, '2020-11-24 13:13:08', '2020-11-24 13:13:08'),
(1105, 7, 'created', 'receiving_details', 118, '2020-11-24 13:13:08', '2020-11-24 13:13:08'),
(1106, 7, 'created', 'receiving_details', 119, '2020-11-24 13:13:08', '2020-11-24 13:13:08'),
(1107, 7, 'created', 'receiving_details', 120, '2020-11-24 13:13:08', '2020-11-24 13:13:08'),
(1108, 7, 'created', 'receiving', 28, '2020-11-24 13:13:49', '2020-11-24 13:13:49'),
(1109, 7, 'created', 'receiving', 28, '2020-11-24 13:13:49', '2020-11-24 13:13:49'),
(1110, 7, 'created', 'receiving_details', 121, '2020-11-24 13:13:49', '2020-11-24 13:13:49'),
(1111, 7, 'created', 'receiving_details', 122, '2020-11-24 13:13:49', '2020-11-24 13:13:49'),
(1112, 7, 'created', 'receiving_details', 123, '2020-11-24 13:13:49', '2020-11-24 13:13:49'),
(1113, 7, 'created', 'receiving_details', 124, '2020-11-24 13:13:49', '2020-11-24 13:13:49'),
(1114, 7, 'created', 'receiving_details', 125, '2020-11-24 13:13:49', '2020-11-24 13:13:49'),
(1115, 7, 'created', 'receiving_details', 126, '2020-11-24 13:13:49', '2020-11-24 13:13:49'),
(1116, 7, 'created', 'receiving_details', 127, '2020-11-24 13:13:49', '2020-11-24 13:13:49'),
(1117, 7, 'created', 'receiving_details', 128, '2020-11-24 13:13:49', '2020-11-24 13:13:49'),
(1118, 7, 'created', 'receiving_details', 129, '2020-11-24 13:13:49', '2020-11-24 13:13:49'),
(1119, 7, 'created', 'receiving_details', 130, '2020-11-24 13:13:49', '2020-11-24 13:13:49'),
(1120, 7, 'created', 'receiving_details', 131, '2020-11-24 13:13:49', '2020-11-24 13:13:49'),
(1121, 7, 'created', 'receiving_details', 132, '2020-11-24 13:13:49', '2020-11-24 13:13:49'),
(1122, 7, 'created', 'receiving', 29, '2020-11-24 13:14:05', '2020-11-24 13:14:05'),
(1123, 7, 'created', 'receiving', 29, '2020-11-24 13:14:05', '2020-11-24 13:14:05'),
(1124, 7, 'created', 'receiving_details', 133, '2020-11-24 13:14:05', '2020-11-24 13:14:05'),
(1125, 7, 'created', 'receiving_details', 134, '2020-11-24 13:14:05', '2020-11-24 13:14:05'),
(1126, 7, 'created', 'receiving_details', 135, '2020-11-24 13:14:05', '2020-11-24 13:14:05'),
(1127, 7, 'created', 'receiving_details', 136, '2020-11-24 13:14:05', '2020-11-24 13:14:05'),
(1128, 7, 'created', 'receiving_details', 137, '2020-11-24 13:14:05', '2020-11-24 13:14:05'),
(1129, 7, 'created', 'receiving_details', 138, '2020-11-24 13:14:05', '2020-11-24 13:14:05'),
(1130, 7, 'created', 'receiving_details', 139, '2020-11-24 13:14:05', '2020-11-24 13:14:05'),
(1131, 7, 'created', 'receiving_details', 140, '2020-11-24 13:14:05', '2020-11-24 13:14:05'),
(1132, 7, 'created', 'receiving_details', 141, '2020-11-24 13:14:05', '2020-11-24 13:14:05'),
(1133, 7, 'created', 'receiving_details', 142, '2020-11-24 13:14:05', '2020-11-24 13:14:05'),
(1134, 7, 'updated', 'receiving', 24, '2020-11-24 13:14:28', '2020-11-24 13:14:28'),
(1135, 7, 'updated', 'deliveries', 5, '2020-11-24 13:14:28', '2020-11-24 13:14:28'),
(1136, 7, 'updated', 'receiving', 25, '2020-11-24 13:14:36', '2020-11-24 13:14:36'),
(1137, 7, 'updated', 'deliveries', 6, '2020-11-24 13:14:36', '2020-11-24 13:14:36'),
(1138, 7, 'updated', 'receiving', 26, '2020-11-24 13:14:43', '2020-11-24 13:14:43'),
(1139, 7, 'updated', 'deliveries', 7, '2020-11-24 13:14:43', '2020-11-24 13:14:43'),
(1140, 7, 'updated', 'receiving', 27, '2020-11-24 13:14:51', '2020-11-24 13:14:51'),
(1141, 7, 'updated', 'deliveries', 8, '2020-11-24 13:14:51', '2020-11-24 13:14:51'),
(1142, 7, 'updated', 'receiving', 28, '2020-11-24 13:14:58', '2020-11-24 13:14:58'),
(1143, 7, 'updated', 'deliveries', 9, '2020-11-24 13:14:58', '2020-11-24 13:14:58'),
(1144, 7, 'updated', 'receiving', 29, '2020-11-24 13:15:07', '2020-11-24 13:15:07'),
(1145, 7, 'updated', 'deliveries', 10, '2020-11-24 13:15:07', '2020-11-24 13:15:07'),
(1146, 7, 'created', 'returns', 3, '2020-11-25 10:38:18', '2020-11-25 10:38:18'),
(1147, 7, 'created', 'returns', 3, '2020-11-25 10:38:18', '2020-11-25 10:38:18'),
(1148, 7, 'created', 'returns_details', 5, '2020-11-25 10:38:18', '2020-11-25 10:38:18'),
(1149, 1, 'updated', 'returns', 3, '2020-11-25 10:39:10', '2020-11-25 10:39:10'),
(1150, 7, 'created', 'transactions', 53, '2020-11-25 11:58:50', '2020-11-25 11:58:50'),
(1151, 7, 'created', 'transactions', 53, '2020-11-25 11:58:50', '2020-11-25 11:58:50'),
(1152, 7, 'created', 'transactions', 54, '2020-11-25 12:01:02', '2020-11-25 12:01:02'),
(1153, 7, 'created', 'transactions', 54, '2020-11-25 12:01:02', '2020-11-25 12:01:02'),
(1154, 7, 'created', 'transactions', 55, '2020-11-25 12:02:18', '2020-11-25 12:02:18'),
(1155, 7, 'created', 'transactions', 55, '2020-11-25 12:02:18', '2020-11-25 12:02:18'),
(1156, 7, 'created', 'transactions', 56, '2020-11-25 12:14:07', '2020-11-25 12:14:07'),
(1157, 7, 'created', 'transactions', 56, '2020-11-25 12:14:07', '2020-11-25 12:14:07'),
(1158, 7, 'created', 'transactions', 57, '2020-11-25 12:18:54', '2020-11-25 12:18:54'),
(1159, 7, 'created', 'transactions', 57, '2020-11-25 12:18:54', '2020-11-25 12:18:54'),
(1160, 7, 'created', 'transactions', 58, '2020-11-25 12:18:54', '2020-11-25 12:18:54'),
(1161, 7, 'created', 'transactions', 58, '2020-11-25 12:18:54', '2020-11-25 12:18:54'),
(1162, 7, 'created', 'transactions', 59, '2020-11-25 12:18:54', '2020-11-25 12:18:54'),
(1163, 7, 'created', 'transactions', 59, '2020-11-25 12:18:54', '2020-11-25 12:18:54'),
(1164, 7, 'created', 'transactions', 60, '2020-11-25 12:18:55', '2020-11-25 12:18:55'),
(1165, 7, 'created', 'transactions', 60, '2020-11-25 12:18:55', '2020-11-25 12:18:55'),
(1166, 7, 'updated', 'transactions', 60, '2020-11-25 12:25:33', '2020-11-25 12:25:33'),
(1167, 7, 'updated', 'transactions', 59, '2020-11-25 12:25:47', '2020-11-25 12:25:47'),
(1168, 7, 'updated', 'transactions', 58, '2020-11-25 12:25:59', '2020-11-25 12:25:59'),
(1169, 7, 'updated', 'transactions', 57, '2020-11-25 12:26:12', '2020-11-25 12:26:12'),
(1170, 7, 'created', 'transactions', 61, '2020-11-25 12:57:59', '2020-11-25 12:57:59');
INSERT INTO `users_logs` (`id`, `user_id`, `action`, `action_model`, `action_id`, `created_at`, `updated_at`) VALUES
(1171, 7, 'created', 'transactions', 61, '2020-11-25 12:58:00', '2020-11-25 12:58:00'),
(1172, 7, 'created', 'transactions', 62, '2020-11-25 12:58:53', '2020-11-25 12:58:53'),
(1173, 7, 'created', 'transactions', 62, '2020-11-25 12:58:53', '2020-11-25 12:58:53'),
(1174, 7, 'created', 'transactions', 63, '2020-11-25 12:59:13', '2020-11-25 12:59:13'),
(1175, 7, 'created', 'transactions', 63, '2020-11-25 12:59:13', '2020-11-25 12:59:13'),
(1176, 7, 'created', 'transactions', 64, '2020-11-25 12:59:29', '2020-11-25 12:59:29'),
(1177, 7, 'created', 'transactions', 64, '2020-11-25 12:59:29', '2020-11-25 12:59:29'),
(1178, 7, 'created', 'transactions', 65, '2020-11-25 12:59:46', '2020-11-25 12:59:46'),
(1179, 7, 'created', 'transactions', 65, '2020-11-25 12:59:46', '2020-11-25 12:59:46'),
(1180, 7, 'created', 'transactions', 66, '2020-11-25 13:01:06', '2020-11-25 13:01:06'),
(1181, 7, 'created', 'transactions', 66, '2020-11-25 13:01:06', '2020-11-25 13:01:06'),
(1182, 7, 'created', 'transactions', 67, '2020-11-25 13:01:29', '2020-11-25 13:01:29'),
(1183, 7, 'created', 'transactions', 67, '2020-11-25 13:01:29', '2020-11-25 13:01:29'),
(1184, 7, 'created', 'transactions', 68, '2020-11-25 13:04:29', '2020-11-25 13:04:29'),
(1185, 7, 'created', 'transactions', 68, '2020-11-25 13:04:29', '2020-11-25 13:04:29'),
(1186, 7, 'created', 'transactions', 69, '2020-11-25 13:04:49', '2020-11-25 13:04:49'),
(1187, 7, 'created', 'transactions', 69, '2020-11-25 13:04:49', '2020-11-25 13:04:49'),
(1188, 7, 'created', 'transactions', 70, '2020-11-25 13:10:18', '2020-11-25 13:10:18'),
(1189, 7, 'created', 'transactions', 70, '2020-11-25 13:10:18', '2020-11-25 13:10:18'),
(1190, 7, 'created', 'transactions', 71, '2020-11-25 13:11:37', '2020-11-25 13:11:37'),
(1191, 7, 'created', 'transactions', 71, '2020-11-25 13:11:37', '2020-11-25 13:11:37'),
(1192, 7, 'created', 'transactions', 72, '2020-11-25 13:12:26', '2020-11-25 13:12:26'),
(1193, 7, 'created', 'transactions', 72, '2020-11-25 13:12:26', '2020-11-25 13:12:26'),
(1194, 7, 'created', 'transactions', 73, '2020-11-25 13:13:26', '2020-11-25 13:13:26'),
(1195, 7, 'created', 'transactions', 73, '2020-11-25 13:13:26', '2020-11-25 13:13:26'),
(1196, 7, 'created', 'transactions', 74, '2020-11-25 13:14:31', '2020-11-25 13:14:31'),
(1197, 7, 'created', 'transactions', 74, '2020-11-25 13:14:31', '2020-11-25 13:14:31'),
(1198, 7, 'created', 'transactions', 75, '2020-11-25 13:18:25', '2020-11-25 13:18:25'),
(1199, 7, 'created', 'transactions', 75, '2020-11-25 13:18:25', '2020-11-25 13:18:25'),
(1200, 7, 'updated', 'transactions', 75, '2020-11-25 13:26:03', '2020-11-25 13:26:03'),
(1201, 7, 'updated', 'transactions', 74, '2020-11-25 13:26:18', '2020-11-25 13:26:18'),
(1202, 7, 'updated', 'transactions', 73, '2020-11-25 13:26:28', '2020-11-25 13:26:28'),
(1203, 7, 'updated', 'transactions', 72, '2020-11-25 13:26:38', '2020-11-25 13:26:38'),
(1204, 7, 'updated', 'transactions', 71, '2020-11-25 13:26:53', '2020-11-25 13:26:53'),
(1205, 7, 'updated', 'transactions', 70, '2020-11-25 13:27:05', '2020-11-25 13:27:05'),
(1206, 7, 'updated', 'transactions', 69, '2020-11-25 13:27:17', '2020-11-25 13:27:17'),
(1207, 7, 'updated', 'transactions', 68, '2020-11-25 13:27:27', '2020-11-25 13:27:27'),
(1208, 7, 'updated', 'transactions', 67, '2020-11-25 13:27:38', '2020-11-25 13:27:38'),
(1209, 7, 'updated', 'transactions', 66, '2020-11-25 13:27:50', '2020-11-25 13:27:50'),
(1210, 7, 'updated', 'transactions', 65, '2020-11-25 13:28:25', '2020-11-25 13:28:25'),
(1211, 7, 'updated', 'transactions', 64, '2020-11-25 13:28:39', '2020-11-25 13:28:39'),
(1212, 7, 'updated', 'transactions', 63, '2020-11-25 13:28:56', '2020-11-25 13:28:56'),
(1213, 7, 'updated', 'transactions', 62, '2020-11-25 13:29:10', '2020-11-25 13:29:10'),
(1214, 7, 'updated', 'transactions', 61, '2020-11-25 13:29:27', '2020-11-25 13:29:27'),
(1215, 7, 'updated', 'transactions', 56, '2020-11-25 13:29:37', '2020-11-25 13:29:37'),
(1216, 7, 'updated', 'transactions', 55, '2020-11-25 13:29:58', '2020-11-25 13:29:58'),
(1217, 7, 'updated', 'transactions', 54, '2020-11-25 13:30:12', '2020-11-25 13:30:12'),
(1218, 7, 'updated', 'transactions', 53, '2020-11-25 13:30:24', '2020-11-25 13:30:24'),
(1219, 7, 'created', 'transactions', 76, '2020-11-25 13:53:28', '2020-11-25 13:53:28'),
(1220, 7, 'created', 'transactions', 76, '2020-11-25 13:53:28', '2020-11-25 13:53:28'),
(1221, 7, 'created', 'transactions', 77, '2020-11-25 13:55:21', '2020-11-25 13:55:21'),
(1222, 7, 'created', 'transactions', 77, '2020-11-25 13:55:21', '2020-11-25 13:55:21'),
(1223, 7, 'created', 'transactions', 78, '2020-11-25 13:56:26', '2020-11-25 13:56:26'),
(1224, 7, 'created', 'transactions', 78, '2020-11-25 13:56:26', '2020-11-25 13:56:26'),
(1225, 7, 'created', 'transactions', 79, '2020-11-25 13:57:11', '2020-11-25 13:57:11'),
(1226, 7, 'created', 'transactions', 79, '2020-11-25 13:57:11', '2020-11-25 13:57:11'),
(1227, 7, 'updated', 'transactions', 79, '2020-11-25 14:00:58', '2020-11-25 14:00:58'),
(1228, 7, 'updated', 'transactions', 78, '2020-11-25 14:01:08', '2020-11-25 14:01:08'),
(1229, 7, 'updated', 'transactions', 77, '2020-11-25 14:01:16', '2020-11-25 14:01:16'),
(1230, 7, 'updated', 'transactions', 76, '2020-11-25 14:01:26', '2020-11-25 14:01:26'),
(1231, 1, 'updated', 'productlist', 8, '2020-12-02 14:00:38', '2020-12-02 14:00:38'),
(1232, 1, 'updated', 'productlist', 3, '2020-12-02 14:01:12', '2020-12-02 14:01:12'),
(1233, 1, 'updated', 'productlist', 24, '2020-12-02 14:02:10', '2020-12-02 14:02:10'),
(1234, 1, 'updated', 'productlist', 25, '2020-12-02 14:05:56', '2020-12-02 14:05:56'),
(1235, 1, 'updated', 'productlist', 23, '2020-12-02 14:06:25', '2020-12-02 14:06:25'),
(1236, 1, 'updated', 'productlist', 26, '2020-12-02 14:06:49', '2020-12-02 14:06:49'),
(1237, 1, 'created', 'productlist', 141, '2020-12-02 14:09:15', '2020-12-02 14:09:15'),
(1238, 1, 'updated', 'productlist', 141, '2020-12-02 14:09:37', '2020-12-02 14:09:37'),
(1239, 1, 'updated', 'productlist', 108, '2020-12-02 14:10:33', '2020-12-02 14:10:33'),
(1240, 1, 'created', 'productlist', 142, '2020-12-02 14:12:37', '2020-12-02 14:12:37'),
(1241, 1, 'updated', 'productlist', 142, '2020-12-02 14:13:34', '2020-12-02 14:13:34'),
(1242, 1, 'created', 'productlist', 143, '2020-12-02 14:15:00', '2020-12-02 14:15:00'),
(1243, 1, 'created', 'productlist', 144, '2020-12-02 14:24:41', '2020-12-02 14:24:41'),
(1244, 1, 'created', 'productlist', 145, '2020-12-02 14:25:52', '2020-12-02 14:25:52'),
(1245, 1, 'created', 'productlist', 146, '2020-12-02 14:28:52', '2020-12-02 14:28:52'),
(1246, 7, 'updated', 'users', 7, '2020-12-02 14:30:03', '2020-12-02 14:30:03'),
(1247, 1, 'updated', 'productlist', 144, '2020-12-02 14:31:32', '2020-12-02 14:31:32'),
(1248, 1, 'updated', 'productlist', 145, '2020-12-02 14:31:43', '2020-12-02 14:31:43'),
(1249, 1, 'created', 'productlist', 147, '2020-12-02 14:36:09', '2020-12-02 14:36:09'),
(1250, 1, 'updated', 'productlist', 147, '2020-12-02 14:51:28', '2020-12-02 14:51:28'),
(1251, 1, 'created', 'productlist', 148, '2020-12-02 14:52:25', '2020-12-02 14:52:25'),
(1252, 1, 'updated', 'productlist', 147, '2020-12-02 14:52:44', '2020-12-02 14:52:44'),
(1253, 1, 'updated', 'productlist', 148, '2020-12-02 14:52:56', '2020-12-02 14:52:56'),
(1254, 1, 'created', 'productlist', 149, '2020-12-02 14:54:03', '2020-12-02 14:54:03'),
(1255, 1, 'updated', 'productlist', 149, '2020-12-02 14:54:22', '2020-12-02 14:54:22'),
(1256, 7, 'updated', 'receiving', 2, '2020-12-02 15:14:11', '2020-12-02 15:14:11'),
(1257, 7, 'updated', 'deliveries', 3, '2020-12-02 15:14:11', '2020-12-02 15:14:11'),
(1258, 7, 'updated', 'receiving', 1, '2020-12-02 15:14:42', '2020-12-02 15:14:42'),
(1259, 1, 'updated', 'productlist', 22, '2020-12-02 15:15:27', '2020-12-02 15:15:27'),
(1260, 7, 'created', 'transactions', 80, '2020-12-04 14:36:50', '2020-12-04 14:36:50'),
(1261, 7, 'created', 'transactions', 80, '2020-12-04 14:36:50', '2020-12-04 14:36:50'),
(1262, 7, 'created', 'transactions', 81, '2020-12-04 14:38:21', '2020-12-04 14:38:21'),
(1263, 7, 'created', 'transactions', 81, '2020-12-04 14:38:21', '2020-12-04 14:38:21'),
(1264, 7, 'created', 'transactions', 82, '2020-12-04 14:39:23', '2020-12-04 14:39:23'),
(1265, 7, 'created', 'transactions', 82, '2020-12-04 14:39:23', '2020-12-04 14:39:23'),
(1266, 7, 'updated', 'transactions', 82, '2020-12-04 14:40:29', '2020-12-04 14:40:29'),
(1267, 7, 'updated', 'transactions', 81, '2020-12-04 14:40:39', '2020-12-04 14:40:39'),
(1268, 7, 'updated', 'transactions', 80, '2020-12-04 14:40:48', '2020-12-04 14:40:48'),
(1269, 7, 'created', 'transactions', 83, '2020-12-07 07:14:35', '2020-12-07 07:14:35'),
(1270, 7, 'created', 'transactions', 83, '2020-12-07 07:14:35', '2020-12-07 07:14:35'),
(1271, 7, 'created', 'transactions', 84, '2020-12-07 07:15:25', '2020-12-07 07:15:25'),
(1272, 7, 'created', 'transactions', 84, '2020-12-07 07:15:25', '2020-12-07 07:15:25'),
(1273, 7, 'created', 'transactions', 85, '2020-12-07 07:18:27', '2020-12-07 07:18:27'),
(1274, 7, 'created', 'transactions', 85, '2020-12-07 07:18:27', '2020-12-07 07:18:27'),
(1275, 7, 'created', 'transactions', 86, '2020-12-07 07:19:28', '2020-12-07 07:19:28'),
(1276, 7, 'created', 'transactions', 86, '2020-12-07 07:19:28', '2020-12-07 07:19:28'),
(1277, 7, 'updated', 'transactions', 86, '2020-12-07 07:19:48', '2020-12-07 07:19:48'),
(1278, 7, 'updated', 'transactions', 85, '2020-12-07 07:19:57', '2020-12-07 07:19:57'),
(1279, 7, 'updated', 'transactions', 84, '2020-12-07 07:20:07', '2020-12-07 07:20:07'),
(1280, 7, 'updated', 'transactions', 83, '2020-12-07 07:20:15', '2020-12-07 07:20:15'),
(1281, 7, 'created', 'transactions', 87, '2020-12-07 11:55:46', '2020-12-07 11:55:46'),
(1282, 7, 'created', 'transactions', 87, '2020-12-07 11:55:46', '2020-12-07 11:55:46'),
(1283, 7, 'created', 'transactions', 88, '2020-12-07 11:56:51', '2020-12-07 11:56:51'),
(1284, 7, 'created', 'transactions', 88, '2020-12-07 11:56:51', '2020-12-07 11:56:51'),
(1285, 7, 'updated', 'transactions', 88, '2020-12-07 11:56:58', '2020-12-07 11:56:58'),
(1286, 7, 'updated', 'transactions', 87, '2020-12-07 11:57:07', '2020-12-07 11:57:07'),
(1287, 7, 'created', 'transactions', 89, '2020-12-09 07:27:39', '2020-12-09 07:27:39'),
(1288, 7, 'created', 'transactions', 89, '2020-12-09 07:27:39', '2020-12-09 07:27:39'),
(1289, 7, 'created', 'transactions', 90, '2020-12-09 07:29:07', '2020-12-09 07:29:07'),
(1290, 7, 'created', 'transactions', 90, '2020-12-09 07:29:07', '2020-12-09 07:29:07'),
(1291, 7, 'updated', 'transactions', 90, '2020-12-09 07:29:18', '2020-12-09 07:29:18'),
(1292, 7, 'updated', 'transactions', 89, '2020-12-09 07:29:27', '2020-12-09 07:29:27'),
(1293, 7, 'created', 'transactions', 91, '2020-12-14 07:51:32', '2020-12-14 07:51:32'),
(1294, 7, 'created', 'transactions', 91, '2020-12-14 07:51:32', '2020-12-14 07:51:32'),
(1295, 7, 'created', 'transactions', 92, '2020-12-14 07:51:32', '2020-12-14 07:51:32'),
(1296, 7, 'created', 'transactions', 92, '2020-12-14 07:51:32', '2020-12-14 07:51:32'),
(1297, 7, 'updated', 'transactions', 91, '2020-12-14 07:51:51', '2020-12-14 07:51:51'),
(1298, 7, 'created', 'transactions', 93, '2020-12-14 07:52:59', '2020-12-14 07:52:59'),
(1299, 7, 'created', 'transactions', 93, '2020-12-14 07:52:59', '2020-12-14 07:52:59'),
(1300, 7, 'created', 'transactions', 94, '2020-12-14 07:53:59', '2020-12-14 07:53:59'),
(1301, 7, 'created', 'transactions', 94, '2020-12-14 07:53:59', '2020-12-14 07:53:59'),
(1302, 7, 'created', 'transactions', 95, '2020-12-14 07:55:10', '2020-12-14 07:55:10'),
(1303, 7, 'created', 'transactions', 95, '2020-12-14 07:55:10', '2020-12-14 07:55:10'),
(1304, 7, 'created', 'transactions', 96, '2020-12-14 07:55:10', '2020-12-14 07:55:10'),
(1305, 7, 'created', 'transactions', 96, '2020-12-14 07:55:10', '2020-12-14 07:55:10'),
(1306, 7, 'updated', 'transactions', 96, '2020-12-14 07:55:25', '2020-12-14 07:55:25'),
(1307, 7, 'updated', 'transactions', 96, '2020-12-14 07:55:25', '2020-12-14 07:55:25'),
(1308, 7, 'updated', 'transactions', 95, '2020-12-14 07:55:35', '2020-12-14 07:55:35'),
(1309, 7, 'updated', 'transactions', 94, '2020-12-14 07:56:45', '2020-12-14 07:56:45'),
(1310, 7, 'updated', 'transactions', 94, '2020-12-14 07:56:45', '2020-12-14 07:56:45'),
(1311, 7, 'updated', 'transactions', 93, '2020-12-14 07:56:54', '2020-12-14 07:56:54'),
(1312, 7, 'updated', 'transactions', 92, '2020-12-14 07:57:07', '2020-12-14 07:57:07'),
(1313, 7, 'created', 'returns', 4, '2020-12-14 08:09:29', '2020-12-14 08:09:29'),
(1314, 7, 'created', 'returns', 4, '2020-12-14 08:09:29', '2020-12-14 08:09:29'),
(1315, 7, 'created', 'returns_details', 6, '2020-12-14 08:09:29', '2020-12-14 08:09:29'),
(1316, 7, 'created', 'returns', 5, '2020-12-14 08:09:29', '2020-12-14 08:09:29'),
(1317, 7, 'created', 'returns', 5, '2020-12-14 08:09:29', '2020-12-14 08:09:29'),
(1318, 7, 'created', 'returns_details', 7, '2020-12-14 08:09:29', '2020-12-14 08:09:29'),
(1319, 7, 'created', 'transactions', 97, '2020-12-14 09:52:25', '2020-12-14 09:52:25'),
(1320, 7, 'created', 'transactions', 97, '2020-12-14 09:52:25', '2020-12-14 09:52:25'),
(1321, 7, 'created', 'transactions', 98, '2020-12-14 09:54:01', '2020-12-14 09:54:01'),
(1322, 7, 'created', 'transactions', 98, '2020-12-14 09:54:01', '2020-12-14 09:54:01'),
(1323, 7, 'created', 'transactions', 99, '2020-12-14 09:55:19', '2020-12-14 09:55:19'),
(1324, 7, 'created', 'transactions', 99, '2020-12-14 09:55:19', '2020-12-14 09:55:19'),
(1325, 7, 'updated', 'transactions', 99, '2020-12-14 09:55:29', '2020-12-14 09:55:29'),
(1326, 7, 'updated', 'transactions', 99, '2020-12-14 09:55:29', '2020-12-14 09:55:29'),
(1327, 7, 'updated', 'transactions', 98, '2020-12-14 09:55:37', '2020-12-14 09:55:37'),
(1328, 7, 'updated', 'transactions', 98, '2020-12-14 09:55:37', '2020-12-14 09:55:37'),
(1329, 7, 'updated', 'transactions', 97, '2020-12-14 09:55:46', '2020-12-14 09:55:46'),
(1330, 7, 'updated', 'transactions', 97, '2020-12-14 09:55:46', '2020-12-14 09:55:46'),
(1331, 7, 'created', 'transactions', 100, '2020-12-15 11:55:29', '2020-12-15 11:55:29'),
(1332, 7, 'created', 'transactions', 100, '2020-12-15 11:55:29', '2020-12-15 11:55:29'),
(1333, 7, 'created', 'transactions', 101, '2020-12-15 11:56:20', '2020-12-15 11:56:20'),
(1334, 7, 'created', 'transactions', 101, '2020-12-15 11:56:20', '2020-12-15 11:56:20'),
(1335, 7, 'created', 'transactions', 102, '2020-12-15 11:57:13', '2020-12-15 11:57:13'),
(1336, 7, 'created', 'transactions', 102, '2020-12-15 11:57:13', '2020-12-15 11:57:13'),
(1337, 7, 'created', 'transactions', 103, '2020-12-15 11:58:19', '2020-12-15 11:58:19'),
(1338, 7, 'created', 'transactions', 103, '2020-12-15 11:58:19', '2020-12-15 11:58:19'),
(1339, 7, 'created', 'transactions', 104, '2020-12-15 12:00:05', '2020-12-15 12:00:05'),
(1340, 7, 'created', 'transactions', 104, '2020-12-15 12:00:05', '2020-12-15 12:00:05'),
(1341, 7, 'created', 'transactions', 105, '2020-12-15 12:00:43', '2020-12-15 12:00:43'),
(1342, 7, 'created', 'transactions', 105, '2020-12-15 12:00:43', '2020-12-15 12:00:43'),
(1343, 7, 'updated', 'transactions', 105, '2020-12-15 12:00:58', '2020-12-15 12:00:58'),
(1344, 7, 'updated', 'transactions', 104, '2020-12-15 12:01:44', '2020-12-15 12:01:44'),
(1345, 7, 'updated', 'transactions', 103, '2020-12-15 12:01:52', '2020-12-15 12:01:52'),
(1346, 7, 'updated', 'transactions', 102, '2020-12-15 12:02:04', '2020-12-15 12:02:04'),
(1347, 7, 'updated', 'transactions', 101, '2020-12-15 12:02:14', '2020-12-15 12:02:14'),
(1348, 7, 'updated', 'transactions', 100, '2020-12-15 12:02:28', '2020-12-15 12:02:28'),
(1349, 1, 'updated', 'returns', 4, '2020-12-18 07:50:40', '2020-12-18 07:50:40'),
(1350, 1, 'updated', 'returns', 5, '2020-12-18 07:50:48', '2020-12-18 07:50:48'),
(1351, 1, 'created', 'transactions', 106, '2020-12-18 09:06:45', '2020-12-18 09:06:45'),
(1352, 1, 'created', 'transactions', 106, '2020-12-18 09:06:45', '2020-12-18 09:06:45'),
(1353, 1, 'created', 'transactions', 107, '2020-12-18 09:07:23', '2020-12-18 09:07:23'),
(1354, 1, 'created', 'transactions', 107, '2020-12-18 09:07:23', '2020-12-18 09:07:23'),
(1355, 1, 'updated', 'transactions', 107, '2020-12-18 09:07:32', '2020-12-18 09:07:32'),
(1356, 1, 'updated', 'transactions', 106, '2020-12-18 09:07:40', '2020-12-18 09:07:40'),
(1357, 1, 'created', 'deliveries', 23, '2020-12-18 09:17:36', '2020-12-18 09:17:36'),
(1358, 1, 'created', 'deliveries', 23, '2020-12-18 09:17:36', '2020-12-18 09:17:36'),
(1359, 1, 'created', 'delivery_details', 98, '2020-12-18 09:17:36', '2020-12-18 09:17:36'),
(1360, 1, 'created', 'delivery_details', 99, '2020-12-18 09:17:36', '2020-12-18 09:17:36'),
(1361, 1, 'created', 'delivery_details', 100, '2020-12-18 09:17:36', '2020-12-18 09:17:36'),
(1362, 1, 'created', 'delivery_details', 101, '2020-12-18 09:17:36', '2020-12-18 09:17:36'),
(1363, 1, 'created', 'delivery_details', 102, '2020-12-18 09:17:36', '2020-12-18 09:17:36'),
(1364, 1, 'created', 'delivery_details', 103, '2020-12-18 09:17:36', '2020-12-18 09:17:36'),
(1365, 1, 'created', 'delivery_details', 104, '2020-12-18 09:17:36', '2020-12-18 09:17:36'),
(1366, 1, 'created', 'delivery_details', 105, '2020-12-18 09:17:36', '2020-12-18 09:17:36'),
(1367, 1, 'created', 'delivery_details', 106, '2020-12-18 09:17:36', '2020-12-18 09:17:36'),
(1368, 1, 'created', 'delivery_details', 107, '2020-12-18 09:17:36', '2020-12-18 09:17:36'),
(1369, 1, 'created', 'delivery_details', 108, '2020-12-18 09:17:36', '2020-12-18 09:17:36'),
(1370, 1, 'created', 'deliveries', 24, '2020-12-18 09:24:45', '2020-12-18 09:24:45'),
(1371, 1, 'created', 'deliveries', 24, '2020-12-18 09:24:45', '2020-12-18 09:24:45'),
(1372, 1, 'created', 'delivery_details', 109, '2020-12-18 09:24:45', '2020-12-18 09:24:45'),
(1373, 1, 'created', 'delivery_details', 110, '2020-12-18 09:24:45', '2020-12-18 09:24:45'),
(1374, 1, 'created', 'delivery_details', 111, '2020-12-18 09:24:45', '2020-12-18 09:24:45'),
(1375, 1, 'created', 'delivery_details', 112, '2020-12-18 09:24:45', '2020-12-18 09:24:45'),
(1376, 1, 'created', 'delivery_details', 113, '2020-12-18 09:24:45', '2020-12-18 09:24:45'),
(1377, 1, 'created', 'delivery_details', 114, '2020-12-18 09:24:45', '2020-12-18 09:24:45'),
(1378, 1, 'created', 'delivery_details', 115, '2020-12-18 09:24:45', '2020-12-18 09:24:45'),
(1379, 1, 'created', 'delivery_details', 116, '2020-12-18 09:24:45', '2020-12-18 09:24:45'),
(1380, 1, 'created', 'delivery_details', 117, '2020-12-18 09:24:45', '2020-12-18 09:24:45'),
(1381, 1, 'created', 'delivery_details', 118, '2020-12-18 09:24:45', '2020-12-18 09:24:45'),
(1382, 1, 'created', 'deliveries', 25, '2020-12-18 09:34:53', '2020-12-18 09:34:53'),
(1383, 1, 'created', 'deliveries', 25, '2020-12-18 09:34:53', '2020-12-18 09:34:53'),
(1384, 1, 'created', 'delivery_details', 119, '2020-12-18 09:34:53', '2020-12-18 09:34:53'),
(1385, 1, 'created', 'delivery_details', 120, '2020-12-18 09:34:53', '2020-12-18 09:34:53'),
(1386, 1, 'created', 'delivery_details', 121, '2020-12-18 09:34:53', '2020-12-18 09:34:53'),
(1387, 1, 'created', 'delivery_details', 122, '2020-12-18 09:34:53', '2020-12-18 09:34:53'),
(1388, 1, 'created', 'delivery_details', 123, '2020-12-18 09:34:53', '2020-12-18 09:34:53'),
(1389, 1, 'created', 'delivery_details', 124, '2020-12-18 09:34:53', '2020-12-18 09:34:53'),
(1390, 1, 'created', 'delivery_details', 125, '2020-12-18 09:34:53', '2020-12-18 09:34:53'),
(1391, 1, 'created', 'delivery_details', 126, '2020-12-18 09:34:53', '2020-12-18 09:34:53'),
(1392, 1, 'created', 'delivery_details', 127, '2020-12-18 09:34:53', '2020-12-18 09:34:53'),
(1393, 1, 'created', 'delivery_details', 128, '2020-12-18 09:34:53', '2020-12-18 09:34:53'),
(1394, 1, 'created', 'delivery_details', 129, '2020-12-18 09:34:53', '2020-12-18 09:34:53'),
(1395, 1, 'created', 'delivery_details', 130, '2020-12-18 09:34:53', '2020-12-18 09:34:53'),
(1396, 1, 'created', 'deliveries', 26, '2020-12-18 09:44:36', '2020-12-18 09:44:36'),
(1397, 1, 'created', 'deliveries', 26, '2020-12-18 09:44:36', '2020-12-18 09:44:36'),
(1398, 1, 'created', 'delivery_details', 131, '2020-12-18 09:44:36', '2020-12-18 09:44:36'),
(1399, 1, 'created', 'delivery_details', 132, '2020-12-18 09:44:36', '2020-12-18 09:44:36'),
(1400, 1, 'created', 'delivery_details', 133, '2020-12-18 09:44:36', '2020-12-18 09:44:36'),
(1401, 1, 'created', 'deliveries', 27, '2020-12-18 09:49:08', '2020-12-18 09:49:08'),
(1402, 1, 'created', 'deliveries', 27, '2020-12-18 09:49:08', '2020-12-18 09:49:08'),
(1403, 1, 'created', 'delivery_details', 134, '2020-12-18 09:49:08', '2020-12-18 09:49:08'),
(1404, 1, 'created', 'delivery_details', 135, '2020-12-18 09:49:08', '2020-12-18 09:49:08'),
(1405, 1, 'created', 'delivery_details', 136, '2020-12-18 09:49:08', '2020-12-18 09:49:08'),
(1406, 1, 'created', 'delivery_details', 137, '2020-12-18 09:49:08', '2020-12-18 09:49:08'),
(1407, 1, 'created', 'delivery_details', 138, '2020-12-18 09:49:08', '2020-12-18 09:49:08'),
(1408, 1, 'created', 'delivery_details', 139, '2020-12-18 09:49:08', '2020-12-18 09:49:08'),
(1409, 1, 'created', 'delivery_details', 140, '2020-12-18 09:49:08', '2020-12-18 09:49:08'),
(1410, 1, 'created', 'deliveries', 28, '2020-12-18 09:53:10', '2020-12-18 09:53:10'),
(1411, 1, 'created', 'deliveries', 28, '2020-12-18 09:53:10', '2020-12-18 09:53:10'),
(1412, 1, 'created', 'delivery_details', 141, '2020-12-18 09:53:10', '2020-12-18 09:53:10'),
(1413, 1, 'created', 'delivery_details', 142, '2020-12-18 09:53:10', '2020-12-18 09:53:10'),
(1414, 1, 'created', 'delivery_details', 143, '2020-12-18 09:53:10', '2020-12-18 09:53:10'),
(1415, 1, 'created', 'delivery_details', 144, '2020-12-18 09:53:10', '2020-12-18 09:53:10'),
(1416, 1, 'created', 'delivery_details', 145, '2020-12-18 09:53:10', '2020-12-18 09:53:10'),
(1417, 1, 'created', 'deliveries', 29, '2020-12-18 09:56:23', '2020-12-18 09:56:23'),
(1418, 1, 'created', 'deliveries', 29, '2020-12-18 09:56:23', '2020-12-18 09:56:23'),
(1419, 1, 'created', 'deliveries', 30, '2020-12-18 10:04:27', '2020-12-18 10:04:27'),
(1420, 1, 'created', 'deliveries', 30, '2020-12-18 10:04:27', '2020-12-18 10:04:27'),
(1421, 1, 'created', 'delivery_details', 146, '2020-12-18 10:04:27', '2020-12-18 10:04:27'),
(1422, 1, 'created', 'delivery_details', 147, '2020-12-18 10:04:27', '2020-12-18 10:04:27'),
(1423, 1, 'created', 'delivery_details', 148, '2020-12-18 10:04:27', '2020-12-18 10:04:27'),
(1424, 1, 'created', 'delivery_details', 149, '2020-12-18 10:04:27', '2020-12-18 10:04:27'),
(1425, 1, 'created', 'delivery_details', 150, '2020-12-18 10:04:27', '2020-12-18 10:04:27'),
(1426, 1, 'updated', 'deliveries', 30, '2020-12-18 10:05:47', '2020-12-18 10:05:47'),
(1427, 1, 'updated', 'delivery_details', 146, '2020-12-18 10:05:47', '2020-12-18 10:05:47'),
(1428, 1, 'updated', 'delivery_details', 147, '2020-12-18 10:05:47', '2020-12-18 10:05:47'),
(1429, 1, 'updated', 'delivery_details', 148, '2020-12-18 10:05:47', '2020-12-18 10:05:47'),
(1430, 1, 'updated', 'delivery_details', 149, '2020-12-18 10:05:47', '2020-12-18 10:05:47'),
(1431, 1, 'updated', 'delivery_details', 150, '2020-12-18 10:05:47', '2020-12-18 10:05:47'),
(1432, 1, 'created', 'deliveries', 31, '2020-12-18 10:06:09', '2020-12-18 10:06:09'),
(1433, 1, 'created', 'deliveries', 31, '2020-12-18 10:06:09', '2020-12-18 10:06:09'),
(1434, 1, 'created', 'deliveries', 32, '2020-12-18 10:06:36', '2020-12-18 10:06:36'),
(1435, 1, 'created', 'deliveries', 32, '2020-12-18 10:06:36', '2020-12-18 10:06:36'),
(1436, 1, 'created', 'deliveries', 33, '2020-12-18 10:10:17', '2020-12-18 10:10:17'),
(1437, 1, 'created', 'deliveries', 33, '2020-12-18 10:10:17', '2020-12-18 10:10:17'),
(1438, 1, 'created', 'delivery_details', 151, '2020-12-18 10:10:17', '2020-12-18 10:10:17'),
(1439, 1, 'created', 'delivery_details', 152, '2020-12-18 10:10:17', '2020-12-18 10:10:17'),
(1440, 1, 'created', 'delivery_details', 153, '2020-12-18 10:10:17', '2020-12-18 10:10:17'),
(1441, 1, 'created', 'delivery_details', 154, '2020-12-18 10:10:17', '2020-12-18 10:10:17'),
(1442, 1, 'created', 'delivery_details', 155, '2020-12-18 10:10:17', '2020-12-18 10:10:17'),
(1443, 1, 'updated', 'deliveries', 33, '2020-12-18 10:11:41', '2020-12-18 10:11:41'),
(1444, 1, 'updated', 'delivery_details', 151, '2020-12-18 10:11:41', '2020-12-18 10:11:41'),
(1445, 1, 'updated', 'delivery_details', 152, '2020-12-18 10:11:41', '2020-12-18 10:11:41'),
(1446, 1, 'updated', 'delivery_details', 153, '2020-12-18 10:11:41', '2020-12-18 10:11:41'),
(1447, 1, 'updated', 'delivery_details', 154, '2020-12-18 10:11:41', '2020-12-18 10:11:41'),
(1448, 1, 'updated', 'delivery_details', 155, '2020-12-18 10:11:41', '2020-12-18 10:11:41'),
(1449, 1, 'updated', 'deliveries', 28, '2020-12-18 10:13:40', '2020-12-18 10:13:40'),
(1450, 1, 'updated', 'delivery_details', 141, '2020-12-18 10:13:40', '2020-12-18 10:13:40'),
(1451, 1, 'updated', 'delivery_details', 142, '2020-12-18 10:13:40', '2020-12-18 10:13:40'),
(1452, 1, 'updated', 'delivery_details', 143, '2020-12-18 10:13:40', '2020-12-18 10:13:40'),
(1453, 1, 'updated', 'delivery_details', 144, '2020-12-18 10:13:40', '2020-12-18 10:13:40'),
(1454, 1, 'updated', 'delivery_details', 145, '2020-12-18 10:13:40', '2020-12-18 10:13:40'),
(1455, 1, 'updated', 'deliveries', 27, '2020-12-18 10:15:14', '2020-12-18 10:15:14'),
(1456, 1, 'updated', 'delivery_details', 134, '2020-12-18 10:15:14', '2020-12-18 10:15:14'),
(1457, 1, 'updated', 'delivery_details', 135, '2020-12-18 10:15:14', '2020-12-18 10:15:14'),
(1458, 1, 'updated', 'delivery_details', 136, '2020-12-18 10:15:14', '2020-12-18 10:15:14'),
(1459, 1, 'updated', 'delivery_details', 137, '2020-12-18 10:15:14', '2020-12-18 10:15:14'),
(1460, 1, 'updated', 'delivery_details', 138, '2020-12-18 10:15:14', '2020-12-18 10:15:14'),
(1461, 1, 'updated', 'delivery_details', 139, '2020-12-18 10:15:14', '2020-12-18 10:15:14'),
(1462, 1, 'updated', 'delivery_details', 140, '2020-12-18 10:15:14', '2020-12-18 10:15:14'),
(1463, 1, 'updated', 'deliveries', 27, '2020-12-18 10:15:14', '2020-12-18 10:15:14'),
(1464, 1, 'updated', 'delivery_details', 134, '2020-12-18 10:15:14', '2020-12-18 10:15:14'),
(1465, 1, 'updated', 'delivery_details', 135, '2020-12-18 10:15:14', '2020-12-18 10:15:14'),
(1466, 1, 'updated', 'delivery_details', 136, '2020-12-18 10:15:14', '2020-12-18 10:15:14'),
(1467, 1, 'updated', 'delivery_details', 137, '2020-12-18 10:15:14', '2020-12-18 10:15:14'),
(1468, 1, 'updated', 'delivery_details', 138, '2020-12-18 10:15:14', '2020-12-18 10:15:14'),
(1469, 1, 'updated', 'delivery_details', 139, '2020-12-18 10:15:14', '2020-12-18 10:15:14'),
(1470, 1, 'updated', 'delivery_details', 140, '2020-12-18 10:15:14', '2020-12-18 10:15:14'),
(1471, 1, 'updated', 'deliveries', 26, '2020-12-18 10:16:12', '2020-12-18 10:16:12'),
(1472, 1, 'updated', 'delivery_details', 131, '2020-12-18 10:16:12', '2020-12-18 10:16:12'),
(1473, 1, 'updated', 'delivery_details', 132, '2020-12-18 10:16:12', '2020-12-18 10:16:12'),
(1474, 1, 'updated', 'delivery_details', 133, '2020-12-18 10:16:12', '2020-12-18 10:16:12'),
(1475, 1, 'updated', 'deliveries', 25, '2020-12-18 10:17:46', '2020-12-18 10:17:46'),
(1476, 1, 'updated', 'delivery_details', 119, '2020-12-18 10:17:46', '2020-12-18 10:17:46'),
(1477, 1, 'updated', 'delivery_details', 120, '2020-12-18 10:17:46', '2020-12-18 10:17:46'),
(1478, 1, 'updated', 'delivery_details', 121, '2020-12-18 10:17:46', '2020-12-18 10:17:46'),
(1479, 1, 'updated', 'delivery_details', 122, '2020-12-18 10:17:46', '2020-12-18 10:17:46'),
(1480, 1, 'updated', 'delivery_details', 123, '2020-12-18 10:17:46', '2020-12-18 10:17:46'),
(1481, 1, 'updated', 'delivery_details', 124, '2020-12-18 10:17:46', '2020-12-18 10:17:46'),
(1482, 1, 'updated', 'delivery_details', 125, '2020-12-18 10:17:46', '2020-12-18 10:17:46'),
(1483, 1, 'updated', 'delivery_details', 126, '2020-12-18 10:17:46', '2020-12-18 10:17:46'),
(1484, 1, 'updated', 'delivery_details', 127, '2020-12-18 10:17:46', '2020-12-18 10:17:46'),
(1485, 1, 'updated', 'delivery_details', 128, '2020-12-18 10:17:46', '2020-12-18 10:17:46'),
(1486, 1, 'updated', 'delivery_details', 129, '2020-12-18 10:17:46', '2020-12-18 10:17:46'),
(1487, 1, 'updated', 'delivery_details', 130, '2020-12-18 10:17:46', '2020-12-18 10:17:46'),
(1488, 1, 'updated', 'deliveries', 24, '2020-12-18 10:18:36', '2020-12-18 10:18:36'),
(1489, 1, 'updated', 'delivery_details', 109, '2020-12-18 10:18:36', '2020-12-18 10:18:36'),
(1490, 1, 'updated', 'delivery_details', 110, '2020-12-18 10:18:36', '2020-12-18 10:18:36'),
(1491, 1, 'updated', 'delivery_details', 111, '2020-12-18 10:18:36', '2020-12-18 10:18:36'),
(1492, 1, 'updated', 'delivery_details', 112, '2020-12-18 10:18:36', '2020-12-18 10:18:36'),
(1493, 1, 'updated', 'delivery_details', 113, '2020-12-18 10:18:36', '2020-12-18 10:18:36'),
(1494, 1, 'updated', 'delivery_details', 114, '2020-12-18 10:18:36', '2020-12-18 10:18:36'),
(1495, 1, 'updated', 'delivery_details', 115, '2020-12-18 10:18:36', '2020-12-18 10:18:36'),
(1496, 1, 'updated', 'delivery_details', 116, '2020-12-18 10:18:36', '2020-12-18 10:18:36'),
(1497, 1, 'updated', 'delivery_details', 117, '2020-12-18 10:18:36', '2020-12-18 10:18:36'),
(1498, 1, 'updated', 'delivery_details', 118, '2020-12-18 10:18:36', '2020-12-18 10:18:36'),
(1499, 1, 'updated', 'deliveries', 23, '2020-12-18 10:21:37', '2020-12-18 10:21:37'),
(1500, 1, 'updated', 'delivery_details', 98, '2020-12-18 10:21:37', '2020-12-18 10:21:37'),
(1501, 1, 'updated', 'delivery_details', 99, '2020-12-18 10:21:37', '2020-12-18 10:21:37'),
(1502, 1, 'updated', 'delivery_details', 100, '2020-12-18 10:21:37', '2020-12-18 10:21:37'),
(1503, 1, 'updated', 'delivery_details', 101, '2020-12-18 10:21:37', '2020-12-18 10:21:37'),
(1504, 1, 'updated', 'delivery_details', 102, '2020-12-18 10:21:37', '2020-12-18 10:21:37'),
(1505, 1, 'updated', 'delivery_details', 103, '2020-12-18 10:21:37', '2020-12-18 10:21:37'),
(1506, 1, 'updated', 'delivery_details', 104, '2020-12-18 10:21:37', '2020-12-18 10:21:37'),
(1507, 1, 'updated', 'delivery_details', 105, '2020-12-18 10:21:37', '2020-12-18 10:21:37'),
(1508, 1, 'updated', 'delivery_details', 106, '2020-12-18 10:21:37', '2020-12-18 10:21:37'),
(1509, 1, 'updated', 'delivery_details', 107, '2020-12-18 10:21:37', '2020-12-18 10:21:37'),
(1510, 1, 'updated', 'delivery_details', 108, '2020-12-18 10:21:37', '2020-12-18 10:21:37'),
(1511, 7, 'created', 'transactions', 108, '2020-12-21 07:38:21', '2020-12-21 07:38:21'),
(1512, 7, 'created', 'transactions', 108, '2020-12-21 07:38:21', '2020-12-21 07:38:21'),
(1513, 7, 'created', 'transactions', 109, '2020-12-21 07:53:42', '2020-12-21 07:53:42'),
(1514, 7, 'created', 'transactions', 109, '2020-12-21 07:53:42', '2020-12-21 07:53:42'),
(1515, 7, 'created', 'transactions', 110, '2020-12-21 07:55:16', '2020-12-21 07:55:16'),
(1516, 7, 'created', 'transactions', 110, '2020-12-21 07:55:16', '2020-12-21 07:55:16'),
(1517, 7, 'created', 'transactions', 111, '2020-12-21 15:37:36', '2020-12-21 15:37:36'),
(1518, 7, 'created', 'transactions', 111, '2020-12-21 15:37:36', '2020-12-21 15:37:36'),
(1519, 7, 'created', 'transactions', 112, '2020-12-21 15:38:11', '2020-12-21 15:38:11'),
(1520, 7, 'created', 'transactions', 112, '2020-12-21 15:38:11', '2020-12-21 15:38:11'),
(1521, 7, 'created', 'transactions', 113, '2020-12-21 15:39:36', '2020-12-21 15:39:36'),
(1522, 7, 'created', 'transactions', 113, '2020-12-21 15:39:36', '2020-12-21 15:39:36'),
(1523, 7, 'created', 'transactions', 114, '2020-12-21 15:40:41', '2020-12-21 15:40:41'),
(1524, 7, 'created', 'transactions', 114, '2020-12-21 15:40:41', '2020-12-21 15:40:41'),
(1525, 7, 'created', 'transactions', 115, '2020-12-21 15:40:41', '2020-12-21 15:40:41'),
(1526, 7, 'created', 'transactions', 115, '2020-12-21 15:40:41', '2020-12-21 15:40:41'),
(1527, 7, 'created', 'transactions', 116, '2020-12-21 15:41:50', '2020-12-21 15:41:50'),
(1528, 7, 'created', 'transactions', 116, '2020-12-21 15:41:50', '2020-12-21 15:41:50'),
(1529, 7, 'updated', 'transactions', 116, '2020-12-21 15:42:04', '2020-12-21 15:42:04'),
(1530, 7, 'updated', 'transactions', 115, '2020-12-21 15:42:12', '2020-12-21 15:42:12'),
(1531, 7, 'updated', 'transactions', 114, '2020-12-21 15:42:20', '2020-12-21 15:42:20'),
(1532, 7, 'updated', 'transactions', 113, '2020-12-21 15:42:28', '2020-12-21 15:42:28'),
(1533, 7, 'updated', 'transactions', 112, '2020-12-21 15:42:35', '2020-12-21 15:42:35'),
(1534, 7, 'updated', 'transactions', 111, '2020-12-21 15:42:47', '2020-12-21 15:42:47'),
(1535, 7, 'updated', 'transactions', 110, '2020-12-21 15:42:57', '2020-12-21 15:42:57'),
(1536, 7, 'updated', 'transactions', 109, '2020-12-21 15:43:52', '2020-12-21 15:43:52'),
(1537, 7, 'updated', 'transactions', 108, '2020-12-21 15:44:10', '2020-12-21 15:44:10'),
(1538, 7, 'updated', 'transactions', 108, '2020-12-21 15:44:10', '2020-12-21 15:44:10'),
(1539, 7, 'created', 'transactions', 117, '2020-12-28 07:41:46', '2020-12-28 07:41:46'),
(1540, 7, 'created', 'transactions', 118, '2020-12-28 07:41:46', '2020-12-28 07:41:46'),
(1541, 7, 'created', 'transactions', 117, '2020-12-28 07:41:46', '2020-12-28 07:41:46'),
(1542, 7, 'created', 'transactions', 118, '2020-12-28 07:41:46', '2020-12-28 07:41:46'),
(1543, 7, 'created', 'transactions', 119, '2020-12-28 07:42:54', '2020-12-28 07:42:54'),
(1544, 7, 'created', 'transactions', 119, '2020-12-28 07:42:54', '2020-12-28 07:42:54'),
(1545, 7, 'created', 'transactions', 120, '2020-12-28 07:42:54', '2020-12-28 07:42:54'),
(1546, 7, 'created', 'transactions', 120, '2020-12-28 07:42:54', '2020-12-28 07:42:54'),
(1547, 7, 'created', 'transactions', 121, '2020-12-28 07:43:47', '2020-12-28 07:43:47'),
(1548, 7, 'created', 'transactions', 121, '2020-12-28 07:43:47', '2020-12-28 07:43:47'),
(1549, 7, 'created', 'transactions', 122, '2020-12-28 07:44:47', '2020-12-28 07:44:47'),
(1550, 7, 'created', 'transactions', 122, '2020-12-28 07:44:47', '2020-12-28 07:44:47'),
(1551, 7, 'created', 'transactions', 123, '2020-12-28 07:45:33', '2020-12-28 07:45:33'),
(1552, 7, 'created', 'transactions', 123, '2020-12-28 07:45:33', '2020-12-28 07:45:33'),
(1553, 7, 'created', 'transactions', 124, '2020-12-28 07:46:48', '2020-12-28 07:46:48'),
(1554, 7, 'created', 'transactions', 124, '2020-12-28 07:46:48', '2020-12-28 07:46:48'),
(1555, 7, 'created', 'transactions', 125, '2020-12-28 07:47:57', '2020-12-28 07:47:57'),
(1556, 7, 'created', 'transactions', 125, '2020-12-28 07:47:57', '2020-12-28 07:47:57'),
(1557, 7, 'created', 'transactions', 126, '2020-12-28 07:48:51', '2020-12-28 07:48:51'),
(1558, 7, 'created', 'transactions', 126, '2020-12-28 07:48:51', '2020-12-28 07:48:51'),
(1559, 7, 'updated', 'transactions', 126, '2020-12-28 07:49:13', '2020-12-28 07:49:13'),
(1560, 7, 'updated', 'transactions', 126, '2020-12-28 07:49:13', '2020-12-28 07:49:13'),
(1561, 7, 'updated', 'transactions', 125, '2020-12-28 07:49:21', '2020-12-28 07:49:21'),
(1562, 7, 'updated', 'transactions', 124, '2020-12-28 07:49:30', '2020-12-28 07:49:30'),
(1563, 7, 'updated', 'transactions', 123, '2020-12-28 07:49:36', '2020-12-28 07:49:36'),
(1564, 7, 'updated', 'transactions', 122, '2020-12-28 07:49:44', '2020-12-28 07:49:44'),
(1565, 7, 'updated', 'transactions', 122, '2020-12-28 07:49:44', '2020-12-28 07:49:44'),
(1566, 7, 'updated', 'transactions', 121, '2020-12-28 07:49:51', '2020-12-28 07:49:51'),
(1567, 7, 'updated', 'transactions', 120, '2020-12-28 07:50:01', '2020-12-28 07:50:01'),
(1568, 7, 'updated', 'transactions', 120, '2020-12-28 07:50:01', '2020-12-28 07:50:01'),
(1569, 7, 'updated', 'transactions', 119, '2020-12-28 07:50:10', '2020-12-28 07:50:10'),
(1570, 7, 'updated', 'transactions', 118, '2020-12-28 07:50:19', '2020-12-28 07:50:19'),
(1571, 7, 'updated', 'transactions', 117, '2020-12-28 07:50:28', '2020-12-28 07:50:28'),
(1572, 1, 'created', 'productlist', 150, '2021-01-08 08:19:47', '2021-01-08 08:19:47'),
(1573, 7, 'created', 'inventoryadjustments', 11, '2021-01-08 08:23:05', '2021-01-08 08:23:05'),
(1574, 7, 'created', 'inventoryadjustments', 11, '2021-01-08 08:23:05', '2021-01-08 08:23:05'),
(1575, 7, 'created', 'inventoryadjustments', 12, '2021-01-08 08:33:10', '2021-01-08 08:33:10'),
(1576, 7, 'created', 'inventoryadjustments', 12, '2021-01-08 08:33:10', '2021-01-08 08:33:10'),
(1577, 1, 'updated', 'inventoryadjustments', 12, '2021-01-08 08:34:42', '2021-01-08 08:34:42'),
(1578, 7, 'created', 'inventoryadjustments', 13, '2021-01-08 08:54:07', '2021-01-08 08:54:07'),
(1579, 7, 'created', 'inventoryadjustments', 13, '2021-01-08 08:54:07', '2021-01-08 08:54:07'),
(1580, 7, 'created', 'inventoryadjustments', 14, '2021-01-08 09:05:09', '2021-01-08 09:05:09'),
(1581, 7, 'created', 'inventoryadjustments', 14, '2021-01-08 09:05:09', '2021-01-08 09:05:09'),
(1582, 1, 'updated', 'inventoryadjustments', 11, '2021-01-08 10:05:06', '2021-01-08 10:05:06'),
(1583, 7, 'created', 'inventoryadjustments', 15, '2021-01-08 10:43:57', '2021-01-08 10:43:57'),
(1584, 7, 'created', 'inventoryadjustments', 15, '2021-01-08 10:43:57', '2021-01-08 10:43:57'),
(1585, 7, 'created', 'inventoryadjustments', 16, '2021-01-08 10:53:01', '2021-01-08 10:53:01'),
(1586, 7, 'created', 'inventoryadjustments', 16, '2021-01-08 10:53:01', '2021-01-08 10:53:01'),
(1587, 1, 'created', 'productlist', 151, '2021-01-08 12:07:13', '2021-01-08 12:07:13'),
(1588, 7, 'created', 'inventoryadjustments', 17, '2021-01-08 12:12:21', '2021-01-08 12:12:21'),
(1589, 7, 'created', 'inventoryadjustments', 17, '2021-01-08 12:12:21', '2021-01-08 12:12:21'),
(1590, 1, 'updated', 'inventoryadjustments', 17, '2021-01-08 12:14:26', '2021-01-08 12:14:26'),
(1591, 1, 'updated', 'inventoryadjustments', 16, '2021-01-08 12:14:30', '2021-01-08 12:14:30'),
(1592, 1, 'updated', 'inventoryadjustments', 15, '2021-01-08 12:14:35', '2021-01-08 12:14:35'),
(1593, 1, 'updated', 'inventoryadjustments', 14, '2021-01-08 12:14:38', '2021-01-08 12:14:38'),
(1594, 1, 'updated', 'inventoryadjustments', 13, '2021-01-08 12:14:42', '2021-01-08 12:14:42'),
(1595, 7, 'created', 'transactions', 127, '2021-01-08 12:20:21', '2021-01-08 12:20:21'),
(1596, 7, 'created', 'transactions', 127, '2021-01-08 12:20:21', '2021-01-08 12:20:21'),
(1597, 7, 'created', 'transactions', 128, '2021-01-08 12:21:05', '2021-01-08 12:21:05'),
(1598, 7, 'created', 'transactions', 128, '2021-01-08 12:21:05', '2021-01-08 12:21:05'),
(1599, 7, 'created', 'transactions', 129, '2021-01-08 12:21:59', '2021-01-08 12:21:59'),
(1600, 7, 'created', 'transactions', 129, '2021-01-08 12:21:59', '2021-01-08 12:21:59'),
(1601, 7, 'created', 'transactions', 130, '2021-01-08 12:22:48', '2021-01-08 12:22:48'),
(1602, 7, 'created', 'transactions', 130, '2021-01-08 12:22:48', '2021-01-08 12:22:48'),
(1603, 7, 'created', 'transactions', 131, '2021-01-08 12:22:48', '2021-01-08 12:22:48'),
(1604, 7, 'created', 'transactions', 131, '2021-01-08 12:22:48', '2021-01-08 12:22:48'),
(1605, 7, 'created', 'transactions', 132, '2021-01-08 12:23:30', '2021-01-08 12:23:30'),
(1606, 7, 'created', 'transactions', 132, '2021-01-08 12:23:30', '2021-01-08 12:23:30'),
(1607, 7, 'created', 'transactions', 133, '2021-01-08 12:24:37', '2021-01-08 12:24:37'),
(1608, 7, 'created', 'transactions', 133, '2021-01-08 12:24:37', '2021-01-08 12:24:37'),
(1609, 7, 'created', 'transactions', 134, '2021-01-08 12:24:58', '2021-01-08 12:24:58'),
(1610, 7, 'created', 'transactions', 134, '2021-01-08 12:24:58', '2021-01-08 12:24:58'),
(1611, 7, 'created', 'transactions', 135, '2021-01-08 12:26:08', '2021-01-08 12:26:08'),
(1612, 7, 'created', 'transactions', 135, '2021-01-08 12:26:08', '2021-01-08 12:26:08'),
(1613, 7, 'created', 'transactions', 136, '2021-01-08 12:27:15', '2021-01-08 12:27:15'),
(1614, 7, 'created', 'transactions', 136, '2021-01-08 12:27:15', '2021-01-08 12:27:15'),
(1615, 7, 'updated', 'transactions', 130, '2021-01-08 12:28:12', '2021-01-08 12:28:12'),
(1616, 7, 'created', 'transactions', 137, '2021-01-08 12:28:32', '2021-01-08 12:28:32'),
(1617, 7, 'created', 'transactions', 137, '2021-01-08 12:28:32', '2021-01-08 12:28:32'),
(1618, 7, 'created', 'transactions', 138, '2021-01-08 12:34:15', '2021-01-08 12:34:15'),
(1619, 7, 'created', 'transactions', 138, '2021-01-08 12:34:15', '2021-01-08 12:34:15'),
(1620, 7, 'updated', 'transactions', 131, '2021-01-08 12:35:42', '2021-01-08 12:35:42'),
(1621, 7, 'updated', 'transactions', 131, '2021-01-08 12:35:42', '2021-01-08 12:35:42'),
(1622, 7, 'updated', 'transactions', 138, '2021-01-08 12:35:51', '2021-01-08 12:35:51'),
(1623, 7, 'updated', 'transactions', 138, '2021-01-08 12:35:51', '2021-01-08 12:35:51'),
(1624, 7, 'updated', 'transactions', 137, '2021-01-08 12:36:00', '2021-01-08 12:36:00'),
(1625, 7, 'updated', 'transactions', 136, '2021-01-08 12:36:09', '2021-01-08 12:36:09'),
(1626, 7, 'updated', 'transactions', 135, '2021-01-08 12:36:16', '2021-01-08 12:36:16'),
(1627, 7, 'updated', 'transactions', 135, '2021-01-08 12:36:16', '2021-01-08 12:36:16'),
(1628, 7, 'updated', 'transactions', 134, '2021-01-08 12:36:24', '2021-01-08 12:36:24'),
(1629, 7, 'updated', 'transactions', 134, '2021-01-08 12:36:24', '2021-01-08 12:36:24'),
(1630, 7, 'updated', 'transactions', 133, '2021-01-08 12:36:31', '2021-01-08 12:36:31'),
(1631, 7, 'updated', 'transactions', 133, '2021-01-08 12:36:31', '2021-01-08 12:36:31'),
(1632, 7, 'updated', 'transactions', 132, '2021-01-08 12:36:39', '2021-01-08 12:36:39'),
(1633, 7, 'updated', 'transactions', 129, '2021-01-08 12:36:48', '2021-01-08 12:36:48'),
(1634, 7, 'updated', 'transactions', 128, '2021-01-08 12:37:03', '2021-01-08 12:37:03'),
(1635, 7, 'updated', 'transactions', 128, '2021-01-08 12:37:03', '2021-01-08 12:37:03'),
(1636, 7, 'updated', 'transactions', 127, '2021-01-08 12:37:14', '2021-01-08 12:37:14'),
(1637, 7, 'updated', 'users', 7, '2021-01-11 07:40:17', '2021-01-11 07:40:17'),
(1638, 7, 'created', 'transactions', 139, '2021-01-11 07:43:58', '2021-01-11 07:43:58'),
(1639, 7, 'created', 'transactions', 139, '2021-01-11 07:43:58', '2021-01-11 07:43:58'),
(1640, 7, 'created', 'transactions', 140, '2021-01-11 07:44:56', '2021-01-11 07:44:56'),
(1641, 7, 'created', 'transactions', 140, '2021-01-11 07:44:56', '2021-01-11 07:44:56'),
(1642, 7, 'created', 'transactions', 141, '2021-01-11 07:44:56', '2021-01-11 07:44:56'),
(1643, 7, 'created', 'transactions', 141, '2021-01-11 07:44:56', '2021-01-11 07:44:56'),
(1644, 7, 'updated', 'transactions', 141, '2021-01-11 07:46:51', '2021-01-11 07:46:51'),
(1645, 7, 'updated', 'transactions', 141, '2021-01-11 07:46:51', '2021-01-11 07:46:51'),
(1646, 7, 'created', 'transactions', 142, '2021-01-11 07:48:58', '2021-01-11 07:48:58'),
(1647, 7, 'created', 'transactions', 142, '2021-01-11 07:48:58', '2021-01-11 07:48:58'),
(1648, 7, 'created', 'transactions', 143, '2021-01-11 07:50:17', '2021-01-11 07:50:17'),
(1649, 7, 'created', 'transactions', 143, '2021-01-11 07:50:17', '2021-01-11 07:50:17'),
(1650, 7, 'created', 'transactions', 144, '2021-01-11 07:52:34', '2021-01-11 07:52:34'),
(1651, 7, 'created', 'transactions', 144, '2021-01-11 07:52:34', '2021-01-11 07:52:34'),
(1652, 7, 'created', 'transactions', 145, '2021-01-11 07:58:33', '2021-01-11 07:58:33'),
(1653, 7, 'created', 'transactions', 145, '2021-01-11 07:58:33', '2021-01-11 07:58:33'),
(1654, 7, 'created', 'transactions', 146, '2021-01-11 08:00:12', '2021-01-11 08:00:12'),
(1655, 7, 'created', 'transactions', 146, '2021-01-11 08:00:12', '2021-01-11 08:00:12'),
(1656, 7, 'created', 'transactions', 147, '2021-01-11 08:01:29', '2021-01-11 08:01:29'),
(1657, 7, 'created', 'transactions', 147, '2021-01-11 08:01:29', '2021-01-11 08:01:29'),
(1658, 7, 'created', 'transactions', 148, '2021-01-11 08:02:35', '2021-01-11 08:02:35'),
(1659, 7, 'created', 'transactions', 148, '2021-01-11 08:02:35', '2021-01-11 08:02:35'),
(1660, 7, 'created', 'transactions', 149, '2021-01-11 08:04:19', '2021-01-11 08:04:19'),
(1661, 7, 'created', 'transactions', 149, '2021-01-11 08:04:19', '2021-01-11 08:04:19'),
(1662, 7, 'created', 'transactions', 150, '2021-01-11 08:04:19', '2021-01-11 08:04:19'),
(1663, 7, 'created', 'transactions', 150, '2021-01-11 08:04:19', '2021-01-11 08:04:19'),
(1664, 7, 'created', 'transactions', 151, '2021-01-11 08:13:50', '2021-01-11 08:13:50'),
(1665, 7, 'created', 'transactions', 151, '2021-01-11 08:13:50', '2021-01-11 08:13:50'),
(1666, 7, 'created', 'transactions', 152, '2021-01-11 08:15:03', '2021-01-11 08:15:03'),
(1667, 7, 'created', 'transactions', 152, '2021-01-11 08:15:03', '2021-01-11 08:15:03'),
(1668, 7, 'created', 'transactions', 153, '2021-01-11 08:15:03', '2021-01-11 08:15:03'),
(1669, 7, 'created', 'transactions', 153, '2021-01-11 08:15:03', '2021-01-11 08:15:03'),
(1670, 7, 'created', 'transactions', 154, '2021-01-11 08:15:56', '2021-01-11 08:15:56'),
(1671, 7, 'created', 'transactions', 154, '2021-01-11 08:15:56', '2021-01-11 08:15:56'),
(1672, 7, 'created', 'transactions', 155, '2021-01-11 08:16:52', '2021-01-11 08:16:52'),
(1673, 7, 'created', 'transactions', 155, '2021-01-11 08:16:52', '2021-01-11 08:16:52'),
(1674, 7, 'updated', 'transactions', 145, '2021-01-11 08:18:38', '2021-01-11 08:18:38'),
(1675, 7, 'updated', 'transactions', 155, '2021-01-11 08:18:54', '2021-01-11 08:18:54'),
(1676, 7, 'updated', 'transactions', 154, '2021-01-11 08:19:11', '2021-01-11 08:19:11'),
(1677, 7, 'updated', 'transactions', 153, '2021-01-11 08:19:24', '2021-01-11 08:19:24'),
(1678, 7, 'updated', 'transactions', 152, '2021-01-11 08:19:43', '2021-01-11 08:19:43'),
(1679, 7, 'updated', 'transactions', 151, '2021-01-11 08:20:02', '2021-01-11 08:20:02'),
(1680, 7, 'updated', 'transactions', 150, '2021-01-11 08:20:16', '2021-01-11 08:20:16'),
(1681, 7, 'updated', 'transactions', 149, '2021-01-11 08:20:34', '2021-01-11 08:20:34'),
(1682, 7, 'updated', 'transactions', 148, '2021-01-11 08:21:41', '2021-01-11 08:21:41'),
(1683, 7, 'updated', 'transactions', 147, '2021-01-11 08:21:56', '2021-01-11 08:21:56'),
(1684, 7, 'updated', 'transactions', 146, '2021-01-11 08:22:04', '2021-01-11 08:22:04'),
(1685, 7, 'updated', 'transactions', 144, '2021-01-11 08:23:06', '2021-01-11 08:23:06'),
(1686, 7, 'updated', 'transactions', 143, '2021-01-11 08:23:17', '2021-01-11 08:23:17'),
(1687, 7, 'updated', 'transactions', 142, '2021-01-11 08:23:32', '2021-01-11 08:23:32'),
(1688, 7, 'updated', 'transactions', 142, '2021-01-11 08:23:32', '2021-01-11 08:23:32'),
(1689, 7, 'updated', 'transactions', 140, '2021-01-11 08:23:43', '2021-01-11 08:23:43'),
(1690, 7, 'updated', 'transactions', 140, '2021-01-11 08:23:43', '2021-01-11 08:23:43'),
(1691, 7, 'updated', 'transactions', 139, '2021-01-11 08:25:01', '2021-01-11 08:25:01'),
(1692, 7, 'created', 'transactions', 156, '2021-01-11 08:26:41', '2021-01-11 08:26:41'),
(1693, 7, 'created', 'transactions', 156, '2021-01-11 08:26:41', '2021-01-11 08:26:41'),
(1694, 7, 'created', 'transactions', 157, '2021-01-11 08:26:59', '2021-01-11 08:26:59'),
(1695, 7, 'created', 'transactions', 157, '2021-01-11 08:26:59', '2021-01-11 08:26:59'),
(1696, 7, 'updated', 'transactions', 157, '2021-01-11 08:27:08', '2021-01-11 08:27:08'),
(1697, 7, 'updated', 'transactions', 156, '2021-01-11 08:27:18', '2021-01-11 08:27:18'),
(1698, 7, 'created', 'transactions', 158, '2021-01-12 14:55:41', '2021-01-12 14:55:41'),
(1699, 7, 'created', 'transactions', 158, '2021-01-12 14:55:41', '2021-01-12 14:55:41'),
(1700, 7, 'created', 'transactions', 159, '2021-01-12 14:56:52', '2021-01-12 14:56:52'),
(1701, 7, 'created', 'transactions', 159, '2021-01-12 14:56:52', '2021-01-12 14:56:52'),
(1702, 7, 'created', 'transactions', 160, '2021-01-12 14:57:47', '2021-01-12 14:57:47'),
(1703, 7, 'created', 'transactions', 160, '2021-01-12 14:57:47', '2021-01-12 14:57:47'),
(1704, 7, 'created', 'transactions', 161, '2021-01-12 14:58:29', '2021-01-12 14:58:29'),
(1705, 7, 'created', 'transactions', 161, '2021-01-12 14:58:29', '2021-01-12 14:58:29'),
(1706, 7, 'created', 'transactions', 162, '2021-01-12 14:59:27', '2021-01-12 14:59:27'),
(1707, 7, 'created', 'transactions', 162, '2021-01-12 14:59:27', '2021-01-12 14:59:27'),
(1708, 7, 'updated', 'transactions', 162, '2021-01-12 14:59:43', '2021-01-12 14:59:43'),
(1709, 7, 'updated', 'transactions', 161, '2021-01-12 14:59:54', '2021-01-12 14:59:54'),
(1710, 7, 'updated', 'transactions', 160, '2021-01-12 15:00:04', '2021-01-12 15:00:04'),
(1711, 7, 'updated', 'transactions', 159, '2021-01-12 15:00:12', '2021-01-12 15:00:12'),
(1712, 7, 'updated', 'transactions', 158, '2021-01-12 15:00:21', '2021-01-12 15:00:21'),
(1713, 7, 'created', 'deliveries', 34, '2021-01-15 12:37:56', '2021-01-15 12:37:56'),
(1714, 7, 'created', 'deliveries', 34, '2021-01-15 12:37:56', '2021-01-15 12:37:56'),
(1715, 7, 'created', 'delivery_details', 156, '2021-01-15 12:37:56', '2021-01-15 12:37:56'),
(1716, 7, 'created', 'delivery_details', 157, '2021-01-15 12:37:56', '2021-01-15 12:37:56'),
(1717, 7, 'created', 'delivery_details', 158, '2021-01-15 12:37:56', '2021-01-15 12:37:56'),
(1718, 7, 'created', 'delivery_details', 159, '2021-01-15 12:37:56', '2021-01-15 12:37:56'),
(1719, 7, 'created', 'deliveries', 35, '2021-01-15 12:39:09', '2021-01-15 12:39:09'),
(1720, 7, 'created', 'deliveries', 35, '2021-01-15 12:39:09', '2021-01-15 12:39:09'),
(1721, 7, 'created', 'delivery_details', 160, '2021-01-15 12:39:09', '2021-01-15 12:39:09'),
(1722, 1, 'updated', 'deliveries', 35, '2021-01-15 12:45:28', '2021-01-15 12:45:28'),
(1723, 1, 'updated', 'delivery_details', 160, '2021-01-15 12:45:28', '2021-01-15 12:45:28'),
(1724, 1, 'updated', 'deliveries', 34, '2021-01-15 12:45:38', '2021-01-15 12:45:38'),
(1725, 1, 'updated', 'delivery_details', 156, '2021-01-15 12:45:38', '2021-01-15 12:45:38'),
(1726, 1, 'updated', 'delivery_details', 157, '2021-01-15 12:45:38', '2021-01-15 12:45:38'),
(1727, 1, 'updated', 'delivery_details', 158, '2021-01-15 12:45:38', '2021-01-15 12:45:38'),
(1728, 1, 'updated', 'delivery_details', 159, '2021-01-15 12:45:38', '2021-01-15 12:45:38'),
(1729, 7, 'created', 'receiving', 30, '2021-01-15 12:49:23', '2021-01-15 12:49:23'),
(1730, 7, 'created', 'receiving', 30, '2021-01-15 12:49:23', '2021-01-15 12:49:23'),
(1731, 7, 'created', 'receiving_details', 143, '2021-01-15 12:49:23', '2021-01-15 12:49:23'),
(1732, 7, 'created', 'receiving', 31, '2021-01-15 12:49:48', '2021-01-15 12:49:48'),
(1733, 7, 'created', 'receiving', 31, '2021-01-15 12:49:48', '2021-01-15 12:49:48'),
(1734, 7, 'created', 'receiving_details', 144, '2021-01-15 12:49:48', '2021-01-15 12:49:48'),
(1735, 7, 'created', 'receiving_details', 145, '2021-01-15 12:49:48', '2021-01-15 12:49:48'),
(1736, 7, 'created', 'receiving_details', 146, '2021-01-15 12:49:48', '2021-01-15 12:49:48'),
(1737, 7, 'created', 'receiving_details', 147, '2021-01-15 12:49:48', '2021-01-15 12:49:48'),
(1738, 7, 'updated', 'receiving', 31, '2021-01-15 12:50:00', '2021-01-15 12:50:00'),
(1739, 7, 'updated', 'deliveries', 34, '2021-01-15 12:50:00', '2021-01-15 12:50:00');
INSERT INTO `users_logs` (`id`, `user_id`, `action`, `action_model`, `action_id`, `created_at`, `updated_at`) VALUES
(1740, 7, 'updated', 'receiving', 30, '2021-01-15 12:50:09', '2021-01-15 12:50:09'),
(1741, 7, 'updated', 'deliveries', 35, '2021-01-15 12:50:09', '2021-01-15 12:50:09'),
(1742, 7, 'created', 'transactions', 163, '2021-01-15 13:01:16', '2021-01-15 13:01:16'),
(1743, 7, 'created', 'transactions', 163, '2021-01-15 13:01:16', '2021-01-15 13:01:16'),
(1744, 7, 'created', 'transactions', 164, '2021-01-15 13:03:04', '2021-01-15 13:03:04'),
(1745, 7, 'created', 'transactions', 164, '2021-01-15 13:03:04', '2021-01-15 13:03:04'),
(1746, 7, 'created', 'transactions', 165, '2021-01-15 13:04:14', '2021-01-15 13:04:14'),
(1747, 7, 'created', 'transactions', 165, '2021-01-15 13:04:14', '2021-01-15 13:04:14'),
(1748, 7, 'updated', 'transactions', 165, '2021-01-15 13:04:35', '2021-01-15 13:04:35'),
(1749, 7, 'created', 'transactions', 166, '2021-01-15 13:04:53', '2021-01-15 13:04:53'),
(1750, 7, 'created', 'transactions', 166, '2021-01-15 13:04:53', '2021-01-15 13:04:53'),
(1751, 7, 'created', 'transactions', 167, '2021-01-15 13:05:53', '2021-01-15 13:05:53'),
(1752, 7, 'created', 'transactions', 167, '2021-01-15 13:05:53', '2021-01-15 13:05:53'),
(1753, 7, 'created', 'transactions', 168, '2021-01-15 13:06:52', '2021-01-15 13:06:52'),
(1754, 7, 'created', 'transactions', 168, '2021-01-15 13:06:52', '2021-01-15 13:06:52'),
(1755, 7, 'updated', 'transactions', 168, '2021-01-15 13:07:05', '2021-01-15 13:07:05'),
(1756, 7, 'created', 'transactions', 169, '2021-01-15 13:08:21', '2021-01-15 13:08:21'),
(1757, 7, 'created', 'transactions', 169, '2021-01-15 13:08:21', '2021-01-15 13:08:21'),
(1758, 7, 'created', 'transactions', 170, '2021-01-15 13:10:18', '2021-01-15 13:10:18'),
(1759, 7, 'created', 'transactions', 170, '2021-01-15 13:10:18', '2021-01-15 13:10:18'),
(1760, 7, 'created', 'transactions', 171, '2021-01-15 13:44:42', '2021-01-15 13:44:42'),
(1761, 7, 'created', 'transactions', 171, '2021-01-15 13:44:42', '2021-01-15 13:44:42'),
(1762, 7, 'created', 'transactions', 172, '2021-01-15 13:45:56', '2021-01-15 13:45:56'),
(1763, 7, 'created', 'transactions', 172, '2021-01-15 13:45:56', '2021-01-15 13:45:56'),
(1764, 7, 'created', 'transactions', 173, '2021-01-15 13:47:06', '2021-01-15 13:47:06'),
(1765, 7, 'created', 'transactions', 173, '2021-01-15 13:47:06', '2021-01-15 13:47:06'),
(1766, 7, 'created', 'transactions', 174, '2021-01-15 13:48:38', '2021-01-15 13:48:38'),
(1767, 7, 'created', 'transactions', 174, '2021-01-15 13:48:38', '2021-01-15 13:48:38'),
(1768, 7, 'updated', 'transactions', 174, '2021-01-15 13:49:12', '2021-01-15 13:49:12'),
(1769, 7, 'updated', 'transactions', 173, '2021-01-15 13:49:22', '2021-01-15 13:49:22'),
(1770, 7, 'updated', 'transactions', 172, '2021-01-15 13:49:33', '2021-01-15 13:49:33'),
(1771, 7, 'updated', 'transactions', 171, '2021-01-15 13:49:42', '2021-01-15 13:49:42'),
(1772, 7, 'updated', 'transactions', 170, '2021-01-15 13:49:57', '2021-01-15 13:49:57'),
(1773, 7, 'updated', 'transactions', 169, '2021-01-15 13:50:07', '2021-01-15 13:50:07'),
(1774, 7, 'updated', 'transactions', 167, '2021-01-15 13:50:20', '2021-01-15 13:50:20'),
(1775, 7, 'updated', 'transactions', 166, '2021-01-15 13:50:29', '2021-01-15 13:50:29'),
(1776, 7, 'updated', 'transactions', 163, '2021-01-15 13:50:45', '2021-01-15 13:50:45'),
(1777, 7, 'updated', 'transactions', 164, '2021-01-15 13:51:02', '2021-01-15 13:51:02'),
(1778, 7, 'created', 'transactions', 175, '2021-01-18 09:19:59', '2021-01-18 09:19:59'),
(1779, 7, 'created', 'transactions', 175, '2021-01-18 09:19:59', '2021-01-18 09:19:59'),
(1780, 7, 'created', 'transactions', 176, '2021-01-18 09:20:17', '2021-01-18 09:20:17'),
(1781, 7, 'created', 'transactions', 176, '2021-01-18 09:20:17', '2021-01-18 09:20:17'),
(1782, 7, 'created', 'transactions', 177, '2021-01-18 09:22:12', '2021-01-18 09:22:12'),
(1783, 7, 'created', 'transactions', 177, '2021-01-18 09:22:12', '2021-01-18 09:22:12'),
(1784, 7, 'created', 'transactions', 178, '2021-01-18 09:22:51', '2021-01-18 09:22:51'),
(1785, 7, 'created', 'transactions', 178, '2021-01-18 09:22:51', '2021-01-18 09:22:51'),
(1786, 7, 'created', 'transactions', 179, '2021-01-18 09:23:50', '2021-01-18 09:23:50'),
(1787, 7, 'created', 'transactions', 179, '2021-01-18 09:23:50', '2021-01-18 09:23:50'),
(1788, 7, 'created', 'transactions', 180, '2021-01-18 09:24:44', '2021-01-18 09:24:44'),
(1789, 7, 'created', 'transactions', 180, '2021-01-18 09:24:44', '2021-01-18 09:24:44'),
(1790, 7, 'created', 'transactions', 181, '2021-01-18 09:25:43', '2021-01-18 09:25:43'),
(1791, 7, 'created', 'transactions', 181, '2021-01-18 09:25:43', '2021-01-18 09:25:43'),
(1792, 7, 'created', 'transactions', 182, '2021-01-18 09:26:31', '2021-01-18 09:26:31'),
(1793, 7, 'created', 'transactions', 182, '2021-01-18 09:26:31', '2021-01-18 09:26:31'),
(1794, 7, 'created', 'transactions', 183, '2021-01-18 09:27:51', '2021-01-18 09:27:51'),
(1795, 7, 'created', 'transactions', 183, '2021-01-18 09:27:51', '2021-01-18 09:27:51'),
(1796, 7, 'created', 'transactions', 184, '2021-01-18 09:28:51', '2021-01-18 09:28:51'),
(1797, 7, 'created', 'transactions', 184, '2021-01-18 09:28:51', '2021-01-18 09:28:51'),
(1798, 7, 'created', 'transactions', 185, '2021-01-18 09:30:02', '2021-01-18 09:30:02'),
(1799, 7, 'created', 'transactions', 185, '2021-01-18 09:30:02', '2021-01-18 09:30:02'),
(1800, 7, 'updated', 'transactions', 185, '2021-01-18 09:30:10', '2021-01-18 09:30:10'),
(1801, 7, 'updated', 'transactions', 184, '2021-01-18 09:30:17', '2021-01-18 09:30:17'),
(1802, 7, 'updated', 'transactions', 183, '2021-01-18 09:30:24', '2021-01-18 09:30:24'),
(1803, 7, 'updated', 'transactions', 182, '2021-01-18 09:30:32', '2021-01-18 09:30:32'),
(1804, 7, 'updated', 'transactions', 181, '2021-01-18 09:30:40', '2021-01-18 09:30:40'),
(1805, 7, 'updated', 'transactions', 180, '2021-01-18 09:30:49', '2021-01-18 09:30:49'),
(1806, 7, 'updated', 'transactions', 179, '2021-01-18 09:30:55', '2021-01-18 09:30:55'),
(1807, 7, 'updated', 'transactions', 178, '2021-01-18 09:31:02', '2021-01-18 09:31:02'),
(1808, 7, 'updated', 'transactions', 177, '2021-01-18 09:31:09', '2021-01-18 09:31:09'),
(1809, 7, 'updated', 'transactions', 176, '2021-01-18 09:31:17', '2021-01-18 09:31:17'),
(1810, 7, 'updated', 'transactions', 175, '2021-01-18 09:31:28', '2021-01-18 09:31:28'),
(1811, 7, 'created', 'transactions', 186, '2021-01-19 08:12:32', '2021-01-19 08:12:32'),
(1812, 7, 'created', 'transactions', 186, '2021-01-19 08:12:32', '2021-01-19 08:12:32'),
(1813, 7, 'created', 'transactions', 187, '2021-01-19 08:13:25', '2021-01-19 08:13:25'),
(1814, 7, 'created', 'transactions', 187, '2021-01-19 08:13:25', '2021-01-19 08:13:25'),
(1815, 7, 'created', 'transactions', 188, '2021-01-19 08:15:11', '2021-01-19 08:15:11'),
(1816, 7, 'created', 'transactions', 188, '2021-01-19 08:15:11', '2021-01-19 08:15:11'),
(1817, 7, 'created', 'transactions', 189, '2021-01-19 08:19:00', '2021-01-19 08:19:00'),
(1818, 7, 'created', 'transactions', 189, '2021-01-19 08:19:00', '2021-01-19 08:19:00'),
(1819, 7, 'created', 'transactions', 190, '2021-01-19 08:20:52', '2021-01-19 08:20:52'),
(1820, 7, 'created', 'transactions', 190, '2021-01-19 08:20:52', '2021-01-19 08:20:52'),
(1821, 7, 'created', 'transactions', 191, '2021-01-19 08:22:32', '2021-01-19 08:22:32'),
(1822, 7, 'created', 'transactions', 191, '2021-01-19 08:22:32', '2021-01-19 08:22:32'),
(1823, 7, 'updated', 'transactions', 191, '2021-01-19 08:22:41', '2021-01-19 08:22:41'),
(1824, 7, 'updated', 'transactions', 190, '2021-01-19 08:22:50', '2021-01-19 08:22:50'),
(1825, 7, 'updated', 'transactions', 189, '2021-01-19 08:22:58', '2021-01-19 08:22:58'),
(1826, 7, 'updated', 'transactions', 188, '2021-01-19 08:23:07', '2021-01-19 08:23:07'),
(1827, 7, 'updated', 'transactions', 187, '2021-01-19 08:23:16', '2021-01-19 08:23:16'),
(1828, 7, 'updated', 'transactions', 186, '2021-01-19 08:23:25', '2021-01-19 08:23:25'),
(1829, 1, 'created', 'productcategories', 11, '2021-01-20 09:55:37', '2021-01-20 09:55:37'),
(1830, 1, 'updated', 'productlist', 27, '2021-01-20 09:56:02', '2021-01-20 09:56:02'),
(1831, 1, 'created', 'productcategories', 12, '2021-01-20 09:57:34', '2021-01-20 09:57:34'),
(1832, 1, 'updated', 'productlist', 138, '2021-01-20 09:57:52', '2021-01-20 09:57:52'),
(1833, 1, 'updated', 'productlist', 150, '2021-01-20 09:58:17', '2021-01-20 09:58:17'),
(1834, 7, 'updated', 'users', 7, '2021-01-20 12:03:40', '2021-01-20 12:03:40'),
(1835, 1, 'created', 'productcategories', 13, '2021-01-20 12:25:06', '2021-01-20 12:25:06'),
(1836, 1, 'updated', 'productlist', 139, '2021-01-20 12:26:08', '2021-01-20 12:26:08'),
(1837, 1, 'updated', 'productlist', 140, '2021-01-20 12:26:25', '2021-01-20 12:26:25'),
(1838, 1, 'created', 'productlist', 152, '2021-01-20 12:28:04', '2021-01-20 12:28:04'),
(1839, 1, 'created', 'productlist', 153, '2021-01-20 12:29:53', '2021-01-20 12:29:53'),
(1840, 1, 'updated', 'productlist', 152, '2021-01-20 12:30:11', '2021-01-20 12:30:11'),
(1841, 1, 'created', 'productlist', 154, '2021-01-20 12:30:56', '2021-01-20 12:30:56'),
(1842, 1, 'created', 'productlist', 155, '2021-01-20 12:31:39', '2021-01-20 12:31:39'),
(1843, 1, 'created', 'productlist', 156, '2021-01-20 12:32:32', '2021-01-20 12:32:32'),
(1844, 1, 'created', 'productlist', 157, '2021-01-20 12:33:22', '2021-01-20 12:33:22'),
(1845, 1, 'created', 'productlist', 158, '2021-01-20 12:35:30', '2021-01-20 12:35:30'),
(1846, 1, 'created', 'productlist', 159, '2021-01-20 12:36:23', '2021-01-20 12:36:23'),
(1847, 1, 'created', 'productlist', 160, '2021-01-20 12:37:09', '2021-01-20 12:37:09'),
(1848, 1, 'created', 'productlist', 161, '2021-01-20 12:37:46', '2021-01-20 12:37:46'),
(1849, 1, 'created', 'productlist', 162, '2021-01-20 12:37:48', '2021-01-20 12:37:48'),
(1850, 1, 'updated', 'productlist', 161, '2021-01-20 12:38:12', '2021-01-20 12:38:12'),
(1851, 1, 'created', 'productlist', 163, '2021-01-20 12:38:47', '2021-01-20 12:38:47'),
(1852, 1, 'created', 'productlist', 164, '2021-01-20 12:39:25', '2021-01-20 12:39:25'),
(1853, 1, 'created', 'productlist', 165, '2021-01-20 12:40:04', '2021-01-20 12:40:04'),
(1854, 1, 'created', 'productlist', 166, '2021-01-20 12:40:46', '2021-01-20 12:40:46'),
(1855, 1, 'created', 'productlist', 167, '2021-01-20 12:41:16', '2021-01-20 12:41:16'),
(1856, 1, 'created', 'productlist', 168, '2021-01-20 12:41:57', '2021-01-20 12:41:57'),
(1857, 1, 'updated', 'productlist', 168, '2021-01-20 12:42:10', '2021-01-20 12:42:10'),
(1858, 1, 'created', 'productlist', 169, '2021-01-20 12:42:54', '2021-01-20 12:42:54'),
(1859, 1, 'created', 'productlist', 170, '2021-01-20 12:43:36', '2021-01-20 12:43:36'),
(1860, 1, 'created', 'productlist', 171, '2021-01-20 12:43:58', '2021-01-20 12:43:58'),
(1861, 1, 'created', 'productcategories', 14, '2021-01-20 12:48:11', '2021-01-20 12:48:11'),
(1862, 1, 'created', 'productlist', 172, '2021-01-20 12:49:24', '2021-01-20 12:49:24'),
(1863, 1, 'created', 'productlist', 173, '2021-01-20 12:50:02', '2021-01-20 12:50:02'),
(1864, 1, 'created', 'productcategories', 15, '2021-01-20 12:50:47', '2021-01-20 12:50:47'),
(1865, 1, 'created', 'productlist', 174, '2021-01-20 12:51:29', '2021-01-20 12:51:29'),
(1866, 1, 'created', 'productcategories', 16, '2021-01-20 12:52:19', '2021-01-20 12:52:19'),
(1867, 1, 'created', 'productcategories', 17, '2021-01-20 12:52:38', '2021-01-20 12:52:38'),
(1868, 1, 'created', 'productcategories', 18, '2021-01-20 12:52:51', '2021-01-20 12:52:51'),
(1869, 1, 'created', 'productlist', 175, '2021-01-20 12:58:33', '2021-01-20 12:58:33'),
(1870, 1, 'created', 'productlist', 176, '2021-01-20 12:59:23', '2021-01-20 12:59:23'),
(1871, 1, 'created', 'productlist', 177, '2021-01-20 13:01:41', '2021-01-20 13:01:41'),
(1872, 1, 'created', 'productlist', 178, '2021-01-20 13:02:37', '2021-01-20 13:02:37'),
(1873, 1, 'created', 'productlist', 179, '2021-01-20 13:03:30', '2021-01-20 13:03:30'),
(1874, 1, 'created', 'productlist', 180, '2021-01-20 13:14:04', '2021-01-20 13:14:04'),
(1875, 1, 'created', 'productlist', 181, '2021-01-20 13:15:02', '2021-01-20 13:15:02'),
(1876, 1, 'created', 'productlist', 182, '2021-01-20 13:16:04', '2021-01-20 13:16:04'),
(1877, 1, 'created', 'productlist', 183, '2021-01-20 13:16:41', '2021-01-20 13:16:41'),
(1878, 1, 'created', 'productlist', 184, '2021-01-20 13:17:51', '2021-01-20 13:17:51'),
(1879, 1, 'created', 'productlist', 185, '2021-01-20 13:18:56', '2021-01-20 13:18:56'),
(1880, 1, 'created', 'productlist', 186, '2021-01-20 13:19:37', '2021-01-20 13:19:37'),
(1881, 1, 'created', 'productcategories', 19, '2021-01-20 13:20:01', '2021-01-20 13:20:01'),
(1882, 1, 'created', 'productlist', 187, '2021-01-20 13:21:04', '2021-01-20 13:21:04'),
(1883, 1, 'created', 'productcategories', 20, '2021-01-20 14:27:11', '2021-01-20 14:27:11'),
(1884, 1, 'created', 'productcategories', 21, '2021-01-20 14:27:26', '2021-01-20 14:27:26'),
(1885, 1, 'created', 'productcategories', 22, '2021-01-20 14:27:40', '2021-01-20 14:27:40'),
(1886, 1, 'created', 'productlist', 188, '2021-01-20 14:28:35', '2021-01-20 14:28:35'),
(1887, 1, 'created', 'productlist', 189, '2021-01-20 14:29:14', '2021-01-20 14:29:14'),
(1888, 1, 'created', 'productcategories', 23, '2021-01-20 14:29:37', '2021-01-20 14:29:37'),
(1889, 1, 'created', 'productlist', 190, '2021-01-20 14:30:33', '2021-01-20 14:30:33'),
(1890, 1, 'created', 'productlist', 191, '2021-01-20 14:31:27', '2021-01-20 14:31:27'),
(1891, 1, 'created', 'productlist', 192, '2021-01-20 14:32:12', '2021-01-20 14:32:12'),
(1892, 1, 'created', 'productlist', 193, '2021-01-20 14:32:58', '2021-01-20 14:32:58'),
(1893, 1, 'created', 'productlist', 194, '2021-01-20 14:33:40', '2021-01-20 14:33:40'),
(1894, 1, 'created', 'productlist', 195, '2021-01-20 14:34:13', '2021-01-20 14:34:13'),
(1895, 1, 'created', 'productlist', 196, '2021-01-20 14:41:52', '2021-01-20 14:41:52'),
(1896, 1, 'created', 'productlist', 197, '2021-01-20 14:42:53', '2021-01-20 14:42:53'),
(1897, 1, 'created', 'productlist', 198, '2021-01-20 14:43:49', '2021-01-20 14:43:49'),
(1898, 1, 'created', 'productcategories', 24, '2021-01-20 14:45:36', '2021-01-20 14:45:36'),
(1899, 1, 'created', 'productlist', 199, '2021-01-20 14:54:02', '2021-01-20 14:54:02'),
(1900, 1, 'created', 'productcategories', 25, '2021-01-20 14:54:19', '2021-01-20 14:54:19'),
(1901, 1, 'created', 'productlist', 200, '2021-01-20 14:55:43', '2021-01-20 14:55:43'),
(1902, 1, 'created', 'productlist', 201, '2021-01-20 14:56:21', '2021-01-20 14:56:21'),
(1903, 1, 'created', 'productlist', 202, '2021-01-20 14:56:55', '2021-01-20 14:56:55'),
(1904, 1, 'created', 'productcategories', 26, '2021-01-20 14:57:24', '2021-01-20 14:57:24'),
(1905, 1, 'created', 'productlist', 203, '2021-01-20 14:58:06', '2021-01-20 14:58:06'),
(1906, 1, 'created', 'productlist', 204, '2021-01-20 15:06:35', '2021-01-20 15:06:35'),
(1907, 1, 'created', 'productlist', 205, '2021-01-20 15:07:32', '2021-01-20 15:07:32'),
(1908, 1, 'created', 'productcategories', 27, '2021-01-20 15:08:07', '2021-01-20 15:08:07'),
(1909, 1, 'created', 'productlist', 206, '2021-01-20 15:08:52', '2021-01-20 15:08:52'),
(1910, 1, 'created', 'productlist', 207, '2021-01-20 15:09:25', '2021-01-20 15:09:25'),
(1911, 1, 'created', 'productlist', 208, '2021-01-20 15:10:27', '2021-01-20 15:10:27'),
(1912, 1, 'created', 'productlist', 209, '2021-01-20 15:11:03', '2021-01-20 15:11:03'),
(1913, 1, 'created', 'productcategories', 28, '2021-01-20 15:11:26', '2021-01-20 15:11:26'),
(1914, 1, 'created', 'productcategories', 29, '2021-01-20 15:11:34', '2021-01-20 15:11:34'),
(1915, 1, 'created', 'productlist', 210, '2021-01-20 15:13:33', '2021-01-20 15:13:33'),
(1916, 1, 'updated', 'productcategories', 28, '2021-01-20 15:13:47', '2021-01-20 15:13:47'),
(1917, 1, 'updated', 'productcategories', 29, '2021-01-20 15:13:55', '2021-01-20 15:13:55'),
(1918, 1, 'created', 'productlist', 211, '2021-01-20 15:14:49', '2021-01-20 15:14:49'),
(1919, 1, 'created', 'productlist', 212, '2021-01-20 15:16:58', '2021-01-20 15:16:58'),
(1920, 1, 'created', 'productcategories', 30, '2021-01-20 15:17:21', '2021-01-20 15:17:21'),
(1921, 1, 'created', 'productlist', 213, '2021-01-20 15:18:30', '2021-01-20 15:18:30'),
(1922, 1, 'created', 'productlist', 214, '2021-01-20 15:19:23', '2021-01-20 15:19:23'),
(1923, 1, 'created', 'productlist', 215, '2021-01-20 15:20:17', '2021-01-20 15:20:17'),
(1924, 1, 'created', 'productlist', 216, '2021-01-20 15:21:13', '2021-01-20 15:21:13'),
(1925, 1, 'created', 'productlist', 217, '2021-01-20 15:21:57', '2021-01-20 15:21:57'),
(1926, 1, 'created', 'productlist', 218, '2021-01-20 15:22:51', '2021-01-20 15:22:51'),
(1927, 1, 'created', 'productlist', 219, '2021-01-20 15:34:54', '2021-01-20 15:34:54'),
(1928, 1, 'created', 'productlist', 220, '2021-01-21 09:27:37', '2021-01-21 09:27:37'),
(1929, 1, 'created', 'productlist', 221, '2021-01-21 09:28:20', '2021-01-21 09:28:20'),
(1930, 1, 'created', 'productlist', 222, '2021-01-21 09:29:14', '2021-01-21 09:29:14'),
(1931, 1, 'created', 'productlist', 223, '2021-01-21 09:29:49', '2021-01-21 09:29:49'),
(1932, 1, 'created', 'productlist', 224, '2021-01-21 09:30:28', '2021-01-21 09:30:28'),
(1933, 1, 'created', 'productlist', 225, '2021-01-21 09:31:02', '2021-01-21 09:31:02'),
(1934, 1, 'created', 'productlist', 226, '2021-01-21 09:31:42', '2021-01-21 09:31:42'),
(1935, 1, 'created', 'productlist', 227, '2021-01-21 09:32:37', '2021-01-21 09:32:37'),
(1936, 1, 'created', 'productlist', 228, '2021-01-21 09:33:10', '2021-01-21 09:33:10'),
(1937, 1, 'created', 'productlist', 229, '2021-01-21 09:33:48', '2021-01-21 09:33:48'),
(1938, 1, 'created', 'productlist', 230, '2021-01-21 09:34:25', '2021-01-21 09:34:25'),
(1939, 1, 'created', 'productlist', 231, '2021-01-21 09:35:22', '2021-01-21 09:35:22'),
(1940, 1, 'created', 'productlist', 232, '2021-01-21 09:36:03', '2021-01-21 09:36:03'),
(1941, 1, 'created', 'productlist', 233, '2021-01-21 09:37:28', '2021-01-21 09:37:28'),
(1942, 1, 'created', 'productlist', 234, '2021-01-21 09:38:27', '2021-01-21 09:38:27'),
(1943, 1, 'created', 'productlist', 235, '2021-01-21 09:39:18', '2021-01-21 09:39:18'),
(1944, 1, 'created', 'productlist', 236, '2021-01-21 09:40:04', '2021-01-21 09:40:04'),
(1945, 1, 'created', 'productcategories', 31, '2021-01-21 09:41:13', '2021-01-21 09:41:13'),
(1946, 1, 'created', 'productcategories', 32, '2021-01-21 09:42:57', '2021-01-21 09:42:57'),
(1947, 1, 'created', 'productcategories', 33, '2021-01-21 09:43:24', '2021-01-21 09:43:24'),
(1948, 1, 'created', 'productlist', 237, '2021-01-21 09:44:23', '2021-01-21 09:44:23'),
(1949, 1, 'created', 'productlist', 238, '2021-01-21 09:45:14', '2021-01-21 09:45:14'),
(1950, 1, 'created', 'productcategories', 34, '2021-01-21 09:46:00', '2021-01-21 09:46:00'),
(1951, 1, 'created', 'productlist', 239, '2021-01-21 09:46:56', '2021-01-21 09:46:56'),
(1952, 1, 'created', 'productlist', 240, '2021-01-21 09:48:09', '2021-01-21 09:48:09'),
(1953, 1, 'created', 'productlist', 241, '2021-01-21 09:48:55', '2021-01-21 09:48:55'),
(1954, 1, 'created', 'productlist', 242, '2021-01-21 09:49:34', '2021-01-21 09:49:34'),
(1955, 1, 'updated', 'productlist', 242, '2021-01-21 09:49:46', '2021-01-21 09:49:46'),
(1956, 7, 'created', 'transactions', 192, '2021-01-25 10:14:31', '2021-01-25 10:14:31'),
(1957, 7, 'created', 'transactions', 192, '2021-01-25 10:14:31', '2021-01-25 10:14:31'),
(1958, 7, 'created', 'transactions', 193, '2021-01-25 10:15:45', '2021-01-25 10:15:45'),
(1959, 7, 'created', 'transactions', 193, '2021-01-25 10:15:45', '2021-01-25 10:15:45'),
(1960, 7, 'created', 'transactions', 194, '2021-01-25 10:16:49', '2021-01-25 10:16:49'),
(1961, 7, 'created', 'transactions', 194, '2021-01-25 10:16:49', '2021-01-25 10:16:49'),
(1962, 7, 'created', 'transactions', 195, '2021-01-25 10:19:54', '2021-01-25 10:19:54'),
(1963, 7, 'created', 'transactions', 195, '2021-01-25 10:19:54', '2021-01-25 10:19:54'),
(1964, 7, 'created', 'transactions', 196, '2021-01-25 10:20:59', '2021-01-25 10:20:59'),
(1965, 7, 'created', 'transactions', 196, '2021-01-25 10:20:59', '2021-01-25 10:20:59'),
(1966, 7, 'created', 'transactions', 197, '2021-01-25 10:22:01', '2021-01-25 10:22:01'),
(1967, 7, 'created', 'transactions', 197, '2021-01-25 10:22:01', '2021-01-25 10:22:01'),
(1968, 7, 'created', 'transactions', 198, '2021-01-25 10:23:07', '2021-01-25 10:23:07'),
(1969, 7, 'created', 'transactions', 198, '2021-01-25 10:23:07', '2021-01-25 10:23:07'),
(1970, 7, 'created', 'transactions', 199, '2021-01-25 10:24:22', '2021-01-25 10:24:22'),
(1971, 7, 'created', 'transactions', 199, '2021-01-25 10:24:22', '2021-01-25 10:24:22'),
(1972, 7, 'created', 'transactions', 200, '2021-01-25 10:24:47', '2021-01-25 10:24:47'),
(1973, 7, 'created', 'transactions', 200, '2021-01-25 10:24:47', '2021-01-25 10:24:47'),
(1974, 7, 'created', 'transactions', 201, '2021-01-25 10:25:44', '2021-01-25 10:25:44'),
(1975, 7, 'created', 'transactions', 201, '2021-01-25 10:25:44', '2021-01-25 10:25:44'),
(1976, 7, 'created', 'transactions', 202, '2021-01-25 10:26:39', '2021-01-25 10:26:39'),
(1977, 7, 'created', 'transactions', 202, '2021-01-25 10:26:39', '2021-01-25 10:26:39'),
(1978, 7, 'created', 'transactions', 203, '2021-01-25 10:27:45', '2021-01-25 10:27:45'),
(1979, 7, 'created', 'transactions', 203, '2021-01-25 10:27:45', '2021-01-25 10:27:45'),
(1980, 7, 'created', 'transactions', 204, '2021-01-25 10:28:42', '2021-01-25 10:28:42'),
(1981, 7, 'created', 'transactions', 204, '2021-01-25 10:28:42', '2021-01-25 10:28:42'),
(1982, 7, 'created', 'transactions', 205, '2021-01-25 10:29:48', '2021-01-25 10:29:48'),
(1983, 7, 'created', 'transactions', 205, '2021-01-25 10:29:48', '2021-01-25 10:29:48'),
(1984, 7, 'created', 'transactions', 206, '2021-01-25 10:31:00', '2021-01-25 10:31:00'),
(1985, 7, 'created', 'transactions', 206, '2021-01-25 10:31:00', '2021-01-25 10:31:00'),
(1986, 7, 'created', 'transactions', 207, '2021-01-25 10:31:57', '2021-01-25 10:31:57'),
(1987, 7, 'created', 'transactions', 207, '2021-01-25 10:31:57', '2021-01-25 10:31:57'),
(1988, 7, 'created', 'transactions', 208, '2021-01-25 10:32:54', '2021-01-25 10:32:54'),
(1989, 7, 'created', 'transactions', 208, '2021-01-25 10:32:54', '2021-01-25 10:32:54'),
(1990, 7, 'created', 'transactions', 209, '2021-01-25 10:34:19', '2021-01-25 10:34:19'),
(1991, 7, 'created', 'transactions', 209, '2021-01-25 10:34:19', '2021-01-25 10:34:19'),
(1992, 7, 'created', 'transactions', 210, '2021-01-25 10:35:29', '2021-01-25 10:35:29'),
(1993, 7, 'created', 'transactions', 210, '2021-01-25 10:35:29', '2021-01-25 10:35:29'),
(1994, 7, 'created', 'transactions', 211, '2021-01-25 10:36:47', '2021-01-25 10:36:47'),
(1995, 7, 'created', 'transactions', 211, '2021-01-25 10:36:47', '2021-01-25 10:36:47'),
(1996, 7, 'created', 'transactions', 212, '2021-01-25 10:37:59', '2021-01-25 10:37:59'),
(1997, 7, 'created', 'transactions', 212, '2021-01-25 10:37:59', '2021-01-25 10:37:59'),
(1998, 7, 'created', 'transactions', 213, '2021-01-25 10:39:14', '2021-01-25 10:39:14'),
(1999, 7, 'created', 'transactions', 213, '2021-01-25 10:39:14', '2021-01-25 10:39:14'),
(2000, 7, 'created', 'transactions', 214, '2021-01-25 10:39:32', '2021-01-25 10:39:32'),
(2001, 7, 'created', 'transactions', 214, '2021-01-25 10:39:32', '2021-01-25 10:39:32'),
(2002, 7, 'updated', 'transactions', 214, '2021-01-25 10:40:00', '2021-01-25 10:40:00'),
(2003, 7, 'updated', 'transactions', 213, '2021-01-25 10:40:07', '2021-01-25 10:40:07'),
(2004, 7, 'updated', 'transactions', 212, '2021-01-25 10:40:19', '2021-01-25 10:40:19'),
(2005, 7, 'updated', 'transactions', 211, '2021-01-25 10:40:28', '2021-01-25 10:40:28'),
(2006, 7, 'updated', 'transactions', 210, '2021-01-25 10:40:38', '2021-01-25 10:40:38'),
(2007, 7, 'updated', 'transactions', 209, '2021-01-25 10:40:50', '2021-01-25 10:40:50'),
(2008, 7, 'updated', 'transactions', 208, '2021-01-25 10:41:02', '2021-01-25 10:41:02'),
(2009, 7, 'updated', 'transactions', 207, '2021-01-25 10:41:16', '2021-01-25 10:41:16'),
(2010, 7, 'updated', 'transactions', 206, '2021-01-25 10:41:31', '2021-01-25 10:41:31'),
(2011, 7, 'updated', 'transactions', 205, '2021-01-25 10:41:50', '2021-01-25 10:41:50'),
(2012, 7, 'updated', 'transactions', 204, '2021-01-25 10:42:22', '2021-01-25 10:42:22'),
(2013, 7, 'updated', 'transactions', 203, '2021-01-25 10:42:43', '2021-01-25 10:42:43'),
(2014, 7, 'updated', 'transactions', 202, '2021-01-25 10:42:57', '2021-01-25 10:42:57'),
(2015, 7, 'updated', 'transactions', 201, '2021-01-25 10:43:12', '2021-01-25 10:43:12'),
(2016, 7, 'updated', 'transactions', 200, '2021-01-25 10:43:24', '2021-01-25 10:43:24'),
(2017, 7, 'updated', 'transactions', 199, '2021-01-25 10:43:42', '2021-01-25 10:43:42'),
(2018, 7, 'updated', 'transactions', 198, '2021-01-25 10:43:54', '2021-01-25 10:43:54'),
(2019, 7, 'updated', 'transactions', 197, '2021-01-25 10:44:18', '2021-01-25 10:44:18'),
(2020, 7, 'updated', 'transactions', 196, '2021-01-25 10:44:32', '2021-01-25 10:44:32'),
(2021, 7, 'updated', 'transactions', 195, '2021-01-25 10:44:45', '2021-01-25 10:44:45'),
(2022, 7, 'updated', 'transactions', 194, '2021-01-25 10:45:05', '2021-01-25 10:45:05'),
(2023, 7, 'updated', 'transactions', 193, '2021-01-25 10:45:16', '2021-01-25 10:45:16'),
(2024, 7, 'updated', 'transactions', 192, '2021-01-25 10:45:29', '2021-01-25 10:45:29'),
(2025, 7, 'created', 'deliveries', 36, '2021-01-25 12:34:07', '2021-01-25 12:34:07'),
(2026, 7, 'created', 'deliveries', 36, '2021-01-25 12:34:07', '2021-01-25 12:34:07'),
(2027, 7, 'created', 'delivery_details', 161, '2021-01-25 12:34:07', '2021-01-25 12:34:07'),
(2028, 7, 'created', 'delivery_details', 162, '2021-01-25 12:34:07', '2021-01-25 12:34:07'),
(2029, 7, 'created', 'delivery_details', 163, '2021-01-25 12:34:07', '2021-01-25 12:34:07'),
(2030, 7, 'created', 'delivery_details', 164, '2021-01-25 12:34:07', '2021-01-25 12:34:07'),
(2031, 7, 'created', 'delivery_details', 165, '2021-01-25 12:34:07', '2021-01-25 12:34:07'),
(2032, 7, 'created', 'delivery_details', 166, '2021-01-25 12:34:07', '2021-01-25 12:34:07'),
(2033, 7, 'created', 'delivery_details', 167, '2021-01-25 12:34:07', '2021-01-25 12:34:07'),
(2034, 7, 'created', 'delivery_details', 168, '2021-01-25 12:34:07', '2021-01-25 12:34:07'),
(2035, 7, 'created', 'delivery_details', 169, '2021-01-25 12:34:07', '2021-01-25 12:34:07'),
(2036, 7, 'created', 'delivery_details', 170, '2021-01-25 12:34:07', '2021-01-25 12:34:07'),
(2037, 7, 'created', 'delivery_details', 171, '2021-01-25 12:34:07', '2021-01-25 12:34:07'),
(2038, 7, 'created', 'deliveries', 37, '2021-01-25 12:36:36', '2021-01-25 12:36:36'),
(2039, 7, 'created', 'deliveries', 37, '2021-01-25 12:36:36', '2021-01-25 12:36:36'),
(2040, 7, 'created', 'delivery_details', 172, '2021-01-25 12:36:36', '2021-01-25 12:36:36'),
(2041, 7, 'created', 'delivery_details', 173, '2021-01-25 12:36:36', '2021-01-25 12:36:36'),
(2042, 7, 'created', 'delivery_details', 174, '2021-01-25 12:36:36', '2021-01-25 12:36:36'),
(2043, 7, 'created', 'deliveries', 38, '2021-01-25 12:37:56', '2021-01-25 12:37:56'),
(2044, 7, 'created', 'deliveries', 38, '2021-01-25 12:37:56', '2021-01-25 12:37:56'),
(2045, 7, 'created', 'delivery_details', 175, '2021-01-25 12:37:56', '2021-01-25 12:37:56'),
(2046, 7, 'created', 'delivery_details', 176, '2021-01-25 12:37:56', '2021-01-25 12:37:56'),
(2047, 7, 'created', 'transactions', 215, '2021-01-29 09:28:30', '2021-01-29 09:28:30'),
(2048, 7, 'created', 'transactions', 215, '2021-01-29 09:28:30', '2021-01-29 09:28:30'),
(2049, 7, 'created', 'transactions', 216, '2021-01-29 09:29:29', '2021-01-29 09:29:29'),
(2050, 7, 'created', 'transactions', 216, '2021-01-29 09:29:29', '2021-01-29 09:29:29'),
(2051, 7, 'created', 'transactions', 217, '2021-01-29 09:30:19', '2021-01-29 09:30:19'),
(2052, 7, 'created', 'transactions', 217, '2021-01-29 09:30:19', '2021-01-29 09:30:19'),
(2053, 7, 'created', 'transactions', 218, '2021-01-29 09:31:02', '2021-01-29 09:31:02'),
(2054, 7, 'created', 'transactions', 218, '2021-01-29 09:31:02', '2021-01-29 09:31:02'),
(2055, 7, 'created', 'transactions', 219, '2021-01-29 09:32:08', '2021-01-29 09:32:08'),
(2056, 7, 'created', 'transactions', 219, '2021-01-29 09:32:08', '2021-01-29 09:32:08'),
(2057, 7, 'created', 'transactions', 220, '2021-01-29 09:33:19', '2021-01-29 09:33:19'),
(2058, 7, 'created', 'transactions', 220, '2021-01-29 09:33:19', '2021-01-29 09:33:19'),
(2059, 7, 'created', 'transactions', 221, '2021-01-29 09:34:15', '2021-01-29 09:34:15'),
(2060, 7, 'created', 'transactions', 221, '2021-01-29 09:34:15', '2021-01-29 09:34:15'),
(2061, 7, 'created', 'transactions', 222, '2021-01-29 09:35:09', '2021-01-29 09:35:09'),
(2062, 7, 'created', 'transactions', 222, '2021-01-29 09:35:09', '2021-01-29 09:35:09'),
(2063, 7, 'created', 'transactions', 223, '2021-01-29 09:36:11', '2021-01-29 09:36:11'),
(2064, 7, 'created', 'transactions', 223, '2021-01-29 09:36:11', '2021-01-29 09:36:11'),
(2065, 7, 'created', 'transactions', 224, '2021-01-29 09:38:30', '2021-01-29 09:38:30'),
(2066, 7, 'created', 'transactions', 224, '2021-01-29 09:38:30', '2021-01-29 09:38:30'),
(2067, 7, 'created', 'transactions', 225, '2021-01-29 09:39:31', '2021-01-29 09:39:31'),
(2068, 7, 'created', 'transactions', 225, '2021-01-29 09:39:31', '2021-01-29 09:39:31'),
(2069, 7, 'updated', 'transactions', 225, '2021-01-29 09:39:39', '2021-01-29 09:39:39'),
(2070, 7, 'updated', 'transactions', 224, '2021-01-29 09:39:47', '2021-01-29 09:39:47'),
(2071, 7, 'updated', 'transactions', 223, '2021-01-29 09:39:54', '2021-01-29 09:39:54'),
(2072, 7, 'updated', 'transactions', 222, '2021-01-29 09:40:02', '2021-01-29 09:40:02'),
(2073, 7, 'updated', 'transactions', 221, '2021-01-29 09:40:11', '2021-01-29 09:40:11'),
(2074, 7, 'updated', 'transactions', 220, '2021-01-29 09:40:19', '2021-01-29 09:40:19'),
(2075, 7, 'updated', 'transactions', 219, '2021-01-29 09:40:29', '2021-01-29 09:40:29'),
(2076, 7, 'updated', 'transactions', 218, '2021-01-29 09:40:37', '2021-01-29 09:40:37'),
(2077, 7, 'updated', 'transactions', 217, '2021-01-29 09:40:44', '2021-01-29 09:40:44'),
(2078, 7, 'updated', 'transactions', 216, '2021-01-29 09:40:53', '2021-01-29 09:40:53'),
(2079, 7, 'updated', 'transactions', 215, '2021-01-29 09:41:06', '2021-01-29 09:41:06'),
(2080, 7, 'created', 'transactions', 226, '2021-02-01 14:39:26', '2021-02-01 14:39:26'),
(2081, 7, 'created', 'transactions', 226, '2021-02-01 14:39:26', '2021-02-01 14:39:26'),
(2082, 7, 'created', 'transactions', 227, '2021-02-01 14:40:24', '2021-02-01 14:40:24'),
(2083, 7, 'created', 'transactions', 227, '2021-02-01 14:40:24', '2021-02-01 14:40:24'),
(2084, 7, 'created', 'transactions', 228, '2021-02-01 14:41:52', '2021-02-01 14:41:52'),
(2085, 7, 'created', 'transactions', 228, '2021-02-01 14:41:52', '2021-02-01 14:41:52'),
(2086, 7, 'created', 'transactions', 229, '2021-02-01 14:43:01', '2021-02-01 14:43:01'),
(2087, 7, 'created', 'transactions', 229, '2021-02-01 14:43:01', '2021-02-01 14:43:01'),
(2088, 7, 'created', 'transactions', 230, '2021-02-01 14:43:50', '2021-02-01 14:43:50'),
(2089, 7, 'created', 'transactions', 230, '2021-02-01 14:43:50', '2021-02-01 14:43:50'),
(2090, 7, 'created', 'transactions', 231, '2021-02-01 14:44:44', '2021-02-01 14:44:44'),
(2091, 7, 'created', 'transactions', 231, '2021-02-01 14:44:44', '2021-02-01 14:44:44'),
(2092, 7, 'created', 'transactions', 232, '2021-02-01 14:45:49', '2021-02-01 14:45:49'),
(2093, 7, 'created', 'transactions', 232, '2021-02-01 14:45:49', '2021-02-01 14:45:49'),
(2094, 7, 'created', 'transactions', 233, '2021-02-01 14:46:53', '2021-02-01 14:46:53'),
(2095, 7, 'created', 'transactions', 233, '2021-02-01 14:46:53', '2021-02-01 14:46:53'),
(2096, 7, 'created', 'transactions', 234, '2021-02-01 14:48:28', '2021-02-01 14:48:28'),
(2097, 7, 'created', 'transactions', 234, '2021-02-01 14:48:28', '2021-02-01 14:48:28'),
(2098, 7, 'created', 'transactions', 235, '2021-02-01 14:49:36', '2021-02-01 14:49:36'),
(2099, 7, 'created', 'transactions', 235, '2021-02-01 14:49:36', '2021-02-01 14:49:36'),
(2100, 7, 'created', 'transactions', 236, '2021-02-01 14:50:31', '2021-02-01 14:50:31'),
(2101, 7, 'created', 'transactions', 236, '2021-02-01 14:50:31', '2021-02-01 14:50:31'),
(2102, 7, 'updated', 'transactions', 236, '2021-02-01 14:50:49', '2021-02-01 14:50:49'),
(2103, 7, 'updated', 'transactions', 235, '2021-02-01 14:50:58', '2021-02-01 14:50:58'),
(2104, 7, 'updated', 'transactions', 234, '2021-02-01 14:51:06', '2021-02-01 14:51:06'),
(2105, 7, 'updated', 'transactions', 233, '2021-02-01 14:51:15', '2021-02-01 14:51:15'),
(2106, 7, 'updated', 'transactions', 232, '2021-02-01 14:51:29', '2021-02-01 14:51:29'),
(2107, 7, 'updated', 'transactions', 231, '2021-02-01 14:51:39', '2021-02-01 14:51:39'),
(2108, 7, 'updated', 'transactions', 230, '2021-02-01 14:51:47', '2021-02-01 14:51:47'),
(2109, 7, 'updated', 'transactions', 229, '2021-02-01 14:51:56', '2021-02-01 14:51:56'),
(2110, 7, 'updated', 'transactions', 228, '2021-02-01 14:52:04', '2021-02-01 14:52:04'),
(2111, 7, 'updated', 'transactions', 227, '2021-02-01 14:52:12', '2021-02-01 14:52:12'),
(2112, 7, 'updated', 'users', 7, '2021-02-01 14:55:16', '2021-02-01 14:55:16'),
(2113, 7, 'updated', 'users', 7, '2021-02-01 15:01:57', '2021-02-01 15:01:57'),
(2114, 7, 'updated', 'users', 7, '2021-02-01 15:11:49', '2021-02-01 15:11:49'),
(2115, 7, 'created', 'transactions', 237, '2021-02-03 12:05:23', '2021-02-03 12:05:23'),
(2116, 7, 'created', 'transactions', 237, '2021-02-03 12:05:23', '2021-02-03 12:05:23'),
(2117, 7, 'created', 'transactions', 238, '2021-02-03 12:06:16', '2021-02-03 12:06:16'),
(2118, 7, 'created', 'transactions', 238, '2021-02-03 12:06:16', '2021-02-03 12:06:16'),
(2119, 7, 'created', 'transactions', 239, '2021-02-03 12:07:49', '2021-02-03 12:07:49'),
(2120, 7, 'created', 'transactions', 239, '2021-02-03 12:07:49', '2021-02-03 12:07:49'),
(2121, 7, 'created', 'transactions', 240, '2021-02-03 12:08:29', '2021-02-03 12:08:29'),
(2122, 7, 'created', 'transactions', 240, '2021-02-03 12:08:29', '2021-02-03 12:08:29'),
(2123, 7, 'updated', 'transactions', 240, '2021-02-03 12:08:39', '2021-02-03 12:08:39'),
(2124, 7, 'updated', 'transactions', 239, '2021-02-03 12:08:45', '2021-02-03 12:08:45'),
(2125, 7, 'updated', 'transactions', 238, '2021-02-03 12:08:54', '2021-02-03 12:08:54'),
(2126, 7, 'updated', 'transactions', 237, '2021-02-03 12:09:02', '2021-02-03 12:09:02'),
(2127, 7, 'created', 'deliveries', 39, '2021-02-03 14:50:02', '2021-02-03 14:50:02'),
(2128, 7, 'created', 'deliveries', 39, '2021-02-03 14:50:02', '2021-02-03 14:50:02'),
(2129, 7, 'created', 'delivery_details', 177, '2021-02-03 14:50:02', '2021-02-03 14:50:02'),
(2130, 7, 'created', 'delivery_details', 178, '2021-02-03 14:50:02', '2021-02-03 14:50:02'),
(2131, 7, 'created', 'delivery_details', 179, '2021-02-03 14:50:02', '2021-02-03 14:50:02'),
(2132, 7, 'created', 'delivery_details', 180, '2021-02-03 14:50:02', '2021-02-03 14:50:02'),
(2133, 7, 'created', 'delivery_details', 181, '2021-02-03 14:50:02', '2021-02-03 14:50:02'),
(2134, 7, 'created', 'delivery_details', 182, '2021-02-03 14:50:02', '2021-02-03 14:50:02'),
(2135, 7, 'created', 'delivery_details', 183, '2021-02-03 14:50:02', '2021-02-03 14:50:02'),
(2136, 7, 'created', 'delivery_details', 184, '2021-02-03 14:50:02', '2021-02-03 14:50:02'),
(2137, 7, 'created', 'delivery_details', 185, '2021-02-03 14:50:02', '2021-02-03 14:50:02'),
(2138, 7, 'created', 'delivery_details', 186, '2021-02-03 14:50:02', '2021-02-03 14:50:02'),
(2139, 7, 'created', 'deliveries', 40, '2021-02-03 14:52:47', '2021-02-03 14:52:47'),
(2140, 7, 'created', 'deliveries', 40, '2021-02-03 14:52:47', '2021-02-03 14:52:47'),
(2141, 7, 'created', 'delivery_details', 187, '2021-02-03 14:52:47', '2021-02-03 14:52:47'),
(2142, 7, 'created', 'delivery_details', 188, '2021-02-03 14:52:47', '2021-02-03 14:52:47'),
(2143, 7, 'created', 'delivery_details', 189, '2021-02-03 14:52:47', '2021-02-03 14:52:47'),
(2144, 7, 'created', 'delivery_details', 190, '2021-02-03 14:52:47', '2021-02-03 14:52:47'),
(2145, 7, 'created', 'deliveries', 41, '2021-02-03 14:54:34', '2021-02-03 14:54:34'),
(2146, 7, 'created', 'deliveries', 41, '2021-02-03 14:54:34', '2021-02-03 14:54:34'),
(2147, 7, 'created', 'delivery_details', 191, '2021-02-03 14:54:34', '2021-02-03 14:54:34'),
(2148, 1, 'updated', 'deliveries', 36, '2021-02-03 15:00:53', '2021-02-03 15:00:53'),
(2149, 1, 'updated', 'delivery_details', 161, '2021-02-03 15:00:53', '2021-02-03 15:00:53'),
(2150, 1, 'updated', 'delivery_details', 162, '2021-02-03 15:00:53', '2021-02-03 15:00:53'),
(2151, 1, 'updated', 'delivery_details', 163, '2021-02-03 15:00:53', '2021-02-03 15:00:53'),
(2152, 1, 'updated', 'delivery_details', 164, '2021-02-03 15:00:53', '2021-02-03 15:00:53'),
(2153, 1, 'updated', 'delivery_details', 165, '2021-02-03 15:00:53', '2021-02-03 15:00:53'),
(2154, 1, 'updated', 'delivery_details', 166, '2021-02-03 15:00:53', '2021-02-03 15:00:53'),
(2155, 1, 'updated', 'delivery_details', 167, '2021-02-03 15:00:53', '2021-02-03 15:00:53'),
(2156, 1, 'updated', 'delivery_details', 168, '2021-02-03 15:00:53', '2021-02-03 15:00:53'),
(2157, 1, 'updated', 'delivery_details', 169, '2021-02-03 15:00:53', '2021-02-03 15:00:53'),
(2158, 1, 'updated', 'delivery_details', 170, '2021-02-03 15:00:53', '2021-02-03 15:00:53'),
(2159, 1, 'updated', 'delivery_details', 171, '2021-02-03 15:00:53', '2021-02-03 15:00:53'),
(2160, 1, 'updated', 'deliveries', 37, '2021-02-03 15:01:09', '2021-02-03 15:01:09'),
(2161, 1, 'updated', 'delivery_details', 172, '2021-02-03 15:01:09', '2021-02-03 15:01:09'),
(2162, 1, 'updated', 'delivery_details', 173, '2021-02-03 15:01:09', '2021-02-03 15:01:09'),
(2163, 1, 'updated', 'delivery_details', 174, '2021-02-03 15:01:09', '2021-02-03 15:01:09'),
(2164, 1, 'updated', 'deliveries', 38, '2021-02-03 15:01:26', '2021-02-03 15:01:26'),
(2165, 1, 'updated', 'delivery_details', 175, '2021-02-03 15:01:26', '2021-02-03 15:01:26'),
(2166, 1, 'updated', 'delivery_details', 176, '2021-02-03 15:01:26', '2021-02-03 15:01:26'),
(2167, 1, 'updated', 'deliveries', 39, '2021-02-03 15:01:42', '2021-02-03 15:01:42'),
(2168, 1, 'updated', 'delivery_details', 177, '2021-02-03 15:01:42', '2021-02-03 15:01:42'),
(2169, 1, 'updated', 'delivery_details', 178, '2021-02-03 15:01:42', '2021-02-03 15:01:42'),
(2170, 1, 'updated', 'delivery_details', 179, '2021-02-03 15:01:42', '2021-02-03 15:01:42'),
(2171, 1, 'updated', 'delivery_details', 180, '2021-02-03 15:01:42', '2021-02-03 15:01:42'),
(2172, 1, 'updated', 'delivery_details', 181, '2021-02-03 15:01:42', '2021-02-03 15:01:42'),
(2173, 1, 'updated', 'delivery_details', 182, '2021-02-03 15:01:42', '2021-02-03 15:01:42'),
(2174, 1, 'updated', 'delivery_details', 183, '2021-02-03 15:01:42', '2021-02-03 15:01:42'),
(2175, 1, 'updated', 'delivery_details', 184, '2021-02-03 15:01:42', '2021-02-03 15:01:42'),
(2176, 1, 'updated', 'delivery_details', 185, '2021-02-03 15:01:42', '2021-02-03 15:01:42'),
(2177, 1, 'updated', 'delivery_details', 186, '2021-02-03 15:01:42', '2021-02-03 15:01:42'),
(2178, 1, 'updated', 'deliveries', 40, '2021-02-03 15:01:51', '2021-02-03 15:01:51'),
(2179, 1, 'updated', 'delivery_details', 187, '2021-02-03 15:01:51', '2021-02-03 15:01:51'),
(2180, 1, 'updated', 'delivery_details', 188, '2021-02-03 15:01:51', '2021-02-03 15:01:51'),
(2181, 1, 'updated', 'delivery_details', 189, '2021-02-03 15:01:51', '2021-02-03 15:01:51'),
(2182, 1, 'updated', 'delivery_details', 190, '2021-02-03 15:01:51', '2021-02-03 15:01:51'),
(2183, 1, 'updated', 'deliveries', 41, '2021-02-03 15:02:00', '2021-02-03 15:02:00'),
(2184, 1, 'updated', 'delivery_details', 191, '2021-02-03 15:02:00', '2021-02-03 15:02:00'),
(2185, 1, 'created', 'approvers', 19, '2021-02-03 15:08:07', '2021-02-03 15:08:07'),
(2186, 1, 'created', 'approvers', 20, '2021-02-03 15:14:59', '2021-02-03 15:14:59'),
(2187, 1, 'created', 'approvers', 21, '2021-02-03 15:15:06', '2021-02-03 15:15:06'),
(2188, 7, 'created', 'receiving', 32, '2021-02-03 15:18:42', '2021-02-03 15:18:42'),
(2189, 7, 'created', 'receiving', 32, '2021-02-03 15:18:42', '2021-02-03 15:18:42'),
(2190, 7, 'created', 'receiving_details', 148, '2021-02-03 15:18:42', '2021-02-03 15:18:42'),
(2191, 7, 'updated', 'receiving', 32, '2021-02-03 15:18:58', '2021-02-03 15:18:58'),
(2192, 7, 'updated', 'deliveries', 41, '2021-02-03 15:18:58', '2021-02-03 15:18:58'),
(2193, 7, 'created', 'receiving', 33, '2021-02-03 15:19:16', '2021-02-03 15:19:16'),
(2194, 7, 'created', 'receiving', 33, '2021-02-03 15:19:16', '2021-02-03 15:19:16'),
(2195, 7, 'created', 'receiving_details', 149, '2021-02-03 15:19:16', '2021-02-03 15:19:16'),
(2196, 7, 'created', 'receiving_details', 150, '2021-02-03 15:19:16', '2021-02-03 15:19:16'),
(2197, 7, 'created', 'receiving_details', 151, '2021-02-03 15:19:16', '2021-02-03 15:19:16'),
(2198, 7, 'created', 'receiving_details', 152, '2021-02-03 15:19:16', '2021-02-03 15:19:16'),
(2199, 7, 'created', 'receiving', 34, '2021-02-03 15:19:31', '2021-02-03 15:19:31'),
(2200, 7, 'created', 'receiving', 34, '2021-02-03 15:19:31', '2021-02-03 15:19:31'),
(2201, 7, 'created', 'receiving_details', 153, '2021-02-03 15:19:31', '2021-02-03 15:19:31'),
(2202, 7, 'created', 'receiving_details', 154, '2021-02-03 15:19:31', '2021-02-03 15:19:31'),
(2203, 7, 'created', 'receiving_details', 155, '2021-02-03 15:19:31', '2021-02-03 15:19:31'),
(2204, 7, 'created', 'receiving_details', 156, '2021-02-03 15:19:31', '2021-02-03 15:19:31'),
(2205, 7, 'created', 'receiving_details', 157, '2021-02-03 15:19:31', '2021-02-03 15:19:31'),
(2206, 7, 'created', 'receiving_details', 158, '2021-02-03 15:19:31', '2021-02-03 15:19:31'),
(2207, 7, 'created', 'receiving_details', 159, '2021-02-03 15:19:31', '2021-02-03 15:19:31'),
(2208, 7, 'created', 'receiving_details', 160, '2021-02-03 15:19:31', '2021-02-03 15:19:31'),
(2209, 7, 'created', 'receiving_details', 161, '2021-02-03 15:19:31', '2021-02-03 15:19:31'),
(2210, 7, 'created', 'receiving_details', 162, '2021-02-03 15:19:31', '2021-02-03 15:19:31'),
(2211, 7, 'created', 'receiving', 35, '2021-02-03 15:19:55', '2021-02-03 15:19:55'),
(2212, 7, 'created', 'receiving', 35, '2021-02-03 15:19:55', '2021-02-03 15:19:55'),
(2213, 7, 'created', 'receiving_details', 163, '2021-02-03 15:19:55', '2021-02-03 15:19:55'),
(2214, 7, 'created', 'receiving_details', 164, '2021-02-03 15:19:55', '2021-02-03 15:19:55'),
(2215, 7, 'created', 'receiving', 36, '2021-02-03 15:20:08', '2021-02-03 15:20:08'),
(2216, 7, 'created', 'receiving', 36, '2021-02-03 15:20:08', '2021-02-03 15:20:08'),
(2217, 7, 'created', 'receiving_details', 165, '2021-02-03 15:20:08', '2021-02-03 15:20:08'),
(2218, 7, 'created', 'receiving_details', 166, '2021-02-03 15:20:08', '2021-02-03 15:20:08'),
(2219, 7, 'created', 'receiving', 37, '2021-02-03 15:20:19', '2021-02-03 15:20:19'),
(2220, 7, 'created', 'receiving', 37, '2021-02-03 15:20:19', '2021-02-03 15:20:19'),
(2221, 7, 'created', 'receiving_details', 167, '2021-02-03 15:20:19', '2021-02-03 15:20:19'),
(2222, 7, 'created', 'receiving_details', 168, '2021-02-03 15:20:19', '2021-02-03 15:20:19'),
(2223, 7, 'created', 'receiving_details', 169, '2021-02-03 15:20:19', '2021-02-03 15:20:19'),
(2224, 7, 'created', 'receiving', 38, '2021-02-03 15:20:40', '2021-02-03 15:20:40'),
(2225, 7, 'created', 'receiving', 38, '2021-02-03 15:20:40', '2021-02-03 15:20:40'),
(2226, 7, 'created', 'receiving_details', 170, '2021-02-03 15:20:40', '2021-02-03 15:20:40'),
(2227, 7, 'created', 'receiving_details', 171, '2021-02-03 15:20:40', '2021-02-03 15:20:40'),
(2228, 7, 'created', 'receiving_details', 172, '2021-02-03 15:20:40', '2021-02-03 15:20:40'),
(2229, 7, 'created', 'receiving_details', 173, '2021-02-03 15:20:40', '2021-02-03 15:20:40'),
(2230, 7, 'created', 'receiving_details', 174, '2021-02-03 15:20:40', '2021-02-03 15:20:40'),
(2231, 7, 'created', 'receiving_details', 175, '2021-02-03 15:20:40', '2021-02-03 15:20:40'),
(2232, 7, 'created', 'receiving_details', 176, '2021-02-03 15:20:40', '2021-02-03 15:20:40'),
(2233, 7, 'created', 'receiving_details', 177, '2021-02-03 15:20:40', '2021-02-03 15:20:40'),
(2234, 7, 'created', 'receiving_details', 178, '2021-02-03 15:20:40', '2021-02-03 15:20:40'),
(2235, 7, 'created', 'receiving_details', 179, '2021-02-03 15:20:40', '2021-02-03 15:20:40'),
(2236, 7, 'created', 'receiving_details', 180, '2021-02-03 15:20:40', '2021-02-03 15:20:40'),
(2237, 7, 'updated', 'receiving', 38, '2021-02-03 15:21:20', '2021-02-03 15:21:20'),
(2238, 7, 'updated', 'deliveries', 36, '2021-02-03 15:21:20', '2021-02-03 15:21:20'),
(2239, 7, 'updated', 'receiving', 37, '2021-02-03 15:21:28', '2021-02-03 15:21:28'),
(2240, 7, 'updated', 'deliveries', 37, '2021-02-03 15:21:28', '2021-02-03 15:21:28'),
(2241, 7, 'updated', 'receiving', 36, '2021-02-03 15:21:36', '2021-02-03 15:21:36'),
(2242, 7, 'updated', 'deliveries', 38, '2021-02-03 15:21:36', '2021-02-03 15:21:36'),
(2243, 7, 'updated', 'receiving', 35, '2021-02-03 15:21:43', '2021-02-03 15:21:43'),
(2244, 7, 'updated', 'deliveries', 38, '2021-02-03 15:21:43', '2021-02-03 15:21:43'),
(2245, 7, 'updated', 'receiving', 34, '2021-02-03 15:21:50', '2021-02-03 15:21:50'),
(2246, 7, 'updated', 'deliveries', 39, '2021-02-03 15:21:50', '2021-02-03 15:21:50'),
(2247, 7, 'updated', 'receiving', 33, '2021-02-03 15:21:59', '2021-02-03 15:21:59'),
(2248, 7, 'updated', 'deliveries', 40, '2021-02-03 15:21:59', '2021-02-03 15:21:59'),
(2249, 7, 'created', 'transactions', 241, '2021-02-05 15:08:45', '2021-02-05 15:08:45'),
(2250, 7, 'created', 'transactions', 241, '2021-02-05 15:08:45', '2021-02-05 15:08:45'),
(2251, 7, 'created', 'transactions', 242, '2021-02-05 15:09:45', '2021-02-05 15:09:45'),
(2252, 7, 'created', 'transactions', 242, '2021-02-05 15:09:45', '2021-02-05 15:09:45'),
(2253, 7, 'created', 'transactions', 243, '2021-02-05 15:10:56', '2021-02-05 15:10:56'),
(2254, 7, 'created', 'transactions', 243, '2021-02-05 15:10:56', '2021-02-05 15:10:56'),
(2255, 7, 'updated', 'transactions', 243, '2021-02-05 15:11:07', '2021-02-05 15:11:07'),
(2256, 7, 'updated', 'transactions', 242, '2021-02-05 15:11:14', '2021-02-05 15:11:14'),
(2257, 7, 'updated', 'transactions', 241, '2021-02-05 15:11:23', '2021-02-05 15:11:23'),
(2258, 7, 'created', 'transactions', 244, '2021-02-09 09:49:00', '2021-02-09 09:49:00'),
(2259, 7, 'created', 'transactions', 244, '2021-02-09 09:49:00', '2021-02-09 09:49:00'),
(2260, 7, 'created', 'transactions', 245, '2021-02-09 09:50:15', '2021-02-09 09:50:15'),
(2261, 7, 'created', 'transactions', 245, '2021-02-09 09:50:15', '2021-02-09 09:50:15'),
(2262, 7, 'created', 'transactions', 246, '2021-02-09 09:51:12', '2021-02-09 09:51:12'),
(2263, 7, 'created', 'transactions', 246, '2021-02-09 09:51:12', '2021-02-09 09:51:12'),
(2264, 7, 'created', 'transactions', 247, '2021-02-09 09:53:46', '2021-02-09 09:53:46'),
(2265, 7, 'created', 'transactions', 247, '2021-02-09 09:53:46', '2021-02-09 09:53:46'),
(2266, 7, 'created', 'transactions', 248, '2021-02-09 09:54:37', '2021-02-09 09:54:37'),
(2267, 7, 'created', 'transactions', 248, '2021-02-09 09:54:37', '2021-02-09 09:54:37'),
(2268, 7, 'created', 'transactions', 249, '2021-02-09 09:55:21', '2021-02-09 09:55:21'),
(2269, 7, 'created', 'transactions', 249, '2021-02-09 09:55:21', '2021-02-09 09:55:21'),
(2270, 7, 'created', 'transactions', 250, '2021-02-09 09:56:12', '2021-02-09 09:56:12'),
(2271, 7, 'created', 'transactions', 250, '2021-02-09 09:56:12', '2021-02-09 09:56:12'),
(2272, 7, 'created', 'transactions', 251, '2021-02-09 09:56:50', '2021-02-09 09:56:50'),
(2273, 7, 'created', 'transactions', 251, '2021-02-09 09:56:50', '2021-02-09 09:56:50'),
(2274, 7, 'created', 'transactions', 252, '2021-02-09 09:57:43', '2021-02-09 09:57:43'),
(2275, 7, 'created', 'transactions', 252, '2021-02-09 09:57:43', '2021-02-09 09:57:43'),
(2276, 7, 'updated', 'transactions', 244, '2021-02-09 09:57:56', '2021-02-09 09:57:56'),
(2277, 7, 'updated', 'transactions', 245, '2021-02-09 09:58:05', '2021-02-09 09:58:05'),
(2278, 7, 'updated', 'transactions', 246, '2021-02-09 09:58:15', '2021-02-09 09:58:15'),
(2279, 7, 'updated', 'transactions', 247, '2021-02-09 09:58:23', '2021-02-09 09:58:23'),
(2280, 7, 'updated', 'transactions', 248, '2021-02-09 09:58:30', '2021-02-09 09:58:30'),
(2281, 7, 'updated', 'transactions', 249, '2021-02-09 09:58:37', '2021-02-09 09:58:37'),
(2282, 7, 'updated', 'transactions', 250, '2021-02-09 09:58:46', '2021-02-09 09:58:46'),
(2283, 7, 'updated', 'transactions', 251, '2021-02-09 09:58:53', '2021-02-09 09:58:53'),
(2284, 7, 'updated', 'transactions', 252, '2021-02-09 09:59:00', '2021-02-09 09:59:00'),
(2285, 7, 'created', 'transactions', 253, '2021-02-16 12:20:23', '2021-02-16 12:20:23'),
(2286, 7, 'created', 'transactions', 253, '2021-02-16 12:20:23', '2021-02-16 12:20:23'),
(2287, 7, 'created', 'transactions', 254, '2021-02-16 12:23:41', '2021-02-16 12:23:41'),
(2288, 7, 'created', 'transactions', 254, '2021-02-16 12:23:41', '2021-02-16 12:23:41'),
(2289, 7, 'created', 'transactions', 255, '2021-02-16 12:24:14', '2021-02-16 12:24:14'),
(2290, 7, 'created', 'transactions', 255, '2021-02-16 12:24:14', '2021-02-16 12:24:14'),
(2291, 7, 'created', 'transactions', 256, '2021-02-16 12:26:14', '2021-02-16 12:26:14'),
(2292, 7, 'created', 'transactions', 256, '2021-02-16 12:26:14', '2021-02-16 12:26:14'),
(2293, 7, 'created', 'transactions', 257, '2021-02-16 12:27:22', '2021-02-16 12:27:22'),
(2294, 7, 'created', 'transactions', 257, '2021-02-16 12:27:22', '2021-02-16 12:27:22'),
(2295, 7, 'created', 'transactions', 258, '2021-02-16 12:28:45', '2021-02-16 12:28:45'),
(2296, 7, 'created', 'transactions', 258, '2021-02-16 12:28:45', '2021-02-16 12:28:45'),
(2297, 7, 'created', 'transactions', 259, '2021-02-16 12:30:33', '2021-02-16 12:30:33'),
(2298, 7, 'created', 'transactions', 259, '2021-02-16 12:30:33', '2021-02-16 12:30:33'),
(2299, 7, 'created', 'transactions', 260, '2021-02-16 12:30:50', '2021-02-16 12:30:50'),
(2300, 7, 'created', 'transactions', 260, '2021-02-16 12:30:50', '2021-02-16 12:30:50'),
(2301, 7, 'created', 'transactions', 261, '2021-02-16 12:32:14', '2021-02-16 12:32:14'),
(2302, 7, 'created', 'transactions', 261, '2021-02-16 12:32:14', '2021-02-16 12:32:14'),
(2303, 7, 'created', 'transactions', 262, '2021-02-16 12:32:58', '2021-02-16 12:32:58'),
(2304, 7, 'created', 'transactions', 262, '2021-02-16 12:32:58', '2021-02-16 12:32:58'),
(2305, 7, 'created', 'transactions', 263, '2021-02-16 12:33:30', '2021-02-16 12:33:30'),
(2306, 7, 'created', 'transactions', 263, '2021-02-16 12:33:30', '2021-02-16 12:33:30'),
(2307, 7, 'created', 'transactions', 264, '2021-02-16 12:37:39', '2021-02-16 12:37:39'),
(2308, 7, 'created', 'transactions', 264, '2021-02-16 12:37:39', '2021-02-16 12:37:39'),
(2309, 7, 'created', 'transactions', 265, '2021-02-16 12:37:55', '2021-02-16 12:37:55'),
(2310, 7, 'created', 'transactions', 265, '2021-02-16 12:37:55', '2021-02-16 12:37:55');
INSERT INTO `users_logs` (`id`, `user_id`, `action`, `action_model`, `action_id`, `created_at`, `updated_at`) VALUES
(2311, 7, 'created', 'transactions', 266, '2021-02-16 12:38:37', '2021-02-16 12:38:37'),
(2312, 7, 'created', 'transactions', 266, '2021-02-16 12:38:37', '2021-02-16 12:38:37'),
(2313, 7, 'created', 'transactions', 267, '2021-02-16 12:39:57', '2021-02-16 12:39:57'),
(2314, 7, 'created', 'transactions', 267, '2021-02-16 12:39:57', '2021-02-16 12:39:57'),
(2315, 7, 'created', 'transactions', 268, '2021-02-16 12:41:40', '2021-02-16 12:41:40'),
(2316, 7, 'created', 'transactions', 268, '2021-02-16 12:41:40', '2021-02-16 12:41:40'),
(2317, 7, 'created', 'transactions', 269, '2021-02-16 12:44:21', '2021-02-16 12:44:21'),
(2318, 7, 'created', 'transactions', 269, '2021-02-16 12:44:21', '2021-02-16 12:44:21'),
(2319, 7, 'updated', 'transactions', 269, '2021-02-16 13:00:30', '2021-02-16 13:00:30'),
(2320, 7, 'updated', 'transactions', 268, '2021-02-16 13:00:38', '2021-02-16 13:00:38'),
(2321, 7, 'updated', 'transactions', 267, '2021-02-16 13:00:46', '2021-02-16 13:00:46'),
(2322, 7, 'updated', 'transactions', 266, '2021-02-16 13:00:56', '2021-02-16 13:00:56'),
(2323, 7, 'updated', 'transactions', 265, '2021-02-16 13:01:03', '2021-02-16 13:01:03'),
(2324, 7, 'updated', 'transactions', 264, '2021-02-16 13:01:12', '2021-02-16 13:01:12'),
(2325, 7, 'updated', 'transactions', 263, '2021-02-16 13:01:25', '2021-02-16 13:01:25'),
(2326, 7, 'updated', 'transactions', 262, '2021-02-16 13:01:33', '2021-02-16 13:01:33'),
(2327, 7, 'updated', 'transactions', 261, '2021-02-16 13:01:40', '2021-02-16 13:01:40'),
(2328, 7, 'updated', 'transactions', 260, '2021-02-16 13:01:49', '2021-02-16 13:01:49'),
(2329, 7, 'updated', 'transactions', 259, '2021-02-16 13:01:59', '2021-02-16 13:01:59'),
(2330, 7, 'updated', 'transactions', 258, '2021-02-16 13:02:10', '2021-02-16 13:02:10'),
(2331, 7, 'updated', 'transactions', 256, '2021-02-16 13:02:21', '2021-02-16 13:02:21'),
(2332, 7, 'updated', 'transactions', 257, '2021-02-16 13:02:33', '2021-02-16 13:02:33'),
(2333, 7, 'updated', 'transactions', 255, '2021-02-16 13:02:45', '2021-02-16 13:02:45'),
(2334, 7, 'updated', 'transactions', 254, '2021-02-16 13:02:55', '2021-02-16 13:02:55'),
(2335, 7, 'updated', 'transactions', 253, '2021-02-16 13:03:23', '2021-02-16 13:03:23'),
(2336, 1, 'updated', 'users', 1, '2021-02-16 14:09:29', '2021-02-16 14:09:29'),
(2337, 1, 'updated', 'users', 1, '2021-02-21 20:05:17', '2021-02-21 20:05:17'),
(2338, 1, 'updated', 'users', 1, '2021-02-21 20:05:20', '2021-02-21 20:05:20'),
(2339, 1, 'updated', 'users', 1, '2021-05-03 05:16:05', '2021-05-03 05:16:05'),
(2340, 1, 'updated', 'users', 1, '2021-05-03 05:16:16', '2021-05-03 05:16:16'),
(2341, 1, 'created', 'replenishments', 2, '2021-05-03 05:23:09', '2021-05-03 05:23:09'),
(2342, 1, 'created', 'replenishments', 2, '2021-05-03 05:23:09', '2021-05-03 05:23:09'),
(2343, 1, 'created', 'replenishments_details', 3, '2021-05-03 05:23:09', '2021-05-03 05:23:09'),
(2344, 1, 'created', 'replenishments_details', 4, '2021-05-03 05:23:09', '2021-05-03 05:23:09'),
(2345, 1, 'updated', 'replenishments', 2, '2021-05-03 05:23:17', '2021-05-03 05:23:17'),
(2346, 1, 'created', 'replenishments_details', 5, '2021-05-03 05:23:17', '2021-05-03 05:23:17'),
(2347, 1, 'created', 'replenishments_details', 6, '2021-05-03 05:23:17', '2021-05-03 05:23:17'),
(2348, 1, 'created', 'replenishments', 3, '2021-05-03 05:23:42', '2021-05-03 05:23:42'),
(2349, 1, 'created', 'replenishments', 3, '2021-05-03 05:23:42', '2021-05-03 05:23:42'),
(2350, 1, 'created', 'replenishments_details', 7, '2021-05-03 05:23:42', '2021-05-03 05:23:42'),
(2351, 1, 'created', 'approvers', 22, '2021-05-03 05:25:10', '2021-05-03 05:25:10'),
(2352, 1, 'updated', 'replenishments', 2, '2021-05-03 05:25:59', '2021-05-03 05:25:59'),
(2353, 1, 'updated', 'replenishments_details', 5, '2021-05-03 05:25:59', '2021-05-03 05:25:59'),
(2354, 1, 'updated', 'replenishments_details', 6, '2021-05-03 05:25:59', '2021-05-03 05:25:59'),
(2355, 1, 'created', 'deliveries', 42, '2021-05-03 05:28:04', '2021-05-03 05:28:04'),
(2356, 1, 'created', 'deliveries', 42, '2021-05-03 05:28:04', '2021-05-03 05:28:04'),
(2357, 1, 'created', 'delivery_details', 192, '2021-05-03 05:28:04', '2021-05-03 05:28:04'),
(2358, 1, 'created', 'delivery_details', 193, '2021-05-03 05:28:04', '2021-05-03 05:28:04'),
(2359, 1, 'created', 'delivery_details', 194, '2021-05-03 05:28:04', '2021-05-03 05:28:04'),
(2360, 1, 'updated', 'deliveries', 42, '2021-05-03 05:28:32', '2021-05-03 05:28:32'),
(2361, 1, 'created', 'delivery_details', 195, '2021-05-03 05:28:32', '2021-05-03 05:28:32'),
(2362, 1, 'created', 'delivery_details', 196, '2021-05-03 05:28:32', '2021-05-03 05:28:32'),
(2363, 1, 'created', 'delivery_details', 197, '2021-05-03 05:28:32', '2021-05-03 05:28:32'),
(2364, 1, 'updated', 'deliveries', 42, '2021-05-03 05:30:38', '2021-05-03 05:30:38'),
(2365, 1, 'updated', 'delivery_details', 195, '2021-05-03 05:30:38', '2021-05-03 05:30:38'),
(2366, 1, 'updated', 'delivery_details', 196, '2021-05-03 05:30:38', '2021-05-03 05:30:38'),
(2367, 1, 'updated', 'delivery_details', 197, '2021-05-03 05:30:38', '2021-05-03 05:30:38'),
(2368, 1, 'created', 'receiving', 39, '2021-05-03 05:37:45', '2021-05-03 05:37:45'),
(2369, 1, 'created', 'receiving', 39, '2021-05-03 05:37:45', '2021-05-03 05:37:45'),
(2370, 1, 'created', 'receiving_details', 181, '2021-05-03 05:37:45', '2021-05-03 05:37:45'),
(2371, 1, 'created', 'receiving_details', 182, '2021-05-03 05:37:45', '2021-05-03 05:37:45'),
(2372, 1, 'created', 'receiving_details', 183, '2021-05-03 05:37:45', '2021-05-03 05:37:45'),
(2373, 1, 'updated', 'receiving', 39, '2021-05-03 05:38:53', '2021-05-03 05:38:53'),
(2374, 1, 'updated', 'receiving_details', 181, '2021-05-03 05:38:53', '2021-05-03 05:38:53'),
(2375, 1, 'updated', 'receiving_details', 182, '2021-05-03 05:38:53', '2021-05-03 05:38:53'),
(2376, 1, 'updated', 'receiving_details', 183, '2021-05-03 05:38:53', '2021-05-03 05:38:53'),
(2377, 1, 'updated', 'receiving', 39, '2021-05-03 05:39:01', '2021-05-03 05:39:01'),
(2378, 1, 'created', 'receiving', 40, '2021-05-03 05:39:42', '2021-05-03 05:39:42'),
(2379, 1, 'created', 'receiving', 40, '2021-05-03 05:39:42', '2021-05-03 05:39:42'),
(2380, 1, 'created', 'receiving_details', 184, '2021-05-03 05:39:42', '2021-05-03 05:39:42'),
(2381, 1, 'created', 'receiving_details', 185, '2021-05-03 05:39:42', '2021-05-03 05:39:42'),
(2382, 1, 'created', 'receiving_details', 186, '2021-05-03 05:39:42', '2021-05-03 05:39:42'),
(2383, 1, 'updated', 'receiving', 40, '2021-05-03 05:39:46', '2021-05-03 05:39:46'),
(2384, 1, 'created', 'inventoryadjustments', 18, '2021-05-03 05:53:39', '2021-05-03 05:53:39'),
(2385, 1, 'created', 'inventoryadjustments', 18, '2021-05-03 05:53:39', '2021-05-03 05:53:39'),
(2386, 1, 'created', 'discount_details', 1, '2021-05-03 06:09:12', '2021-05-03 06:09:12');

-- --------------------------------------------------------

--
-- Table structure for table `warehouselist`
--

CREATE TABLE `warehouselist` (
  `id` int(10) UNSIGNED NOT NULL,
  `name` varchar(191) COLLATE utf8mb4_unicode_ci NOT NULL,
  `short_name` varchar(191) COLLATE utf8mb4_unicode_ci NOT NULL,
  `address` text COLLATE utf8mb4_unicode_ci,
  `created_at` timestamp NULL DEFAULT NULL,
  `updated_at` timestamp NULL DEFAULT NULL,
  `deleted_at` timestamp NULL DEFAULT NULL,
  `contact_person` varchar(128) COLLATE utf8mb4_unicode_ci DEFAULT NULL,
  `status` int(11) DEFAULT NULL,
  `type` int(11) DEFAULT NULL
) ENGINE=InnoDB DEFAULT CHARSET=utf8mb4 COLLATE=utf8mb4_unicode_ci ROW_FORMAT=COMPACT;

--
-- Dumping data for table `warehouselist`
--

INSERT INTO `warehouselist` (`id`, `name`, `short_name`, `address`, `created_at`, `updated_at`, `deleted_at`, `contact_person`, `status`, `type`) VALUES
(1, 'DAPITAN WAREHOUSE', 'DAPITAN', '#95 Dapitan st. Quezon City', '2020-07-17 08:32:56', '2020-07-17 08:32:56', NULL, 'George De Ocampo', 1, 1),
(2, 'BALER WAREHOUSE', 'BALER', '# 57 JUDGE JUAN LUNA COR. BAYAYA ST. SAN ANTONIO, QUEZON CITY', '2020-07-17 09:30:00', '2020-07-17 09:30:00', NULL, 'ERNESTO BRIONES', 1, 1),
(3, 'AGNO WAREHOUSE', 'AGNO', '# 5 AGNO ST. BRGY DONA JOSEFA, QUEZON CITY', '2020-07-17 09:31:01', '2020-07-17 09:31:01', NULL, 'ANTON VALMORES', 1, 1),
(4, 'HOMEWORLD STA. MESA', 'HW-STA MESA', 'STA. MESA, MANILA', '2020-07-17 09:32:12', '2020-07-17 09:32:12', NULL, 'JEOFREY FORTES', 1, 2),
(5, 'HOMEWORLD MANILA', 'HW-MANILA', 'San Marcelino st. City; Manila. Submarket; San Marcelino Street.', '2020-07-17 10:01:47', '2020-07-17 10:01:47', NULL, 'ODYSSEUS TALION', 1, 2),
(6, 'HOMEWORLD SAN LAZARO', 'HW-SAN LAZARO', 'Felix Huertas cor. A.H. Lacson Street 1003, Santa Cruz, Manila', '2020-07-17 10:02:41', '2020-07-17 10:03:13', NULL, 'MARCOS URBI', 1, 2),
(7, 'HOMEWORLD CUBAO', 'HW-CUBAO', 'CUBAO, QUEZON CITY', '2020-07-17 10:10:10', '2020-07-17 10:10:10', NULL, 'JOHN LO BARRIOS', 1, 2),
(8, 'TOBYS SPORTS FLAGSHIP', 'TOBY\'S SPORTS', 'LEVEL 1 & 2 UNIT #SWLG 114-116 & SWHG 219-218\r\nBONIFACIO HIGH ST. CENTRAL BGC TAGUIG CITY', '2020-11-06 08:30:25', '2020-11-06 09:12:44', NULL, NULL, 1, 2),
(9, 'HOMEWORLD ESTANCIA PASIG', 'HW-ESTANCIA', 'Meralco Ave, Ortigas Center, Pasig, 1605 Metro Manila', '2020-11-10 08:59:36', '2020-11-13 08:45:50', NULL, 'JOHN LATIDO', 1, 2);

-- --------------------------------------------------------

--
-- Table structure for table `warehouse_personnel`
--

CREATE TABLE `warehouse_personnel` (
  `id` int(11) NOT NULL,
  `warehouse_id` int(11) DEFAULT NULL,
  `user_id` int(11) DEFAULT NULL,
  `insert_datetime` timestamp NULL DEFAULT CURRENT_TIMESTAMP
) ENGINE=InnoDB DEFAULT CHARSET=utf8 ROW_FORMAT=COMPACT;

--
-- Dumping data for table `warehouse_personnel`
--

INSERT INTO `warehouse_personnel` (`id`, `warehouse_id`, `user_id`, `insert_datetime`) VALUES
(1, 6, 2, '2020-09-03 02:30:52'),
(2, 5, 2, '2020-09-03 02:33:28'),
(3, 6, 3, '2020-09-11 08:52:32'),
(4, 6, 7, '2020-10-30 02:20:20'),
(5, 6, 1, '2020-10-30 03:47:54'),
(6, 9, 8, '2020-11-13 01:45:45'),
(7, 9, 7, '2020-11-13 01:45:47');

--
-- Indexes for dumped tables
--

--
-- Indexes for table `approvers`
--
ALTER TABLE `approvers`
  ADD PRIMARY KEY (`id`);

--
-- Indexes for table `deliveries`
--
ALTER TABLE `deliveries`
  ADD PRIMARY KEY (`id`);

--
-- Indexes for table `delivery_details`
--
ALTER TABLE `delivery_details`
  ADD PRIMARY KEY (`id`);

--
-- Indexes for table `discounts`
--
ALTER TABLE `discounts`
  ADD PRIMARY KEY (`id`);

--
-- Indexes for table `discount_details`
--
ALTER TABLE `discount_details`
  ADD PRIMARY KEY (`id`);

--
-- Indexes for table `inventoryadjustments`
--
ALTER TABLE `inventoryadjustments`
  ADD PRIMARY KEY (`id`);

--
-- Indexes for table `inventoryadjustment_details`
--
ALTER TABLE `inventoryadjustment_details`
  ADD PRIMARY KEY (`id`);

--
-- Indexes for table `menus`
--
ALTER TABLE `menus`
  ADD PRIMARY KEY (`id`);

--
-- Indexes for table `menu_role`
--
ALTER TABLE `menu_role`
  ADD UNIQUE KEY `menu_role_menu_id_role_id_unique` (`menu_id`,`role_id`) USING BTREE,
  ADD KEY `menu_role_menu_id_index` (`menu_id`) USING BTREE,
  ADD KEY `menu_role_role_id_index` (`role_id`) USING BTREE;

--
-- Indexes for table `migrations`
--
ALTER TABLE `migrations`
  ADD PRIMARY KEY (`id`);

--
-- Indexes for table `model_has_permissions`
--
ALTER TABLE `model_has_permissions`
  ADD PRIMARY KEY (`permission_id`,`model_id`,`model_type`),
  ADD KEY `model_has_permissions_model_id_model_type_index` (`model_id`,`model_type`) USING BTREE;

--
-- Indexes for table `model_has_roles`
--
ALTER TABLE `model_has_roles`
  ADD PRIMARY KEY (`role_id`,`model_id`,`model_type`),
  ADD KEY `model_has_roles_model_id_model_type_index` (`model_id`,`model_type`) USING BTREE;

--
-- Indexes for table `password_resets`
--
ALTER TABLE `password_resets`
  ADD KEY `password_resets_email_index` (`email`) USING BTREE;

--
-- Indexes for table `permissions`
--
ALTER TABLE `permissions`
  ADD PRIMARY KEY (`id`);

--
-- Indexes for table `productcategories`
--
ALTER TABLE `productcategories`
  ADD PRIMARY KEY (`id`);

--
-- Indexes for table `productinventory`
--
ALTER TABLE `productinventory`
  ADD PRIMARY KEY (`id`),
  ADD KEY `product_id` (`product_id`) USING BTREE,
  ADD KEY `warehouse_id` (`warehouse_id`) USING BTREE,
  ADD KEY `quantity` (`quantity`) USING BTREE,
  ADD KEY `reference` (`reference`) USING BTREE,
  ADD KEY `reference_id` (`reference_id`) USING BTREE,
  ADD KEY `type` (`type`) USING BTREE;

--
-- Indexes for table `productlist`
--
ALTER TABLE `productlist`
  ADD PRIMARY KEY (`id`);

--
-- Indexes for table `pullouts`
--
ALTER TABLE `pullouts`
  ADD PRIMARY KEY (`id`);

--
-- Indexes for table `pullouts_details`
--
ALTER TABLE `pullouts_details`
  ADD PRIMARY KEY (`id`);

--
-- Indexes for table `receiving`
--
ALTER TABLE `receiving`
  ADD PRIMARY KEY (`id`);

--
-- Indexes for table `receiving_details`
--
ALTER TABLE `receiving_details`
  ADD PRIMARY KEY (`id`);

--
-- Indexes for table `replenishments`
--
ALTER TABLE `replenishments`
  ADD PRIMARY KEY (`id`);

--
-- Indexes for table `replenishments_details`
--
ALTER TABLE `replenishments_details`
  ADD PRIMARY KEY (`id`);

--
-- Indexes for table `returns`
--
ALTER TABLE `returns`
  ADD PRIMARY KEY (`id`);

--
-- Indexes for table `returns_details`
--
ALTER TABLE `returns_details`
  ADD PRIMARY KEY (`id`);

--
-- Indexes for table `roles`
--
ALTER TABLE `roles`
  ADD PRIMARY KEY (`id`);

--
-- Indexes for table `role_has_permissions`
--
ALTER TABLE `role_has_permissions`
  ADD PRIMARY KEY (`permission_id`,`role_id`),
  ADD KEY `role_has_permissions_role_id_foreign` (`role_id`) USING BTREE;

--
-- Indexes for table `transactions`
--
ALTER TABLE `transactions`
  ADD PRIMARY KEY (`id`);

--
-- Indexes for table `users`
--
ALTER TABLE `users`
  ADD PRIMARY KEY (`id`),
  ADD UNIQUE KEY `users_email_unique` (`email`) USING BTREE;

--
-- Indexes for table `users_logs`
--
ALTER TABLE `users_logs`
  ADD PRIMARY KEY (`id`);

--
-- Indexes for table `warehouselist`
--
ALTER TABLE `warehouselist`
  ADD PRIMARY KEY (`id`);

--
-- Indexes for table `warehouse_personnel`
--
ALTER TABLE `warehouse_personnel`
  ADD PRIMARY KEY (`id`);

--
-- AUTO_INCREMENT for dumped tables
--

--
-- AUTO_INCREMENT for table `approvers`
--
ALTER TABLE `approvers`
  MODIFY `id` int(11) NOT NULL AUTO_INCREMENT, AUTO_INCREMENT=23;

--
-- AUTO_INCREMENT for table `deliveries`
--
ALTER TABLE `deliveries`
  MODIFY `id` int(10) UNSIGNED NOT NULL AUTO_INCREMENT, AUTO_INCREMENT=43;

--
-- AUTO_INCREMENT for table `delivery_details`
--
ALTER TABLE `delivery_details`
  MODIFY `id` int(11) NOT NULL AUTO_INCREMENT, AUTO_INCREMENT=198;

--
-- AUTO_INCREMENT for table `discounts`
--
ALTER TABLE `discounts`
  MODIFY `id` int(11) NOT NULL AUTO_INCREMENT, AUTO_INCREMENT=2;

--
-- AUTO_INCREMENT for table `discount_details`
--
ALTER TABLE `discount_details`
  MODIFY `id` int(11) NOT NULL AUTO_INCREMENT, AUTO_INCREMENT=2;

--
-- AUTO_INCREMENT for table `inventoryadjustments`
--
ALTER TABLE `inventoryadjustments`
  MODIFY `id` int(10) UNSIGNED NOT NULL AUTO_INCREMENT, AUTO_INCREMENT=19;

--
-- AUTO_INCREMENT for table `inventoryadjustment_details`
--
ALTER TABLE `inventoryadjustment_details`
  MODIFY `id` int(11) NOT NULL AUTO_INCREMENT, AUTO_INCREMENT=249;

--
-- AUTO_INCREMENT for table `menus`
--
ALTER TABLE `menus`
  MODIFY `id` int(10) UNSIGNED NOT NULL AUTO_INCREMENT, AUTO_INCREMENT=42;

--
-- AUTO_INCREMENT for table `migrations`
--
ALTER TABLE `migrations`
  MODIFY `id` int(10) UNSIGNED NOT NULL AUTO_INCREMENT, AUTO_INCREMENT=19;

--
-- AUTO_INCREMENT for table `permissions`
--
ALTER TABLE `permissions`
  MODIFY `id` int(10) UNSIGNED NOT NULL AUTO_INCREMENT;

--
-- AUTO_INCREMENT for table `productcategories`
--
ALTER TABLE `productcategories`
  MODIFY `id` int(10) UNSIGNED NOT NULL AUTO_INCREMENT, AUTO_INCREMENT=35;

--
-- AUTO_INCREMENT for table `productinventory`
--
ALTER TABLE `productinventory`
  MODIFY `id` int(11) NOT NULL AUTO_INCREMENT, AUTO_INCREMENT=869;

--
-- AUTO_INCREMENT for table `productlist`
--
ALTER TABLE `productlist`
  MODIFY `id` int(10) UNSIGNED NOT NULL AUTO_INCREMENT, AUTO_INCREMENT=243;

--
-- AUTO_INCREMENT for table `pullouts`
--
ALTER TABLE `pullouts`
  MODIFY `id` int(10) UNSIGNED NOT NULL AUTO_INCREMENT;

--
-- AUTO_INCREMENT for table `pullouts_details`
--
ALTER TABLE `pullouts_details`
  MODIFY `id` int(11) NOT NULL AUTO_INCREMENT;

--
-- AUTO_INCREMENT for table `receiving`
--
ALTER TABLE `receiving`
  MODIFY `id` int(10) UNSIGNED NOT NULL AUTO_INCREMENT, AUTO_INCREMENT=41;

--
-- AUTO_INCREMENT for table `receiving_details`
--
ALTER TABLE `receiving_details`
  MODIFY `id` int(11) NOT NULL AUTO_INCREMENT, AUTO_INCREMENT=187;

--
-- AUTO_INCREMENT for table `replenishments`
--
ALTER TABLE `replenishments`
  MODIFY `id` int(10) UNSIGNED NOT NULL AUTO_INCREMENT, AUTO_INCREMENT=4;

--
-- AUTO_INCREMENT for table `replenishments_details`
--
ALTER TABLE `replenishments_details`
  MODIFY `id` int(11) NOT NULL AUTO_INCREMENT, AUTO_INCREMENT=8;

--
-- AUTO_INCREMENT for table `returns`
--
ALTER TABLE `returns`
  MODIFY `id` int(11) NOT NULL AUTO_INCREMENT, AUTO_INCREMENT=6;

--
-- AUTO_INCREMENT for table `returns_details`
--
ALTER TABLE `returns_details`
  MODIFY `id` int(11) NOT NULL AUTO_INCREMENT, AUTO_INCREMENT=8;

--
-- AUTO_INCREMENT for table `roles`
--
ALTER TABLE `roles`
  MODIFY `id` int(10) UNSIGNED NOT NULL AUTO_INCREMENT, AUTO_INCREMENT=8;

--
-- AUTO_INCREMENT for table `transactions`
--
ALTER TABLE `transactions`
  MODIFY `id` int(11) NOT NULL AUTO_INCREMENT, AUTO_INCREMENT=270;

--
-- AUTO_INCREMENT for table `users`
--
ALTER TABLE `users`
  MODIFY `id` int(10) UNSIGNED NOT NULL AUTO_INCREMENT, AUTO_INCREMENT=9;

--
-- AUTO_INCREMENT for table `users_logs`
--
ALTER TABLE `users_logs`
  MODIFY `id` int(10) UNSIGNED NOT NULL AUTO_INCREMENT, AUTO_INCREMENT=2387;

--
-- AUTO_INCREMENT for table `warehouselist`
--
ALTER TABLE `warehouselist`
  MODIFY `id` int(10) UNSIGNED NOT NULL AUTO_INCREMENT, AUTO_INCREMENT=10;

--
-- AUTO_INCREMENT for table `warehouse_personnel`
--
ALTER TABLE `warehouse_personnel`
  MODIFY `id` int(11) NOT NULL AUTO_INCREMENT, AUTO_INCREMENT=8;

--
-- Constraints for dumped tables
--

--
-- Constraints for table `menu_role`
--
ALTER TABLE `menu_role`
  ADD CONSTRAINT `menu_role_menu_id_foreign` FOREIGN KEY (`menu_id`) REFERENCES `menus` (`id`) ON DELETE CASCADE,
  ADD CONSTRAINT `menu_role_role_id_foreign` FOREIGN KEY (`role_id`) REFERENCES `roles` (`id`) ON DELETE CASCADE;

--
-- Constraints for table `model_has_permissions`
--
ALTER TABLE `model_has_permissions`
  ADD CONSTRAINT `model_has_permissions_permission_id_foreign` FOREIGN KEY (`permission_id`) REFERENCES `permissions` (`id`) ON DELETE CASCADE;

--
-- Constraints for table `model_has_roles`
--
ALTER TABLE `model_has_roles`
  ADD CONSTRAINT `model_has_roles_role_id_foreign` FOREIGN KEY (`role_id`) REFERENCES `roles` (`id`) ON DELETE CASCADE;

--
-- Constraints for table `role_has_permissions`
--
ALTER TABLE `role_has_permissions`
  ADD CONSTRAINT `role_has_permissions_permission_id_foreign` FOREIGN KEY (`permission_id`) REFERENCES `permissions` (`id`) ON DELETE CASCADE,
  ADD CONSTRAINT `role_has_permissions_role_id_foreign` FOREIGN KEY (`role_id`) REFERENCES `roles` (`id`) ON DELETE CASCADE;
COMMIT;

/*!40101 SET CHARACTER_SET_CLIENT=@OLD_CHARACTER_SET_CLIENT */;
/*!40101 SET CHARACTER_SET_RESULTS=@OLD_CHARACTER_SET_RESULTS */;
/*!40101 SET COLLATION_CONNECTION=@OLD_COLLATION_CONNECTION */;
